peptide_id,core_sequence,patch_id,n_seeds,best_seed,mean_iptm,best_iptm,mean_interface_pae,best_interface_pae,mean_peptide_plddt,interface_contacts,pose_consistency_rmsd,patch_consistency_flag,cys_cys_geometry,complex_score,complex_score_pass,notes
Patch_A_L12_colabdesign_chunk_seed0000_n005_raw_0001,CYKDYTSVGIYC,Patch_A,1,1,0.3323,0.3323,29.421,29.421,48.58,32,not_computed,pass,fail,0.4183,False,aggregated_real_boltz_outputs
Patch_A_L12_colabdesign_chunk_seed0000_n005_raw_0002,CYHVTVTQDGYC,Patch_A,1,1,0.3546,0.3546,28.072,28.072,37.98,39,not_computed,pass,fail,0.4161,False,aggregated_real_boltz_outputs
Patch_A_L12_colabdesign_chunk_seed0000_n005_raw_0003,CYPGAEVHFHYC,Patch_A,1,1,0.3164,0.3164,29.66,29.66,33.12,32,not_computed,pass,fail,0.3798,False,aggregated_real_boltz_outputs
Patch_A_L12_colabdesign_chunk_seed0005_n005_raw_0001,CYYGDNKYIPIC,Patch_A,1,1,0.2462,0.2462,29.393,29.393,32.15,18,not_computed,fail,fail,0.3355,False,aggregated_real_boltz_outputs
Patch_A_L12_colabdesign_chunk_seed0005_n005_raw_0002,CHKNDKIYVYHC,Patch_A,1,1,0.3213,0.3213,28.738,28.738,35.41,31,not_computed,pass,pass,0.3938,False,aggregated_real_boltz_outputs
Patch_A_L12_colabdesign_chunk_seed0005_n005_raw_0004,CQYNGGGPVIIC,Patch_A,1,1,0.3549,0.3549,28.577,28.577,33.6,25,not_computed,pass,fail,0.4033,False,aggregated_real_boltz_outputs
Patch_A_L12_colabdesign_chunk_seed0005_n005_raw_0005,CYLWAGDKHYQC,Patch_A,1,1,0.4002,0.4002,27.932,27.932,34.8,31,not_computed,pass,fail,0.4269,False,aggregated_real_boltz_outputs
Patch_A_L12_colabdesign_chunk_seed0010_n005_raw_0001,CVYWRTDTQYYC,Patch_A,1,1,0.3898,0.3898,29.029,29.029,40.78,66,not_computed,pass,pass,0.4261,False,aggregated_real_boltz_outputs
Patch_A_L12_colabdesign_chunk_seed0010_n005_raw_0002,CYALYTDDGSYC,Patch_A,1,1,0.3422,0.3422,29.293,29.293,30.89,47,not_computed,pass,fail,0.3874,False,aggregated_real_boltz_outputs
Patch_A_L12_colabdesign_chunk_seed0010_n005_raw_0003,CINTDRVYYYQC,Patch_A,1,1,0.3607,0.3607,27.802,27.802,31.94,41,not_computed,pass,fail,0.4084,False,aggregated_real_boltz_outputs
Patch_A_L12_colabdesign_chunk_seed0010_n005_raw_0004,CIWIDDNHPFHC,Patch_A,1,1,0.4839,0.4839,26.211,26.211,39.65,25,not_computed,pass,pass,0.4802,False,aggregated_real_boltz_outputs
Patch_A_L12_colabdesign_chunk_seed0015_n005_raw_0001,CDAPPTVYIMRC,Patch_A,1,1,0.3993,0.3993,28.196,28.196,33.8,55,not_computed,pass,fail,0.4224,False,aggregated_real_boltz_outputs
Patch_A_L12_colabdesign_chunk_seed0015_n005_raw_0002,CFGPHTRHQVYC,Patch_A,1,1,0.3438,0.3438,29.081,29.081,35.51,40,not_computed,pass,fail,0.399,False,aggregated_real_boltz_outputs
Patch_A_L12_colabdesign_chunk_seed0015_n005_raw_0003,CAFYPSRYTQYC,Patch_A,1,1,0.4449,0.4449,27.324,27.324,34.68,45,not_computed,pass,fail,0.4474,False,aggregated_real_boltz_outputs
Patch_A_L12_colabdesign_chunk_seed0015_n005_raw_0004,CVWHYGNSVEYC,Patch_A,1,1,0.3094,0.3094,29.062,29.062,40.8,43,not_computed,pass,fail,0.3977,False,aggregated_real_boltz_outputs
Patch_A_L12_colabdesign_chunk_seed0015_n005_raw_0005,CYFHYFDGVPYC,Patch_A,1,1,0.2622,0.2622,30.035,30.035,37.82,24,not_computed,pass,fail,0.3674,False,aggregated_real_boltz_outputs
Patch_A_L12_colabdesign_chunk_seed0020_n005_raw_0002,CKVNDWTPIVYC,Patch_A,1,1,0.5684,0.5684,25.065,25.065,41.31,55,not_computed,pass,fail,0.5227,False,aggregated_real_boltz_outputs
Patch_A_L12_colabdesign_chunk_seed0020_n005_raw_0003,CYVHTDGSYPIC,Patch_A,1,1,0.3356,0.3356,29.203,29.203,37.75,29,not_computed,pass,pass,0.3996,False,aggregated_real_boltz_outputs
Patch_A_L12_colabdesign_chunk_seed0020_n005_raw_0004,CNKNNDIHVYAC,Patch_A,1,1,0.4456,0.4456,25.495,25.495,38.62,79,not_computed,pass,fail,0.4707,False,aggregated_real_boltz_outputs
Patch_A_L12_colabdesign_chunk_seed0020_n005_raw_0005,CYLLPYYANHDC,Patch_A,1,1,0.3748,0.3748,28.234,28.234,34.02,46,not_computed,pass,fail,0.4139,False,aggregated_real_boltz_outputs
Patch_A_L12_colabdesign_chunk_seed0025_n005_raw_0001,CWYLYRPSETGC,Patch_A,1,1,0.3867,0.3867,28.528,28.528,38.75,54,not_computed,pass,pass,0.4251,False,aggregated_real_boltz_outputs
Patch_A_L12_colabdesign_chunk_seed0025_n005_raw_0002,CYYTKYEGYKIC,Patch_A,1,1,0.1904,0.1904,29.134,29.134,31.14,41,not_computed,fail,pass,0.3361,False,aggregated_real_boltz_outputs
Patch_A_L12_colabdesign_chunk_seed0025_n005_raw_0003,CQYNEGGIVMYC,Patch_A,1,1,0.4052,0.4052,29.047,29.047,38.96,40,not_computed,pass,pass,0.4277,False,aggregated_real_boltz_outputs
Patch_A_L12_colabdesign_chunk_seed0025_n005_raw_0005,CQYYNPDRIYVC,Patch_A,1,1,0.284,0.284,29.605,29.605,32.23,65,not_computed,pass,pass,0.3672,False,aggregated_real_boltz_outputs
Patch_A_L12_colabdesign_chunk_seed0030_n005_raw_0003,CYYQNDNSIHVC,Patch_A,1,1,0.4923,0.4923,25.196,25.196,48.97,46,not_computed,pass,fail,0.5103,False,aggregated_real_boltz_outputs
Patch_A_L12_colabdesign_chunk_seed0030_n005_raw_0005,CIISDNPKAYYC,Patch_A,1,1,0.3917,0.3917,29.018,29.018,50.73,58,not_computed,pass,pass,0.4467,False,aggregated_real_boltz_outputs
Patch_A_L12_colabdesign_chunk_seed0035_n005_raw_0001,CDQYLYYGKYHC,Patch_A,1,1,0.2417,0.2417,29.231,29.231,33.84,65,not_computed,pass,fail,0.3587,False,aggregated_real_boltz_outputs
Patch_A_L12_colabdesign_chunk_seed0035_n005_raw_0002,CFYHRSPDNYIC,Patch_A,1,1,0.4149,0.4149,29.453,29.453,33.73,52,not_computed,pass,fail,0.4172,False,aggregated_real_boltz_outputs
Patch_A_L12_colabdesign_chunk_seed0035_n005_raw_0003,CWQSYRDGTVIC,Patch_A,1,1,0.4907,0.4907,26.169,26.169,52.43,31,not_computed,pass,pass,0.5085,False,aggregated_real_boltz_outputs
Patch_A_L12_colabdesign_chunk_seed0035_n005_raw_0004,CYTNQDQVYIYC,Patch_A,1,1,0.4947,0.4947,26.582,26.582,41.06,60,not_computed,pass,fail,0.4837,False,aggregated_real_boltz_outputs
Patch_A_L12_colabdesign_chunk_seed0035_n005_raw_0005,CYYLYKPEGVQC,Patch_A,1,1,0.3193,0.3193,28.866,28.866,34.0,36,not_computed,pass,fail,0.3892,False,aggregated_real_boltz_outputs
Patch_A_L12_colabdesign_chunk_seed0040_n005_raw_0001,CWLYVTSETNDC,Patch_A,1,1,0.333,0.333,28.1,28.1,37.15,43,not_computed,pass,fail,0.4067,False,aggregated_real_boltz_outputs
Patch_A_L12_colabdesign_chunk_seed0040_n005_raw_0003,CYNDRDFVYVHC,Patch_A,1,1,0.3445,0.3445,29.32,29.32,31.42,11,not_computed,pass,fail,0.2991,False,aggregated_real_boltz_outputs
Patch_A_L12_colabdesign_chunk_seed0040_n005_raw_0004,CYMKDNHQPIIC,Patch_A,1,1,0.2857,0.2857,29.137,29.137,41.34,37,not_computed,pass,fail,0.3899,False,aggregated_real_boltz_outputs
Patch_A_L12_colabdesign_chunk_seed0040_n005_raw_0005,CHYKLPTDGIWC,Patch_A,1,1,0.3255,0.3255,28.776,28.776,33.48,37,not_computed,pass,pass,0.3911,False,aggregated_real_boltz_outputs
Patch_A_L12_colabdesign_chunk_seed0045_n005_raw_0001,CYMWSLKPHEYC,Patch_A,1,1,0.4372,0.4372,27.209,27.209,31.75,42,not_computed,pass,fail,0.4398,False,aggregated_real_boltz_outputs
Patch_A_L12_colabdesign_chunk_seed0045_n005_raw_0002,CYFKDYNSIPVC,Patch_A,1,1,0.4638,0.4638,26.594,26.594,42.51,45,not_computed,pass,pass,0.4757,False,aggregated_real_boltz_outputs
Patch_A_L12_colabdesign_chunk_seed0045_n005_raw_0003,CEVTDGNVDPWC,Patch_A,1,1,0.3947,0.3947,28.165,28.165,42.41,36,not_computed,pass,fail,0.4383,False,aggregated_real_boltz_outputs
Patch_A_L12_colabdesign_chunk_seed0045_n005_raw_0005,CYYPGKAQLVYC,Patch_A,1,1,0.2708,0.2708,29.431,29.431,39.75,50,not_computed,pass,fail,0.379,False,aggregated_real_boltz_outputs
Patch_A_L12_colabdesign_chunk_seed0050_n005_raw_0002,CFKQGDKAYYFC,Patch_A,1,1,0.3087,0.3087,28.694,28.694,41.32,44,not_computed,pass,pass,0.4016,False,aggregated_real_boltz_outputs
Patch_A_L12_colabdesign_chunk_seed0050_n005_raw_0003,CFYPNNDVVQVC,Patch_A,1,1,0.2037,0.2037,29.952,29.952,34.6,17,not_computed,fail,fail,0.3109,False,aggregated_real_boltz_outputs
Patch_A_L12_colabdesign_chunk_seed0050_n005_raw_0004,CYTQSGEAVWYC,Patch_A,1,1,0.4163,0.4163,26.657,26.657,37.13,36,not_computed,pass,pass,0.4478,False,aggregated_real_boltz_outputs
Patch_A_L12_colabdesign_chunk_seed0050_n005_raw_0005,CTDGPIHHIYWC,Patch_A,1,1,0.3102,0.3102,29.401,29.401,38.97,40,not_computed,pass,fail,0.3915,False,aggregated_real_boltz_outputs
Patch_A_L12_colabdesign_chunk_seed0055_n005_raw_0001,CYQNPDYVIYTC,Patch_A,1,1,0.4475,0.4475,25.046,25.046,36.86,36,not_computed,fail,fail,0.4716,False,aggregated_real_boltz_outputs
Patch_A_L12_colabdesign_chunk_seed0055_n005_raw_0002,CYQDRTVLDYYC,Patch_A,1,1,0.2653,0.2653,29.075,29.075,39.37,28,not_computed,pass,fail,0.3793,False,aggregated_real_boltz_outputs
Patch_A_L12_colabdesign_chunk_seed0055_n005_raw_0003,CYYQQGQAPVYC,Patch_A,1,1,0.3317,0.3317,29.326,29.326,38.07,43,not_computed,pass,pass,0.3979,False,aggregated_real_boltz_outputs
Patch_A_L12_colabdesign_chunk_seed0055_n005_raw_0005,CYKGSQTVVQYC,Patch_A,1,1,0.4009,0.4009,28.035,28.035,35.22,30,not_computed,pass,fail,0.4271,False,aggregated_real_boltz_outputs
Patch_A_L12_colabdesign_chunk_seed0060_n005_raw_0001,CYKGPIVHYYQC,Patch_A,1,1,0.3399,0.3399,28.094,28.094,32.24,41,not_computed,pass,fail,0.3993,False,aggregated_real_boltz_outputs
Patch_A_L12_colabdesign_chunk_seed0060_n005_raw_0002,CPIFYINYKPGC,Patch_A,1,1,0.3301,0.3301,29.589,29.589,43.81,35,not_computed,pass,fail,0.4066,False,aggregated_real_boltz_outputs
Patch_A_L12_colabdesign_chunk_seed0060_n005_raw_0003,CYYYDDGWAIYC,Patch_A,1,1,0.4506,0.4506,25.314,25.314,42.0,36,not_computed,pass,fail,0.4808,False,aggregated_real_boltz_outputs
Patch_A_L12_colabdesign_chunk_seed0060_n005_raw_0004,CIYLRPDGKWPC,Patch_A,1,1,0.3371,0.3371,29.218,29.218,42.93,29,not_computed,pass,fail,0.4104,False,aggregated_real_boltz_outputs
Patch_A_L12_colabdesign_chunk_seed0060_n005_raw_0005,CWPRLSNDYQIC,Patch_A,1,1,0.349,0.349,29.028,29.028,33.04,62,not_computed,pass,fail,0.3963,False,aggregated_real_boltz_outputs
Patch_A_L12_colabdesign_chunk_seed0065_n005_raw_0001,CYYPNNAKNIIC,Patch_A,1,1,0.283,0.283,29.721,29.721,34.44,26,not_computed,pass,pass,0.3703,False,aggregated_real_boltz_outputs
Patch_A_L12_colabdesign_chunk_seed0065_n005_raw_0002,CITKAGPHWYQC,Patch_A,1,1,0.3416,0.3416,29.197,29.197,35.12,22,not_computed,pass,fail,0.3965,False,aggregated_real_boltz_outputs
Patch_A_L12_colabdesign_chunk_seed0065_n005_raw_0005,CIWHYKNPDYYC,Patch_A,1,1,0.3852,0.3852,26.921,26.921,38.27,28,not_computed,pass,fail,0.437,False,aggregated_real_boltz_outputs
Patch_A_L12_colabdesign_chunk_seed0070_n005_raw_0002,CALWPKTADHYC,Patch_A,1,1,0.3639,0.3639,28.874,28.874,38.99,59,not_computed,pass,fail,0.4147,False,aggregated_real_boltz_outputs
Patch_A_L12_colabdesign_chunk_seed0070_n005_raw_0003,CYFIHYKDGNTC,Patch_A,1,1,0.3285,0.3285,27.237,27.237,33.69,33,not_computed,pass,pass,0.4054,False,aggregated_real_boltz_outputs
Patch_A_L12_colabdesign_chunk_seed0070_n005_raw_0004,CYYIYSGERPWC,Patch_A,1,1,0.3783,0.3783,27.127,27.127,43.73,28,not_computed,pass,fail,0.4438,False,aggregated_real_boltz_outputs
Patch_A_L12_colabdesign_chunk_seed0070_n005_raw_0005,CPHYIDGKHVLC,Patch_A,1,1,0.4594,0.4594,25.977,25.977,38.68,27,not_computed,pass,pass,0.4717,False,aggregated_real_boltz_outputs
Patch_A_L12_colabdesign_chunk_seed0075_n005_raw_0001,CWHYLPRTYEMC,Patch_A,1,1,0.5096,0.5096,24.635,24.635,29.81,50,not_computed,pass,fail,0.4827,False,aggregated_real_boltz_outputs
Patch_A_L12_colabdesign_chunk_seed0075_n005_raw_0002,CDWPLYYYDGQC,Patch_A,1,1,0.3577,0.3577,29.247,29.247,44.39,30,not_computed,pass,fail,0.4203,False,aggregated_real_boltz_outputs
Patch_A_L12_colabdesign_chunk_seed0075_n005_raw_0003,CYAIKYEYTPHC,Patch_A,1,1,0.3284,0.3284,29.334,29.334,33.8,45,not_computed,pass,fail,0.3881,False,aggregated_real_boltz_outputs
Patch_A_L12_colabdesign_chunk_seed0075_n005_raw_0004,CYYDGNTPWALC,Patch_A,1,1,0.3623,0.3623,28.6,28.6,35.19,28,not_computed,pass,pass,0.4089,False,aggregated_real_boltz_outputs
Patch_A_L12_colabdesign_chunk_seed0075_n005_raw_0005,CTPGGDGYHIIC,Patch_A,1,1,0.3308,0.3308,28.46,28.46,39.95,38,not_computed,pass,fail,0.4085,False,aggregated_real_boltz_outputs
Patch_A_L12_colabdesign_chunk_seed0080_n005_raw_0001,CQDHPQYKFIYC,Patch_A,1,1,0.3992,0.3992,28.407,28.407,40.11,28,not_computed,pass,pass,0.4332,False,aggregated_real_boltz_outputs
Patch_A_L12_colabdesign_chunk_seed0080_n005_raw_0002,CYMHYAYYKYDC,Patch_A,1,1,0.3815,0.3815,28.961,28.961,45.56,43,not_computed,pass,fail,0.4333,False,aggregated_real_boltz_outputs
Patch_A_L12_colabdesign_chunk_seed0080_n005_raw_0004,CYQAWVTPNKIC,Patch_A,1,1,0.2666,0.2666,28.879,28.879,32.2,43,not_computed,pass,pass,0.3671,False,aggregated_real_boltz_outputs
Patch_A_L12_colabdesign_chunk_seed0085_n005_raw_0003,CYGKGAIIYQHC,Patch_A,1,1,0.3566,0.3566,28.069,28.069,30.81,36,not_computed,pass,fail,0.4025,False,aggregated_real_boltz_outputs
Patch_A_L12_colabdesign_chunk_seed0085_n005_raw_0004,CYRLPATYHYQC,Patch_A,1,1,0.4688,0.4688,27.479,27.479,40.26,49,not_computed,pass,fail,0.4656,False,aggregated_real_boltz_outputs
Patch_A_L12_colabdesign_chunk_seed0085_n005_raw_0005,CDVHYTGKYMLC,Patch_A,1,1,0.2254,0.2254,28.488,28.488,45.36,33,not_computed,fail,fail,0.3822,False,aggregated_real_boltz_outputs
Patch_A_L12_colabdesign_chunk_seed0090_n005_raw_0001,CYKNDVNVIHYC,Patch_A,1,1,0.3167,0.3167,28.636,28.636,44.62,41,not_computed,fail,fail,0.4115,False,aggregated_real_boltz_outputs
Patch_A_L12_colabdesign_chunk_seed0090_n005_raw_0003,CYKNDGAVQLYC,Patch_A,1,1,0.337,0.337,29.096,29.096,41.34,36,not_computed,pass,pass,0.4082,False,aggregated_real_boltz_outputs
Patch_A_L12_colabdesign_chunk_seed0090_n005_raw_0004,CHQDATYYIFPC,Patch_A,1,1,0.4719,0.4719,26.449,26.449,42.56,51,not_computed,pass,fail,0.4799,False,aggregated_real_boltz_outputs
Patch_A_L12_colabdesign_chunk_seed0090_n005_raw_0005,CFHWSKDGPYIC,Patch_A,1,1,0.3471,0.3471,28.506,28.506,38.49,28,not_computed,pass,fail,0.4109,False,aggregated_real_boltz_outputs
Patch_A_L12_colabdesign_chunk_seed0095_n005_raw_0001,CYYHVKRTDFQC,Patch_A,1,1,0.3962,0.3962,28.536,28.536,51.76,47,not_computed,pass,fail,0.4544,False,aggregated_real_boltz_outputs
Patch_A_L12_colabdesign_chunk_seed0095_n005_raw_0002,CQYRLNPSPIVC,Patch_A,1,1,0.3582,0.3582,28.924,28.924,40.66,43,not_computed,pass,fail,0.4157,False,aggregated_real_boltz_outputs
Patch_A_L12_colabdesign_chunk_seed0095_n005_raw_0003,CYYHTYEVYEQC,Patch_A,1,1,0.3214,0.3214,29.238,29.238,35.69,40,not_computed,pass,fail,0.3902,False,aggregated_real_boltz_outputs
Patch_A_L12_colabdesign_chunk_seed0095_n005_raw_0005,CAVVGTDHYYYC,Patch_A,1,1,0.5039,0.5039,27.804,27.804,41.08,48,not_computed,pass,fail,0.4768,False,aggregated_real_boltz_outputs
Patch_A_L14_colabdesign_chunk_seed0000_n005_raw_0003,CPPEHYEYVRVMYC,Patch_A,1,1,0.3265,0.3265,28.539,28.539,32.88,71,not_computed,pass,fail,0.3922,False,aggregated_real_boltz_outputs
Patch_A_L14_colabdesign_chunk_seed0000_n005_raw_0004,CEPTEDGRHYWGFC,Patch_A,1,1,0.7592,0.7592,21.502,21.502,41.19,77,not_computed,pass,fail,0.6189,False,aggregated_real_boltz_outputs
Patch_A_L14_colabdesign_chunk_seed0000_n005_raw_0005,CIRMYPDNNPNVYC,Patch_A,1,1,0.3502,0.3502,28.859,28.859,34.53,99,not_computed,pass,pass,0.4011,False,aggregated_real_boltz_outputs
Patch_A_L14_colabdesign_chunk_seed0005_n005_raw_0001,CHIYRWSDGTQYYC,Patch_A,1,1,0.3991,0.3991,29.389,29.389,60.96,36,not_computed,pass,fail,0.4667,False,aggregated_real_boltz_outputs
Patch_A_L14_colabdesign_chunk_seed0005_n005_raw_0003,CKNNEAPPMHLYIC,Patch_A,1,1,0.3411,0.3411,29.29,29.29,33.47,54,not_computed,pass,pass,0.3922,False,aggregated_real_boltz_outputs
Patch_A_L14_colabdesign_chunk_seed0005_n005_raw_0004,CYKPGNQYTYVYFC,Patch_A,1,1,0.2858,0.2858,29.43,29.43,43.05,33,not_computed,pass,fail,0.3909,False,aggregated_real_boltz_outputs
Patch_A_L14_colabdesign_chunk_seed0005_n005_raw_0005,CQKHDEQYLYHYYC,Patch_A,1,1,0.3559,0.3559,29.182,29.182,34.32,33,not_computed,pass,fail,0.4,False,aggregated_real_boltz_outputs
Patch_A_L14_colabdesign_chunk_seed0010_n005_raw_0001,CGEYLIYRKTGPPC,Patch_A,1,1,0.3957,0.3957,28.395,28.395,37.04,35,not_computed,pass,fail,0.4259,False,aggregated_real_boltz_outputs
Patch_A_L14_colabdesign_chunk_seed0010_n005_raw_0002,CPQNAPDYHVIWVC,Patch_A,1,1,0.533,0.533,27.824,27.824,38.18,68,not_computed,pass,fail,0.481,False,aggregated_real_boltz_outputs
Patch_A_L14_colabdesign_chunk_seed0010_n005_raw_0003,CYYKPGGDAYQFVC,Patch_A,1,1,0.415,0.415,28.485,28.485,47.14,49,not_computed,pass,pass,0.4522,False,aggregated_real_boltz_outputs
Patch_A_L14_colabdesign_chunk_seed0010_n005_raw_0005,CIMRTGDGDLWYPC,Patch_A,1,1,0.3478,0.3478,28.76,28.76,50.54,32,not_computed,pass,fail,0.4331,False,aggregated_real_boltz_outputs
Patch_A_L14_colabdesign_chunk_seed0015_n005_raw_0001,CYKNQNYDYVIPIC,Patch_A,1,1,0.2365,0.2365,29.871,29.871,36.84,53,not_computed,fail,fail,0.3575,False,aggregated_real_boltz_outputs
Patch_A_L14_colabdesign_chunk_seed0015_n005_raw_0002,CVYYPTQGNAKIYC,Patch_A,1,1,0.2477,0.2477,29.563,29.563,40.78,66,not_computed,pass,fail,0.3719,False,aggregated_real_boltz_outputs
Patch_A_L14_colabdesign_chunk_seed0015_n005_raw_0004,CIWHQYVPGDNSVC,Patch_A,1,1,0.3349,0.3349,29.588,29.588,35.26,65,not_computed,pass,fail,0.3912,False,aggregated_real_boltz_outputs
Patch_A_L14_colabdesign_chunk_seed0015_n005_raw_0005,CQYIFPPYFDGRYC,Patch_A,1,1,0.2668,0.2668,29.412,29.412,33.96,54,not_computed,pass,pass,0.3662,False,aggregated_real_boltz_outputs
Patch_A_L14_colabdesign_chunk_seed0020_n005_raw_0001,CQYHYSEYSPIRWC,Patch_A,1,1,0.3434,0.3434,28.867,28.867,46.23,59,not_computed,pass,pass,0.4221,False,aggregated_real_boltz_outputs
Patch_A_L14_colabdesign_chunk_seed0020_n005_raw_0002,CTPGYYIQMPYHDC,Patch_A,1,1,0.2758,0.2758,29.704,29.704,39.59,23,not_computed,pass,fail,0.3782,False,aggregated_real_boltz_outputs
Patch_A_L14_colabdesign_chunk_seed0020_n005_raw_0003,CIYEESNEYYWYQC,Patch_A,1,1,0.3208,0.3208,29.387,29.387,39.98,25,not_computed,pass,fail,0.3973,False,aggregated_real_boltz_outputs
Patch_A_L14_colabdesign_chunk_seed0020_n005_raw_0004,CYFYYRPDNDHHLC,Patch_A,1,1,0.5537,0.5537,28.231,28.231,39.33,51,not_computed,pass,pass,0.4872,False,aggregated_real_boltz_outputs
Patch_A_L14_colabdesign_chunk_seed0020_n005_raw_0005,CIYYYQYKGGKQYC,Patch_A,1,1,0.3909,0.3909,28.598,28.598,61.52,30,not_computed,pass,pass,0.4715,False,aggregated_real_boltz_outputs
Patch_A_L14_colabdesign_chunk_seed0025_n005_raw_0001,CIYSTGNDYKVHTC,Patch_A,1,1,0.2538,0.2538,28.862,28.862,31.14,44,not_computed,fail,fail,0.3606,False,aggregated_real_boltz_outputs
Patch_A_L14_colabdesign_chunk_seed0025_n005_raw_0002,CYWEVVRYSGEGTC,Patch_A,1,1,0.2647,0.2647,29.5,29.5,41.87,36,not_computed,pass,pass,0.3806,False,aggregated_real_boltz_outputs
Patch_A_L14_colabdesign_chunk_seed0025_n005_raw_0003,CYIYMKTEETHYPC,Patch_A,1,1,0.2534,0.2534,29.786,29.786,34.01,34,not_computed,fail,fail,0.3585,False,aggregated_real_boltz_outputs
Patch_A_L14_colabdesign_chunk_seed0025_n005_raw_0005,CYYYHEGDGTYYLC,Patch_A,1,1,0.3635,0.3635,28.98,28.98,44.44,51,not_computed,pass,fail,0.4246,False,aggregated_real_boltz_outputs
Patch_A_L14_colabdesign_chunk_seed0030_n005_raw_0001,CHYIIWKSEPGSQC,Patch_A,1,1,0.3421,0.3421,29.31,29.31,38.09,63,not_computed,pass,pass,0.4017,False,aggregated_real_boltz_outputs
Patch_A_L14_colabdesign_chunk_seed0030_n005_raw_0002,CHYRYVWGDHPFLC,Patch_A,1,1,0.363,0.363,28.422,28.422,38.06,44,not_computed,pass,fail,0.4163,False,aggregated_real_boltz_outputs
Patch_A_L14_colabdesign_chunk_seed0030_n005_raw_0003,CAIGYHYVVDDSYC,Patch_A,1,1,0.4904,0.4904,27.808,27.808,42.82,56,not_computed,pass,fail,0.4755,False,aggregated_real_boltz_outputs
Patch_A_L14_colabdesign_chunk_seed0030_n005_raw_0004,CVYGMYFYHEDNYC,Patch_A,1,1,0.2631,0.2631,29.285,29.285,32.56,64,not_computed,pass,fail,0.3632,False,aggregated_real_boltz_outputs
Patch_A_L14_colabdesign_chunk_seed0035_n005_raw_0001,CYKGGDVQAHVYHC,Patch_A,1,1,0.327,0.327,28.617,28.617,37.82,46,not_computed,pass,fail,0.4016,False,aggregated_real_boltz_outputs
Patch_A_L14_colabdesign_chunk_seed0035_n005_raw_0002,CIYRLHTPSPDGQC,Patch_A,1,1,0.2361,0.2361,29.774,29.774,33.54,42,not_computed,pass,fail,0.3516,False,aggregated_real_boltz_outputs
Patch_A_L14_colabdesign_chunk_seed0035_n005_raw_0003,CIFPRYFHKDHTTC,Patch_A,1,1,0.427,0.427,27.165,27.165,35.38,33,not_computed,pass,fail,0.4438,False,aggregated_real_boltz_outputs
Patch_A_L14_colabdesign_chunk_seed0035_n005_raw_0004,CYYGFAYVELDYPC,Patch_A,1,1,0.2508,0.2508,29.57,29.57,32.3,54,not_computed,fail,fail,0.356,False,aggregated_real_boltz_outputs
Patch_A_L14_colabdesign_chunk_seed0040_n005_raw_0001,CQDYYVGYYYQGGC,Patch_A,1,1,0.1566,0.1566,29.703,29.703,37.78,30,not_computed,fail,fail,0.3328,False,aggregated_real_boltz_outputs
Patch_A_L14_colabdesign_chunk_seed0040_n005_raw_0003,CYYDYYITWETGDC,Patch_A,1,1,0.3516,0.3516,28.728,28.728,40.01,41,not_computed,pass,fail,0.4137,False,aggregated_real_boltz_outputs
Patch_A_L14_colabdesign_chunk_seed0040_n005_raw_0004,CPEVGYQNSVRMYC,Patch_A,1,1,0.2785,0.2785,29.574,29.574,36.5,29,not_computed,pass,fail,0.374,False,aggregated_real_boltz_outputs
Patch_A_L14_colabdesign_chunk_seed0045_n005_raw_0001,CEQRAANYYYSDEC,Patch_A,1,1,0.3109,0.3109,29.479,29.479,32.74,36,not_computed,pass,fail,0.3786,False,aggregated_real_boltz_outputs
Patch_A_L14_colabdesign_chunk_seed0045_n005_raw_0002,CDYHLYVSYQGNQC,Patch_A,1,1,0.2005,0.2005,29.347,29.347,38.98,26,not_computed,fail,pass,0.3536,False,aggregated_real_boltz_outputs
Patch_A_L14_colabdesign_chunk_seed0045_n005_raw_0003,CYYKANGQDSTVIC,Patch_A,1,1,0.359,0.359,29.033,29.033,48.19,32,not_computed,pass,fail,0.4301,False,aggregated_real_boltz_outputs
Patch_A_L14_colabdesign_chunk_seed0045_n005_raw_0005,CHPIHYDYNVELYC,Patch_A,1,1,0.368,0.368,28.553,28.553,43.42,32,not_computed,pass,fail,0.4277,False,aggregated_real_boltz_outputs
Patch_A_L14_colabdesign_chunk_seed0050_n005_raw_0001,CHYRPGHDYQVYVC,Patch_A,1,1,0.4642,0.4642,27.637,27.637,59.66,35,not_computed,pass,fail,0.5015,False,aggregated_real_boltz_outputs
Patch_A_L14_colabdesign_chunk_seed0050_n005_raw_0002,CIIHYYSHPNGNDC,Patch_A,1,1,0.4755,0.4755,27.233,27.233,45.53,81,not_computed,pass,fail,0.4805,False,aggregated_real_boltz_outputs
Patch_A_L14_colabdesign_chunk_seed0050_n005_raw_0003,CIPIYWNSNGEKYC,Patch_A,1,1,0.3486,0.3486,28.129,28.129,49.1,35,not_computed,pass,fail,0.4358,False,aggregated_real_boltz_outputs
Patch_A_L14_colabdesign_chunk_seed0050_n005_raw_0005,CYYGGVVYPDKQIC,Patch_A,1,1,0.2965,0.2965,28.53,28.53,39.41,31,not_computed,fail,fail,0.3948,False,aggregated_real_boltz_outputs
Patch_A_L14_colabdesign_chunk_seed0055_n005_raw_0001,CHQEEHPRIVHYMC,Patch_A,1,1,0.3154,0.3154,29.687,29.687,32.6,31,not_computed,pass,fail,0.3782,False,aggregated_real_boltz_outputs
Patch_A_L14_colabdesign_chunk_seed0055_n005_raw_0002,CYYDSDYYKYVQYC,Patch_A,1,1,0.277,0.277,30.003,30.003,33.54,34,not_computed,pass,fail,0.364,False,aggregated_real_boltz_outputs
Patch_A_L14_colabdesign_chunk_seed0055_n005_raw_0003,CYYYKPSGTVVEFC,Patch_A,1,1,0.3926,0.3926,28.237,28.237,43.11,52,not_computed,pass,pass,0.4383,False,aggregated_real_boltz_outputs
Patch_A_L14_colabdesign_chunk_seed0060_n005_raw_0001,CQDTYYYVSYDGTC,Patch_A,1,1,0.2546,0.2546,29.964,29.964,33.75,28,not_computed,pass,pass,0.3569,False,aggregated_real_boltz_outputs
Patch_A_L14_colabdesign_chunk_seed0060_n005_raw_0004,CFYKQYYGPQIYHC,Patch_A,1,1,0.409,0.409,28.762,28.762,35.42,24,not_computed,pass,fail,0.4243,False,aggregated_real_boltz_outputs
Patch_A_L14_colabdesign_chunk_seed0060_n005_raw_0005,CYVRQDGDLPGFTC,Patch_A,1,1,0.316,0.316,29.001,29.001,33.67,51,not_computed,pass,fail,0.3863,False,aggregated_real_boltz_outputs
Patch_A_L14_colabdesign_chunk_seed0065_n005_raw_0001,CYKPNPVYISDYIC,Patch_A,1,1,0.4999,0.4999,27.067,27.067,41.1,58,not_computed,pass,fail,0.4816,False,aggregated_real_boltz_outputs
Patch_A_L14_colabdesign_chunk_seed0065_n005_raw_0002,CVHLTYEPGKYYHC,Patch_A,1,1,0.2388,0.2388,29.728,29.728,39.13,51,not_computed,fail,fail,0.3641,False,aggregated_real_boltz_outputs
Patch_A_L14_colabdesign_chunk_seed0065_n005_raw_0003,CYYPKGNDYVILDC,Patch_A,1,1,0.2974,0.2974,29.437,29.437,46.43,53,not_computed,pass,pass,0.4016,False,aggregated_real_boltz_outputs
Patch_A_L14_colabdesign_chunk_seed0065_n005_raw_0004,CMHVYYRYQNPPDC,Patch_A,1,1,0.2684,0.2684,29.315,29.315,32.81,62,not_computed,pass,fail,0.3653,False,aggregated_real_boltz_outputs
Patch_A_L14_colabdesign_chunk_seed0070_n005_raw_0001,CWPYYSENGKVAIC,Patch_A,1,1,0.3294,0.3294,29.671,29.671,40.05,20,not_computed,pass,fail,0.3981,False,aggregated_real_boltz_outputs
Patch_A_L14_colabdesign_chunk_seed0070_n005_raw_0002,CWITSYYTEDGQYC,Patch_A,1,1,0.4402,0.4402,27.338,27.338,35.77,34,not_computed,pass,pass,0.4478,False,aggregated_real_boltz_outputs
Patch_A_L14_colabdesign_chunk_seed0070_n005_raw_0003,CYWHYVRVEEDGTC,Patch_A,1,1,0.3362,0.3362,29.445,29.445,44.65,26,not_computed,pass,fail,0.4116,False,aggregated_real_boltz_outputs
Patch_A_L14_colabdesign_chunk_seed0070_n005_raw_0005,CYYDIYYWSQDGRC,Patch_A,1,1,0.3442,0.3442,28.929,28.929,30.22,57,not_computed,pass,fail,0.3898,False,aggregated_real_boltz_outputs
Patch_A_L14_colabdesign_chunk_seed0075_n005_raw_0001,CPDHYIAPIRMIHC,Patch_A,1,1,0.2443,0.2443,28.379,28.379,33.75,47,not_computed,fail,fail,0.3665,False,aggregated_real_boltz_outputs
Patch_A_L14_colabdesign_chunk_seed0075_n005_raw_0002,CHYIWYRREEDSYC,Patch_A,1,1,0.3035,0.3035,29.198,29.198,35.52,68,not_computed,pass,fail,0.3839,False,aggregated_real_boltz_outputs
Patch_A_L14_colabdesign_chunk_seed0075_n005_raw_0004,CTKDNPYPYVLHMC,Patch_A,1,1,0.2992,0.2992,28.824,28.824,40.02,48,not_computed,pass,fail,0.3946,False,aggregated_real_boltz_outputs
Patch_A_L14_colabdesign_chunk_seed0075_n005_raw_0005,CHINRYPDNSYIYC,Patch_A,1,1,0.5907,0.5907,27.877,27.877,37.75,74,not_computed,pass,pass,0.4999,False,aggregated_real_boltz_outputs
Patch_A_L14_colabdesign_chunk_seed0080_n005_raw_0001,CWVYITQQDGNPYC,Patch_A,1,1,0.3024,0.3024,28.434,28.434,30.72,39,not_computed,fail,fail,0.3803,False,aggregated_real_boltz_outputs
Patch_A_L14_colabdesign_chunk_seed0085_n005_raw_0001,CIQYEGGGQTTYYC,Patch_A,1,1,0.2338,0.2338,29.641,29.641,46.9,49,not_computed,pass,fail,0.3786,False,aggregated_real_boltz_outputs
Patch_A_L14_colabdesign_chunk_seed0085_n005_raw_0002,CQHIHYYKLNDGSC,Patch_A,1,1,0.3731,0.3731,28.694,28.694,41.95,26,not_computed,pass,pass,0.4254,False,aggregated_real_boltz_outputs
Patch_A_L14_colabdesign_chunk_seed0090_n005_raw_0002,CRYLQEPGQYYYYC,Patch_A,1,1,0.409,0.409,29.374,29.374,54.27,56,not_computed,pass,pass,0.4569,False,aggregated_real_boltz_outputs
Patch_A_L14_colabdesign_chunk_seed0090_n005_raw_0004,CPSDGTKYTIYFRC,Patch_A,1,1,0.3282,0.3282,29.32,29.32,37.51,66,not_computed,pass,fail,0.3956,False,aggregated_real_boltz_outputs
Patch_A_L14_colabdesign_chunk_seed0095_n005_raw_0001,CIWHFHYENPDQYC,Patch_A,1,1,0.3926,0.3926,28.604,28.604,32.65,41,not_computed,pass,pass,0.4143,False,aggregated_real_boltz_outputs
Patch_A_L14_colabdesign_chunk_seed0095_n005_raw_0002,CRKQPETYTYVYYC,Patch_A,1,1,0.3823,0.3823,29.662,29.662,55.83,32,not_computed,pass,fail,0.4483,False,aggregated_real_boltz_outputs
Patch_A_L14_colabdesign_chunk_seed0095_n005_raw_0005,CAYGKTDYFLQWDC,Patch_A,1,1,0.3387,0.3387,29.279,29.279,38.07,44,not_computed,pass,fail,0.4007,False,aggregated_real_boltz_outputs
Patch_A_L16_colabdesign_chunk_seed0000_n005_raw_0002,CMWKSPSYVIHPDAYC,Patch_A,1,1,0.2758,0.2758,29.606,29.606,36.32,32,not_computed,pass,fail,0.3725,False,aggregated_real_boltz_outputs
Patch_A_L16_colabdesign_chunk_seed0000_n005_raw_0004,CYIDRYYWHSDDSSYC,Patch_A,1,1,0.3265,0.3265,29.018,29.018,38.82,72,not_computed,pass,fail,0.4001,False,aggregated_real_boltz_outputs
Patch_A_L16_colabdesign_chunk_seed0000_n005_raw_0005,CFKQEYPGGGITYYYC,Patch_A,1,1,0.3973,0.3973,28.428,28.428,61.76,42,not_computed,pass,pass,0.4757,False,aggregated_real_boltz_outputs
Patch_A_L16_colabdesign_chunk_seed0005_n005_raw_0001,CFQYVRPENGGNLYYC,Patch_A,1,1,0.3079,0.3079,29.216,29.216,38.14,90,not_computed,fail,fail,0.3906,False,aggregated_real_boltz_outputs
Patch_A_L16_colabdesign_chunk_seed0005_n005_raw_0003,CYPQYNGGTYYVYDLC,Patch_A,1,1,0.3342,0.3342,29.203,29.203,41.97,46,not_computed,pass,fail,0.4076,False,aggregated_real_boltz_outputs
Patch_A_L16_colabdesign_chunk_seed0005_n005_raw_0004,CYIKVVSNERYDYYPC,Patch_A,1,1,0.3568,0.3568,28.328,28.328,43.81,55,not_computed,pass,pass,0.4264,False,aggregated_real_boltz_outputs
Patch_A_L16_colabdesign_chunk_seed0010_n005_raw_0001,CIYYNGGQSTPGNYIC,Patch_A,1,1,0.2931,0.2931,29.254,29.254,52.55,37,not_computed,pass,fail,0.4139,False,aggregated_real_boltz_outputs
Patch_A_L16_colabdesign_chunk_seed0010_n005_raw_0002,CYYLDVYYVKDHPEGC,Patch_A,1,1,0.4374,0.4374,27.601,27.601,41.17,39,not_computed,pass,pass,0.4554,False,aggregated_real_boltz_outputs
Patch_A_L16_colabdesign_chunk_seed0010_n005_raw_0003,CFTKSGDLDNYYYYTC,Patch_A,1,1,0.2104,0.2104,29.207,29.207,33.3,42,not_computed,fail,pass,0.3468,False,aggregated_real_boltz_outputs
Patch_A_L16_colabdesign_chunk_seed0010_n005_raw_0005,CYVYPENGNKQNIYVC,Patch_A,1,1,0.3673,0.3673,28.957,28.957,44.68,18,not_computed,fail,fail,0.4066,False,aggregated_real_boltz_outputs
Patch_A_L16_colabdesign_chunk_seed0015_n005_raw_0001,CDIPAEVPKYYTYYRC,Patch_A,1,1,0.3245,0.3245,29.387,29.387,41.3,68,not_computed,pass,pass,0.4013,False,aggregated_real_boltz_outputs
Patch_A_L16_colabdesign_chunk_seed0015_n005_raw_0002,CEPYEYYVQNRPQMYC,Patch_A,1,1,0.403,0.403,27.888,27.888,41.37,62,not_computed,pass,fail,0.4414,False,aggregated_real_boltz_outputs
Patch_A_L16_colabdesign_chunk_seed0015_n005_raw_0003,CEVSVYSTGGRTWMYC,Patch_A,1,1,0.3365,0.3365,28.988,28.988,42.21,56,not_computed,pass,fail,0.4106,False,aggregated_real_boltz_outputs
Patch_A_L16_colabdesign_chunk_seed0015_n005_raw_0004,CMHYYYVSYDSGEQYC,Patch_A,1,1,0.3436,0.3436,28.835,28.835,40.59,46,not_computed,pass,fail,0.4111,False,aggregated_real_boltz_outputs
Patch_A_L16_colabdesign_chunk_seed0020_n005_raw_0001,CDQNNSIIFYNHPYVC,Patch_A,1,1,0.3402,0.3402,28.78,28.78,41.5,39,not_computed,pass,fail,0.4122,False,aggregated_real_boltz_outputs
Patch_A_L16_colabdesign_chunk_seed0020_n005_raw_0002,CIFYPVDLGEPNYYHC,Patch_A,1,1,0.1533,0.1533,30.262,30.262,37.94,30,not_computed,fail,pass,0.3295,False,aggregated_real_boltz_outputs
Patch_A_L16_colabdesign_chunk_seed0020_n005_raw_0003,CYYMTEYYYETDIKPC,Patch_A,1,1,0.2913,0.2913,29.291,29.291,31.2,65,not_computed,pass,fail,0.3703,False,aggregated_real_boltz_outputs
Patch_A_L16_colabdesign_chunk_seed0020_n005_raw_0004,CMYNSNGNYPIEVHVC,Patch_A,1,1,0.2764,0.2764,28.789,28.789,38.25,27,not_computed,pass,fail,0.3833,False,aggregated_real_boltz_outputs
Patch_A_L16_colabdesign_chunk_seed0020_n005_raw_0005,CPYFYYEGNGQVYYMC,Patch_A,1,1,0.3125,0.3125,29.633,29.633,46.47,28,not_computed,pass,pass,0.4054,False,aggregated_real_boltz_outputs
Patch_A_L16_colabdesign_chunk_seed0025_n005_raw_0002,CHYYPLTLEDNHVYYC,Patch_A,1,1,0.2879,0.2879,29.317,29.317,40.61,45,not_computed,pass,fail,0.3877,False,aggregated_real_boltz_outputs
Patch_A_L16_colabdesign_chunk_seed0025_n005_raw_0004,CPYYEGQGSGKIIMYC,Patch_A,1,1,0.3267,0.3267,28.992,28.992,36.83,75,not_computed,pass,fail,0.3964,False,aggregated_real_boltz_outputs
Patch_A_L16_colabdesign_chunk_seed0025_n005_raw_0005,CYYSAQEDKAPQYYIC,Patch_A,1,1,0.3644,0.3644,28.487,28.487,43.68,28,not_computed,pass,fail,0.4275,False,aggregated_real_boltz_outputs
Patch_A_L16_colabdesign_chunk_seed0030_n005_raw_0002,CDFDTYSQSQLRWYYC,Patch_A,1,1,0.4016,0.4016,28.495,28.495,40.05,63,not_computed,pass,fail,0.4332,False,aggregated_real_boltz_outputs
Patch_A_L16_colabdesign_chunk_seed0030_n005_raw_0003,CYIVSVYSYYEDDQPC,Patch_A,1,1,0.3714,0.3714,27.636,27.636,30.58,71,not_computed,pass,fail,0.4108,False,aggregated_real_boltz_outputs
Patch_A_L16_colabdesign_chunk_seed0035_n005_raw_0001,CHLYQNNDGGLPYYVC,Patch_A,1,1,0.3581,0.3581,29.909,29.909,51.82,59,not_computed,pass,fail,0.4297,False,aggregated_real_boltz_outputs
Patch_A_L16_colabdesign_chunk_seed0035_n005_raw_0003,CIIRSGDGSYYPYHMC,Patch_A,1,1,0.2999,0.2999,29.273,29.273,38.21,41,not_computed,pass,fail,0.3874,False,aggregated_real_boltz_outputs
Patch_A_L16_colabdesign_chunk_seed0035_n005_raw_0004,CYISYGYFVEYEPQPC,Patch_A,1,1,0.3503,0.3503,28.876,28.876,36.71,65,not_computed,pass,fail,0.4054,False,aggregated_real_boltz_outputs
Patch_A_L16_colabdesign_chunk_seed0040_n005_raw_0001,CYPKNGNNDVNKVIIC,Patch_A,1,1,0.3329,0.3329,29.324,29.324,41.48,52,not_computed,pass,fail,0.4051,False,aggregated_real_boltz_outputs
Patch_A_L16_colabdesign_chunk_seed0040_n005_raw_0002,CAYVTGDDYFFYRYNC,Patch_A,1,1,0.4348,0.4348,28.413,28.413,40.07,58,not_computed,pass,fail,0.4455,False,aggregated_real_boltz_outputs
Patch_A_L16_colabdesign_chunk_seed0040_n005_raw_0005,CHYVVYDGNGSVRWYC,Patch_A,1,1,0.3737,0.3737,27.482,27.482,56.24,54,not_computed,pass,fail,0.4643,False,aggregated_real_boltz_outputs
Patch_A_L16_colabdesign_chunk_seed0045_n005_raw_0001,CYPDNGSSNGKYIVFC,Patch_A,1,1,0.3808,0.3808,29.317,29.317,39.74,48,not_computed,pass,fail,0.4185,False,aggregated_real_boltz_outputs
Patch_A_L16_colabdesign_chunk_seed0045_n005_raw_0002,CPIIYDYKTQNGEVYC,Patch_A,1,1,0.3049,0.3049,29.685,29.685,37.7,45,not_computed,pass,fail,0.3847,False,aggregated_real_boltz_outputs
Patch_A_L16_colabdesign_chunk_seed0045_n005_raw_0004,CYNKNTEQDYYYIQYC,Patch_A,1,1,0.34,0.34,28.857,28.857,41.09,54,not_computed,pass,pass,0.4107,False,aggregated_real_boltz_outputs
Patch_A_L16_colabdesign_chunk_seed0050_n005_raw_0003,CWMHYAPGKDHDHYLC,Patch_A,1,1,0.4418,0.4418,26.523,26.523,40.81,44,not_computed,pass,fail,0.4652,False,aggregated_real_boltz_outputs
Patch_A_L16_colabdesign_chunk_seed0050_n005_raw_0004,CHWVNDNYDEIYYYSC,Patch_A,1,1,0.3898,0.3898,27.644,27.644,42.47,28,not_computed,pass,fail,0.441,False,aggregated_real_boltz_outputs
Patch_A_L16_colabdesign_chunk_seed0055_n005_raw_0005,CHYHPRNDEQQTYIVC,Patch_A,1,1,0.3016,0.3016,29.29,29.29,38.59,77,not_computed,pass,fail,0.3887,False,aggregated_real_boltz_outputs
Patch_A_L16_colabdesign_chunk_seed0060_n005_raw_0002,CYVGVHRVQPPPQHDC,Patch_A,1,1,0.4216,0.4216,28.442,28.442,43.47,55,not_computed,pass,pass,0.4475,False,aggregated_real_boltz_outputs
Patch_A_L16_colabdesign_chunk_seed0060_n005_raw_0003,CQYYVYEAYYEGDWYC,Patch_A,1,1,0.3184,0.3184,28.358,28.358,53.36,54,not_computed,pass,fail,0.4318,False,aggregated_real_boltz_outputs
Patch_A_L16_colabdesign_chunk_seed0060_n005_raw_0004,CIIYYNSDSEAPGWQC,Patch_A,1,1,0.3186,0.3186,29.217,29.217,43.13,38,not_computed,pass,fail,0.4043,False,aggregated_real_boltz_outputs
Patch_A_L16_colabdesign_chunk_seed0060_n005_raw_0005,CDFQPQYYTGSTVMHC,Patch_A,1,1,0.2817,0.2817,28.977,28.977,33.41,72,not_computed,pass,fail,0.3739,False,aggregated_real_boltz_outputs
Patch_A_L16_colabdesign_chunk_seed0065_n005_raw_0001,CVHYPYKPLQSGEFYC,Patch_A,1,1,0.3404,0.3404,27.798,27.798,43.4,46,not_computed,pass,pass,0.4243,False,aggregated_real_boltz_outputs
Patch_A_L16_colabdesign_chunk_seed0065_n005_raw_0002,CYVHYSYEDDYVPFQC,Patch_A,1,1,0.3284,0.3284,29.564,29.564,43.62,36,not_computed,pass,pass,0.4058,False,aggregated_real_boltz_outputs
Patch_A_L16_colabdesign_chunk_seed0065_n005_raw_0003,CYIKVVSSNDAPEGWC,Patch_A,1,1,0.2964,0.2964,28.816,28.816,36.62,50,not_computed,pass,fail,0.3868,False,aggregated_real_boltz_outputs
Patch_A_L16_colabdesign_chunk_seed0065_n005_raw_0004,CYNHNAGPDIRYVHWC,Patch_A,1,1,0.2803,0.2803,29.496,29.496,33.36,37,not_computed,pass,fail,0.369,False,aggregated_real_boltz_outputs
Patch_A_L16_colabdesign_chunk_seed0065_n005_raw_0005,CYMRTNEYYHPPWKIC,Patch_A,1,1,0.6351,0.6351,23.659,23.659,44.9,66,not_computed,pass,fail,0.5649,False,aggregated_real_boltz_outputs
Patch_A_L16_colabdesign_chunk_seed0070_n005_raw_0001,CEGDRQYYYGWYDYYC,Patch_A,1,1,0.336,0.336,28.164,28.164,37.95,21,not_computed,pass,fail,0.4088,False,aggregated_real_boltz_outputs
Patch_A_L16_colabdesign_chunk_seed0070_n005_raw_0002,CMYYDYIYLRPNQPWC,Patch_A,1,1,0.2715,0.2715,28.872,28.872,32.56,83,not_computed,pass,fail,0.3695,False,aggregated_real_boltz_outputs
Patch_A_L16_colabdesign_chunk_seed0070_n005_raw_0003,CYNPVGEEWPIYYVQC,Patch_A,1,1,0.5993,0.5993,26.349,26.349,34.87,79,not_computed,pass,fail,0.5099,False,aggregated_real_boltz_outputs
Patch_A_L16_colabdesign_chunk_seed0070_n005_raw_0004,CQYYYVSKLPEGQTIC,Patch_A,1,1,0.3213,0.3213,28.394,28.394,37.28,59,not_computed,pass,fail,0.4004,False,aggregated_real_boltz_outputs
Patch_A_L16_colabdesign_chunk_seed0075_n005_raw_0001,CYYKFGDESVYPVFPC,Patch_A,1,1,0.3465,0.3465,29.272,29.272,43.15,42,not_computed,pass,fail,0.4136,False,aggregated_real_boltz_outputs
Patch_A_L16_colabdesign_chunk_seed0075_n005_raw_0005,CHPVHGSNRNLDYIYC,Patch_A,1,1,0.3366,0.3366,28.751,28.751,43.27,37,not_computed,pass,fail,0.4148,False,aggregated_real_boltz_outputs
Patch_A_L16_colabdesign_chunk_seed0080_n005_raw_0001,CHVNRPGDGVQVYYYC,Patch_A,1,1,0.3299,0.3299,29.077,29.077,35.76,52,not_computed,pass,fail,0.3947,False,aggregated_real_boltz_outputs
Patch_A_L16_colabdesign_chunk_seed0080_n005_raw_0002,CYVYTKESYPQNYQIC,Patch_A,1,1,0.3225,0.3225,29.451,29.451,41.2,36,not_computed,pass,fail,0.3999,False,aggregated_real_boltz_outputs
Patch_A_L16_colabdesign_chunk_seed0085_n005_raw_0001,CLYISWNYDDKHYTPC,Patch_A,1,1,0.339,0.339,28.845,28.845,43.12,61,not_computed,pass,pass,0.4145,False,aggregated_real_boltz_outputs
Patch_A_L16_colabdesign_chunk_seed0085_n005_raw_0002,CRFPDEFYYTGYVYHC,Patch_A,1,1,0.3272,0.3272,29.266,29.266,33.77,74,not_computed,pass,fail,0.3882,False,aggregated_real_boltz_outputs
Patch_A_L16_colabdesign_chunk_seed0085_n005_raw_0003,CPSQEGVYYVHMHYHC,Patch_A,1,1,0.2944,0.2944,29.091,29.091,33.03,57,not_computed,pass,pass,0.3767,False,aggregated_real_boltz_outputs
Patch_A_L16_colabdesign_chunk_seed0085_n005_raw_0004,CYPRTQQDNWHVIPIC,Patch_A,1,1,0.3202,0.3202,28.963,28.963,43.43,33,not_computed,pass,fail,0.4076,False,aggregated_real_boltz_outputs
Patch_A_L16_colabdesign_chunk_seed0085_n005_raw_0005,CPPDHHELYFTPIIHC,Patch_A,1,1,0.3005,0.3005,29.649,29.649,34.56,38,not_computed,pass,fail,0.3772,False,aggregated_real_boltz_outputs
Patch_A_L16_colabdesign_chunk_seed0090_n005_raw_0001,CIIYPFTEVHPGNNYC,Patch_A,1,1,0.3473,0.3473,28.749,28.749,43.8,65,not_computed,pass,fail,0.4196,False,aggregated_real_boltz_outputs
Patch_A_L16_colabdesign_chunk_seed0090_n005_raw_0002,CPSGDGEIQYKIMYHC,Patch_A,1,1,0.3096,0.3096,28.71,28.71,33.31,74,not_computed,pass,fail,0.3857,False,aggregated_real_boltz_outputs
Patch_A_L16_colabdesign_chunk_seed0090_n005_raw_0004,CIWGDVFYPYTDYTYC,Patch_A,1,1,0.3578,0.3578,28.264,28.264,34.07,50,not_computed,pass,fail,0.4078,False,aggregated_real_boltz_outputs
Patch_A_L16_colabdesign_chunk_seed0090_n005_raw_0005,CYNGNDGPRFYDFQIC,Patch_A,1,1,0.3153,0.3153,29.227,29.227,34.14,62,not_computed,pass,fail,0.3851,False,aggregated_real_boltz_outputs
Patch_A_L16_colabdesign_chunk_seed0095_n005_raw_0001,CYYIQYPFNGTKVYQC,Patch_A,1,1,0.3205,0.3205,29.381,29.381,50.4,44,not_computed,pass,pass,0.4181,False,aggregated_real_boltz_outputs
Patch_A_L16_colabdesign_chunk_seed0095_n005_raw_0003,CYYQTGDSYWLDKAYC,Patch_A,1,1,0.4759,0.4759,27.937,27.937,40.76,49,not_computed,pass,fail,0.4653,False,aggregated_real_boltz_outputs
Patch_A_L16_colabdesign_chunk_seed0095_n005_raw_0004,CYFMPKQQYGLNVSDC,Patch_A,1,1,0.2675,0.2675,29.844,29.844,37.71,25,not_computed,pass,fail,0.3703,False,aggregated_real_boltz_outputs
Patch_A_L16_colabdesign_chunk_seed0095_n005_raw_0005,CVDNEAVSVKYIHMPC,Patch_A,1,1,0.3485,0.3485,29.172,29.172,41.51,52,not_computed,pass,pass,0.4119,False,aggregated_real_boltz_outputs
Patch_A_L18_colabdesign_chunk_seed0000_n005_raw_0002,CYFGLQYVKYYDEPPQYC,Patch_A,1,1,0.2595,0.2595,29.355,29.355,36.51,42,not_computed,pass,fail,0.3692,False,aggregated_real_boltz_outputs
Patch_A_L18_colabdesign_chunk_seed0000_n005_raw_0003,CYQGGGQDVHQILVYDKC,Patch_A,1,1,0.3319,0.3319,29.456,29.456,43.11,115,not_computed,pass,pass,0.4069,False,aggregated_real_boltz_outputs
Patch_A_L18_colabdesign_chunk_seed0000_n005_raw_0005,CHYSDQNQDNVVPYYIWC,Patch_A,1,1,0.303,0.303,29.024,29.024,46.04,39,not_computed,pass,fail,0.4063,False,aggregated_real_boltz_outputs
Patch_A_L18_colabdesign_chunk_seed0005_n005_raw_0001,CIYQYVWYDHNQPPDHYC,Patch_A,1,1,0.3201,0.3201,28.519,28.519,40.06,54,not_computed,pass,fail,0.4045,False,aggregated_real_boltz_outputs
Patch_A_L18_colabdesign_chunk_seed0005_n005_raw_0003,CYIHYVQYESQRKPGAKC,Patch_A,1,1,0.3465,0.3465,29.112,29.112,36.98,57,not_computed,pass,fail,0.4026,False,aggregated_real_boltz_outputs
Patch_A_L18_colabdesign_chunk_seed0005_n005_raw_0004,CQTYEQYDEPIRVKYYYC,Patch_A,1,1,0.2988,0.2988,29.444,29.444,58.5,30,not_computed,pass,fail,0.4262,False,aggregated_real_boltz_outputs
Patch_A_L18_colabdesign_chunk_seed0005_n005_raw_0005,CYYHYYNKNQDDYLPPIC,Patch_A,1,1,0.4018,0.4018,28.528,28.528,38.7,59,not_computed,pass,pass,0.4303,False,aggregated_real_boltz_outputs
Patch_A_L18_colabdesign_chunk_seed0010_n005_raw_0003,CHIYIVKPDQNEGGHPYC,Patch_A,1,1,0.3406,0.3406,29.648,29.648,39.47,67,not_computed,pass,pass,0.4011,False,aggregated_real_boltz_outputs
Patch_A_L18_colabdesign_chunk_seed0010_n005_raw_0004,CADVIYINWDQNYDGPMC,Patch_A,1,1,0.5044,0.5044,27.555,27.555,36.91,76,not_computed,pass,fail,0.4707,False,aggregated_real_boltz_outputs
Patch_A_L18_colabdesign_chunk_seed0010_n005_raw_0005,CVWYHPTDQQGDRQDYIC,Patch_A,1,1,0.486,0.486,25.411,25.411,48.74,47,not_computed,pass,fail,0.5058,False,aggregated_real_boltz_outputs
Patch_A_L18_colabdesign_chunk_seed0015_n005_raw_0001,CRFPYYERGGVVEHHTFC,Patch_A,1,1,0.4397,0.4397,28.041,28.041,39.48,60,not_computed,pass,fail,0.4492,False,aggregated_real_boltz_outputs
Patch_A_L18_colabdesign_chunk_seed0015_n005_raw_0004,CYYIYTREHADQHDFRPC,Patch_A,1,1,0.2605,0.2605,29.775,29.775,44.53,36,not_computed,fail,pass,0.3821,False,aggregated_real_boltz_outputs
Patch_A_L18_colabdesign_chunk_seed0015_n005_raw_0005,CYIPPYWGLDYGDTKLTC,Patch_A,1,1,0.6201,0.6201,26.94,26.94,44.35,57,not_computed,pass,pass,0.5312,False,aggregated_real_boltz_outputs
Patch_A_L18_colabdesign_chunk_seed0020_n005_raw_0001,CIYYTFLEYEDNPKPYPC,Patch_A,1,1,0.3116,0.3116,29.585,29.585,38.22,37,not_computed,pass,fail,0.389,False,aggregated_real_boltz_outputs
Patch_A_L18_colabdesign_chunk_seed0020_n005_raw_0002,CEAEVQRWSGYMTNQDRC,Patch_A,1,1,0.2742,0.2742,29.094,29.094,32.8,61,not_computed,fail,pass,0.3691,False,aggregated_real_boltz_outputs
Patch_A_L18_colabdesign_chunk_seed0020_n005_raw_0003,CEPSDGQYYYGVYYYGEC,Patch_A,1,1,0.3492,0.3492,28.427,28.427,43.41,69,not_computed,pass,fail,0.4221,False,aggregated_real_boltz_outputs
Patch_A_L18_colabdesign_chunk_seed0020_n005_raw_0004,CRPVSGQQYTPQNYVIYC,Patch_A,1,1,0.2738,0.2738,30.001,30.001,35.12,76,not_computed,pass,fail,0.3661,False,aggregated_real_boltz_outputs
Patch_A_L18_colabdesign_chunk_seed0025_n005_raw_0001,CFKPTDYPYSYYFISDYC,Patch_A,1,1,0.2106,0.2106,28.848,28.848,28.46,67,not_computed,fail,fail,0.3402,False,aggregated_real_boltz_outputs
Patch_A_L18_colabdesign_chunk_seed0025_n005_raw_0002,CMIYPVYHRYGYHQQDDC,Patch_A,1,1,0.3502,0.3502,28.867,28.867,38.32,43,not_computed,pass,fail,0.4087,False,aggregated_real_boltz_outputs
Patch_A_L18_colabdesign_chunk_seed0025_n005_raw_0003,CHYIYRRSWDDQIPPAYC,Patch_A,1,1,0.2914,0.2914,29.724,29.724,33.72,66,not_computed,pass,pass,0.3717,False,aggregated_real_boltz_outputs
Patch_A_L18_colabdesign_chunk_seed0025_n005_raw_0005,CPYIYIRGNGNNETPFSC,Patch_A,1,1,0.4072,0.4072,29.096,29.096,35.84,62,not_computed,pass,fail,0.4217,False,aggregated_real_boltz_outputs
Patch_A_L18_colabdesign_chunk_seed0030_n005_raw_0001,CKDNYEEQQYIAPTYLYC,Patch_A,1,1,0.2503,0.2503,30.029,30.029,39.13,31,not_computed,pass,pass,0.3659,False,aggregated_real_boltz_outputs
Patch_A_L18_colabdesign_chunk_seed0030_n005_raw_0002,CHYNPYPYIYLNVGETHC,Patch_A,1,1,0.3555,0.3555,28.867,28.867,34.37,61,not_computed,pass,fail,0.4026,False,aggregated_real_boltz_outputs
Patch_A_L18_colabdesign_chunk_seed0030_n005_raw_0005,CHAITTNHVFLYPHDGYC,Patch_A,1,1,0.2385,0.2385,29.086,29.086,33.57,29,not_computed,pass,pass,0.3582,False,aggregated_real_boltz_outputs
Patch_A_L18_colabdesign_chunk_seed0035_n005_raw_0001,CYYVIKYWQPQEPDDGYC,Patch_A,1,1,0.2684,0.2684,29.522,29.522,34.89,43,not_computed,pass,fail,0.3677,False,aggregated_real_boltz_outputs
Patch_A_L18_colabdesign_chunk_seed0035_n005_raw_0004,CDIHYYYDFYWQPRKMHC,Patch_A,1,1,0.4231,0.4231,28.382,28.382,44.23,78,not_computed,pass,fail,0.45,False,aggregated_real_boltz_outputs
Patch_A_L18_colabdesign_chunk_seed0040_n005_raw_0002,CHVIYTGNGDEFRRPYFC,Patch_A,1,1,0.3664,0.3664,29.134,29.134,45.11,78,not_computed,pass,fail,0.4257,False,aggregated_real_boltz_outputs
Patch_A_L18_colabdesign_chunk_seed0040_n005_raw_0003,CVYFHYYTEKGEIHYPPC,Patch_A,1,1,0.3398,0.3398,29.336,29.336,50.95,60,not_computed,pass,fail,0.4264,False,aggregated_real_boltz_outputs
Patch_A_L18_colabdesign_chunk_seed0040_n005_raw_0004,CYKPYQVDYGYQYPVIHC,Patch_A,1,1,0.1948,0.1948,29.354,29.354,43.16,77,not_computed,pass,pass,0.3599,False,aggregated_real_boltz_outputs
Patch_A_L18_colabdesign_chunk_seed0040_n005_raw_0005,CGTPPEGWYTQDIVVYHC,Patch_A,1,1,0.3333,0.3333,29.557,29.557,36.34,66,not_computed,pass,fail,0.393,False,aggregated_real_boltz_outputs
Patch_A_L18_colabdesign_chunk_seed0045_n005_raw_0001,CYKVKDYDYDSTWIIPYC,Patch_A,1,1,0.2448,0.2448,29.322,29.322,31.12,42,not_computed,pass,fail,0.3536,False,aggregated_real_boltz_outputs
Patch_A_L18_colabdesign_chunk_seed0045_n005_raw_0003,CNQDQEPGWQRIVKYYYC,Patch_A,1,1,0.3076,0.3076,28.636,28.636,34.95,45,not_computed,pass,pass,0.3889,False,aggregated_real_boltz_outputs
Patch_A_L18_colabdesign_chunk_seed0045_n005_raw_0004,CDYTLIQVYEPNYRYHPC,Patch_A,1,1,0.3336,0.3336,29.51,29.51,40.2,54,not_computed,pass,pass,0.4012,False,aggregated_real_boltz_outputs
Patch_A_L18_colabdesign_chunk_seed0050_n005_raw_0004,CYYKDDQYEPGTVYYLSC,Patch_A,1,1,0.3234,0.3234,28.979,28.979,44.22,87,not_computed,pass,fail,0.4101,False,aggregated_real_boltz_outputs
Patch_A_L18_colabdesign_chunk_seed0050_n005_raw_0005,CHTPNNNNERPYTYVYIC,Patch_A,1,1,0.6111,0.6111,24.474,24.474,40.94,85,not_computed,pass,pass,0.5418,False,aggregated_real_boltz_outputs
Patch_A_L18_colabdesign_chunk_seed0055_n005_raw_0002,CQYHVLNPRYDDGVHYYC,Patch_A,1,1,0.3399,0.3399,29.604,29.604,43.87,51,not_computed,pass,fail,0.41,False,aggregated_real_boltz_outputs
Patch_A_L18_colabdesign_chunk_seed0055_n005_raw_0003,CYYHLPTNPYPQYDQYLC,Patch_A,1,1,0.3864,0.3864,29.351,29.351,41.02,64,not_computed,pass,pass,0.4227,False,aggregated_real_boltz_outputs
Patch_A_L18_colabdesign_chunk_seed0055_n005_raw_0005,CSDDYYPMHYGYEIQVYC,Patch_A,1,1,0.2871,0.2871,29.742,29.742,43.14,62,not_computed,pass,fail,0.3889,False,aggregated_real_boltz_outputs
Patch_A_L18_colabdesign_chunk_seed0060_n005_raw_0001,CVPVNQDEYSYLYTHHYC,Patch_A,1,1,0.2881,0.2881,29.463,29.463,32.24,45,not_computed,pass,fail,0.3698,False,aggregated_real_boltz_outputs
Patch_A_L18_colabdesign_chunk_seed0060_n005_raw_0002,CYFNSEVLEDGTYYHYHC,Patch_A,1,1,0.3368,0.3368,27.678,27.678,41.3,32,not_computed,pass,pass,0.4198,False,aggregated_real_boltz_outputs
Patch_A_L18_colabdesign_chunk_seed0060_n005_raw_0003,CYQYVFYTTGSDGEDWTC,Patch_A,1,1,0.2651,0.2651,29.231,29.231,32.09,39,not_computed,pass,fail,0.3634,False,aggregated_real_boltz_outputs
Patch_A_L18_colabdesign_chunk_seed0060_n005_raw_0004,CYDQQAAQQIGPYPYYIC,Patch_A,1,1,0.4624,0.4624,28.545,28.545,43.6,44,not_computed,pass,fail,0.4612,False,aggregated_real_boltz_outputs
Patch_A_L18_colabdesign_chunk_seed0060_n005_raw_0005,CIYYSHYNGVNDKPQIQC,Patch_A,1,1,0.3156,0.3156,29.334,29.334,46.39,46,not_computed,pass,fail,0.4088,False,aggregated_real_boltz_outputs
Patch_A_L18_colabdesign_chunk_seed0065_n005_raw_0001,CDEHQSTGGWGYYTYYYC,Patch_A,1,1,0.3758,0.3758,29.608,29.608,51.64,50,not_computed,pass,pass,0.4381,False,aggregated_real_boltz_outputs
Patch_A_L18_colabdesign_chunk_seed0065_n005_raw_0002,CYYPYISYYVEFDNDAHC,Patch_A,1,1,0.4384,0.4384,28.067,28.067,32.6,47,not_computed,pass,pass,0.4347,False,aggregated_real_boltz_outputs
Patch_A_L18_colabdesign_chunk_seed0065_n005_raw_0003,CPYYIVSEGQEQGGYYLC,Patch_A,1,1,0.2719,0.2719,29.42,29.42,45.1,66,not_computed,pass,fail,0.3902,False,aggregated_real_boltz_outputs
Patch_A_L18_colabdesign_chunk_seed0065_n005_raw_0004,CYTVTYEQNEGKTYGIHC,Patch_A,1,1,0.2635,0.2635,28.852,28.852,31.51,27,not_computed,pass,pass,0.3648,False,aggregated_real_boltz_outputs
Patch_A_L18_colabdesign_chunk_seed0070_n005_raw_0001,CFPYYYYKLQVDGEEDYC,Patch_A,1,1,0.2625,0.2625,30.279,30.279,38.19,27,not_computed,pass,fail,0.3683,False,aggregated_real_boltz_outputs
Patch_A_L18_colabdesign_chunk_seed0070_n005_raw_0002,CIHHHEYDSPKVYYRIPC,Patch_A,1,1,0.3966,0.3966,27.664,27.664,33.3,35,not_computed,fail,fail,0.4249,False,aggregated_real_boltz_outputs
Patch_A_L18_colabdesign_chunk_seed0070_n005_raw_0004,CYWHVDKPVNEGSVRIHC,Patch_A,1,1,0.3447,0.3447,28.196,28.196,35.38,65,not_computed,pass,pass,0.4064,False,aggregated_real_boltz_outputs
Patch_A_L18_colabdesign_chunk_seed0070_n005_raw_0005,CIYYTLYNDNPDQVPPRC,Patch_A,1,1,0.3809,0.3809,28.178,28.178,36.78,72,not_computed,pass,fail,0.4221,False,aggregated_real_boltz_outputs
Patch_A_L18_colabdesign_chunk_seed0075_n005_raw_0001,CGHSDQYLYDQPHVIYHC,Patch_A,1,1,0.2179,0.2179,29.83,29.83,46.45,21,not_computed,pass,fail,0.3706,False,aggregated_real_boltz_outputs
Patch_A_L18_colabdesign_chunk_seed0075_n005_raw_0003,CWYTEDIGQSPQGGMIPC,Patch_A,1,1,0.3152,0.3152,29.525,29.525,36.25,44,not_computed,pass,fail,0.3868,False,aggregated_real_boltz_outputs
Patch_A_L18_colabdesign_chunk_seed0075_n005_raw_0005,CRKDQPQYEQVEVYYYHC,Patch_A,1,1,0.3331,0.3331,28.616,28.616,41.57,59,not_computed,pass,fail,0.4113,False,aggregated_real_boltz_outputs
Patch_A_L18_colabdesign_chunk_seed0080_n005_raw_0001,CYVRTQENGGYLPDKIQC,Patch_A,1,1,0.4621,0.4621,27.414,27.414,40.59,56,not_computed,pass,fail,0.4645,False,aggregated_real_boltz_outputs
Patch_A_L18_colabdesign_chunk_seed0080_n005_raw_0004,CYYVKVVNQSEPGQDGLC,Patch_A,1,1,0.4397,0.4397,27.985,27.985,41.7,65,not_computed,pass,fail,0.4541,False,aggregated_real_boltz_outputs
Patch_A_L18_colabdesign_chunk_seed0080_n005_raw_0005,CENAWQSTYAYGANEEQC,Patch_A,1,1,0.498,0.498,27.999,27.999,43.55,67,not_computed,pass,pass,0.4781,False,aggregated_real_boltz_outputs
Patch_A_L18_colabdesign_chunk_seed0085_n005_raw_0001,CIPLSAYQYYDAEPKVHC,Patch_A,1,1,0.3024,0.3024,28.661,28.661,35.76,63,not_computed,pass,pass,0.3885,False,aggregated_real_boltz_outputs
Patch_A_L18_colabdesign_chunk_seed0085_n005_raw_0002,CYQYHLYKPHGQNTEQIC,Patch_A,1,1,0.3077,0.3077,29.613,29.613,33.52,39,not_computed,pass,fail,0.378,False,aggregated_real_boltz_outputs
Patch_A_L18_colabdesign_chunk_seed0085_n005_raw_0003,CHHLIVRNPQYEDGDQYC,Patch_A,1,1,0.2742,0.2742,28.856,28.856,40.6,48,not_computed,fail,fail,0.3867,False,aggregated_real_boltz_outputs
Patch_A_L18_colabdesign_chunk_seed0085_n005_raw_0004,CHYYRNDTQLVEYYYVPC,Patch_A,1,1,0.392,0.392,28.456,28.456,55.52,48,not_computed,pass,pass,0.4611,False,aggregated_real_boltz_outputs
Patch_A_L18_colabdesign_chunk_seed0085_n005_raw_0005,CHDYIYYQQIVHEPQRMC,Patch_A,1,1,0.321,0.321,28.609,28.609,44.79,58,not_computed,pass,fail,0.4135,False,aggregated_real_boltz_outputs
Patch_A_L18_colabdesign_chunk_seed0090_n005_raw_0001,CYKPNYDDYNYPVYTIYC,Patch_A,1,1,0.3168,0.3168,29.238,29.238,40.23,70,not_computed,pass,pass,0.3977,False,aggregated_real_boltz_outputs
Patch_A_L18_colabdesign_chunk_seed0090_n005_raw_0002,CYYHIHYAYYDGTDDKPC,Patch_A,1,1,0.2652,0.2652,29.629,29.629,33.42,79,not_computed,pass,fail,0.3628,False,aggregated_real_boltz_outputs
Patch_A_L18_colabdesign_chunk_seed0095_n005_raw_0002,CHMYQGGENGQHTPQIYC,Patch_A,1,1,0.3248,0.3248,29.09,29.09,36.9,72,not_computed,pass,pass,0.3951,False,aggregated_real_boltz_outputs
Patch_A_L18_colabdesign_chunk_seed0095_n005_raw_0003,CYVYVKNYYNQQPNEYQC,Patch_A,1,1,0.2716,0.2716,30.131,30.131,42.83,38,not_computed,pass,pass,0.3807,False,aggregated_real_boltz_outputs
Patch_A_L18_colabdesign_chunk_seed0095_n005_raw_0004,CYHYDYSTNNYDWPYVIC,Patch_A,1,1,0.2792,0.2792,29.296,29.296,37.21,42,not_computed,pass,fail,0.378,False,aggregated_real_boltz_outputs
Patch_A_L18_colabdesign_chunk_seed0095_n005_raw_0005,CQSEDGPVYGYVYVQDTC,Patch_A,1,1,0.4246,0.4246,29.05,29.05,47.8,56,not_computed,pass,pass,0.4521,False,aggregated_real_boltz_outputs
Patch_B_L12_colabdesign_chunk_seed0000_n005_raw_0001,CHSNHQHPPWTC,Patch_B,1,1,0.3805,0.3805,27.076,27.076,43.3,37,not_computed,pass,fail,0.4441,False,aggregated_real_boltz_outputs
Patch_B_L12_colabdesign_chunk_seed0000_n005_raw_0002,CDDTYEGPWHTC,Patch_B,1,1,0.3272,0.3272,27.763,27.763,48.0,24,not_computed,pass,fail,0.4292,False,aggregated_real_boltz_outputs
Patch_B_L12_colabdesign_chunk_seed0000_n005_raw_0004,CNGEPGDWYEHC,Patch_B,1,1,0.3973,0.3973,27.45,27.45,40.53,61,not_computed,pass,fail,0.4414,False,aggregated_real_boltz_outputs
Patch_B_L12_colabdesign_chunk_seed0000_n005_raw_0005,CGEADHDPPWMC,Patch_B,1,1,0.3731,0.3731,28.362,28.362,43.49,37,not_computed,pass,fail,0.4312,False,aggregated_real_boltz_outputs
Patch_B_L12_colabdesign_chunk_seed0005_n005_raw_0001,CEDHNSHGPWVC,Patch_B,1,1,0.361,0.361,27.901,27.901,56.18,43,not_computed,pass,fail,0.4562,False,aggregated_real_boltz_outputs
Patch_B_L12_colabdesign_chunk_seed0005_n005_raw_0002,CHDTWYPDDQTC,Patch_B,1,1,0.3351,0.3351,28.0,28.0,47.53,47,not_computed,pass,fail,0.429,False,aggregated_real_boltz_outputs
Patch_B_L12_colabdesign_chunk_seed0005_n005_raw_0003,CYDYWRPGDQSC,Patch_B,1,1,0.3602,0.3602,27.84,27.84,45.24,37,not_computed,pass,fail,0.4345,False,aggregated_real_boltz_outputs
Patch_B_L12_colabdesign_chunk_seed0005_n005_raw_0004,CRPQDGKPPTYC,Patch_B,1,1,0.3406,0.3406,28.217,28.217,43.39,42,not_computed,pass,pass,0.4208,False,aggregated_real_boltz_outputs
Patch_B_L12_colabdesign_chunk_seed0010_n005_raw_0005,CWMHPDNGKPNC,Patch_B,1,1,0.3558,0.3558,28.925,28.925,61.94,23,not_computed,pass,fail,0.4574,False,aggregated_real_boltz_outputs
Patch_B_L12_colabdesign_chunk_seed0015_n005_raw_0001,CHDNTDKPMHPC,Patch_B,1,1,0.3747,0.3747,28.047,28.047,48.61,37,not_computed,pass,fail,0.4446,False,aggregated_real_boltz_outputs
Patch_B_L12_colabdesign_chunk_seed0015_n005_raw_0002,CGQPDTHPPWVC,Patch_B,1,1,0.3826,0.3826,27.301,27.301,48.95,28,not_computed,pass,fail,0.4543,False,aggregated_real_boltz_outputs
Patch_B_L12_colabdesign_chunk_seed0015_n005_raw_0005,CPDNHTHVGMRC,Patch_B,1,1,0.4784,0.4784,26.881,26.881,53.05,60,not_computed,pass,fail,0.4995,False,aggregated_real_boltz_outputs
Patch_B_L12_colabdesign_chunk_seed0020_n005_raw_0002,CWPPPNDGNENC,Patch_B,1,1,0.3005,0.3005,29.012,29.012,44.13,43,not_computed,pass,pass,0.4017,False,aggregated_real_boltz_outputs
Patch_B_L12_colabdesign_chunk_seed0020_n005_raw_0004,CGENHDSAPWTC,Patch_B,1,1,0.3091,0.3091,28.187,28.187,40.42,45,not_computed,pass,fail,0.4041,False,aggregated_real_boltz_outputs
Patch_B_L12_colabdesign_chunk_seed0020_n005_raw_0005,CWYPPDDPKYQC,Patch_B,1,1,0.3958,0.3958,27.526,27.526,66.04,28,not_computed,pass,fail,0.4912,False,aggregated_real_boltz_outputs
Patch_B_L12_colabdesign_chunk_seed0025_n005_raw_0001,CPPNHNDDHWMC,Patch_B,1,1,0.3475,0.3475,28.204,28.204,41.78,44,not_computed,pass,fail,0.4202,False,aggregated_real_boltz_outputs
Patch_B_L12_colabdesign_chunk_seed0025_n005_raw_0004,CRMRDGRPPNGC,Patch_B,1,1,0.5278,0.5278,27.766,27.766,46.47,65,not_computed,pass,fail,0.4963,False,aggregated_real_boltz_outputs
Patch_B_L12_colabdesign_chunk_seed0030_n005_raw_0002,CRWRGKPDPGYC,Patch_B,1,1,0.3316,0.3316,28.653,28.653,34.52,29,not_computed,pass,fail,0.3963,False,aggregated_real_boltz_outputs
Patch_B_L12_colabdesign_chunk_seed0030_n005_raw_0003,CKDNHDHPHMVC,Patch_B,1,1,0.3397,0.3397,27.847,27.847,43.8,25,not_computed,pass,fail,0.4244,False,aggregated_real_boltz_outputs
Patch_B_L12_colabdesign_chunk_seed0035_n005_raw_0001,CNDPSSDAPWVC,Patch_B,1,1,0.4006,0.4006,26.458,26.458,48.95,57,not_computed,pass,fail,0.4676,False,aggregated_real_boltz_outputs
Patch_B_L12_colabdesign_chunk_seed0035_n005_raw_0002,CDETAPPNYWDC,Patch_B,1,1,0.3123,0.3123,28.784,28.784,43.2,25,not_computed,pass,fail,0.4058,False,aggregated_real_boltz_outputs
