pdb_id,chain_id,pdb_residue_number,pdb_residue_name,uniprot_id,uniprot_residue_number,uniprot_residue_name,mapping_confidence,is_visible
3GHG,A,27,ALA,P02671,46,A,high,True
3GHG,A,28,CYS,P02671,47,C,high,True
3GHG,A,29,LYS,P02671,48,K,high,True
3GHG,A,30,ASP,P02671,49,D,high,True
3GHG,A,31,SER,P02671,50,S,high,True
3GHG,A,32,ASP,P02671,51,D,high,True
3GHG,A,33,TRP,P02671,52,W,high,True
3GHG,A,34,PRO,P02671,53,P,high,True
3GHG,A,35,PHE,P02671,54,F,high,True
3GHG,A,36,CYS,P02671,55,C,high,True
3GHG,A,37,SER,P02671,56,S,high,True
3GHG,A,38,ASP,P02671,57,D,high,True
3GHG,A,39,GLU,P02671,58,E,high,True
3GHG,A,40,ASP,P02671,59,D,high,True
3GHG,A,41,TRP,P02671,60,W,high,True
3GHG,A,42,ASN,P02671,61,N,high,True
3GHG,A,43,TYR,P02671,62,Y,high,True
3GHG,A,44,LYS,P02671,63,K,high,True
3GHG,A,45,CYS,P02671,64,C,high,True
3GHG,A,46,PRO,P02671,65,P,high,True
3GHG,A,47,SER,P02671,66,S,high,True
3GHG,A,48,GLY,P02671,67,G,high,True
3GHG,A,49,CYS,P02671,68,C,high,True
3GHG,A,50,ARG,P02671,69,R,high,True
3GHG,A,51,MET,P02671,70,M,high,True
3GHG,A,52,LYS,P02671,71,K,high,True
3GHG,A,53,GLY,P02671,72,G,high,True
3GHG,A,54,LEU,P02671,73,L,high,True
3GHG,A,55,ILE,P02671,74,I,high,True
3GHG,A,56,ASP,P02671,75,D,high,True
3GHG,A,57,GLU,P02671,76,E,high,True
3GHG,A,58,VAL,P02671,77,V,high,True
3GHG,A,59,ASN,P02671,78,N,high,True
3GHG,A,60,GLN,P02671,79,Q,high,True
3GHG,A,61,ASP,P02671,80,D,high,True
3GHG,A,62,PHE,P02671,81,F,high,True
3GHG,A,63,THR,P02671,82,T,high,True
3GHG,A,64,ASN,P02671,83,N,high,True
3GHG,A,65,ARG,P02671,84,R,high,True
3GHG,A,66,ILE,P02671,85,I,high,True
3GHG,A,67,ASN,P02671,86,N,high,True
3GHG,A,68,LYS,P02671,87,K,high,True
3GHG,A,69,LEU,P02671,88,L,high,True
3GHG,A,70,LYS,P02671,89,K,high,True
3GHG,A,71,ASN,P02671,90,N,high,True
3GHG,A,72,SER,P02671,91,S,high,True
3GHG,A,73,LEU,P02671,92,L,high,True
3GHG,A,74,PHE,P02671,93,F,high,True
3GHG,A,75,GLU,P02671,94,E,high,True
3GHG,A,76,TYR,P02671,95,Y,high,True
3GHG,A,77,GLN,P02671,96,Q,high,True
3GHG,A,78,LYS,P02671,97,K,high,True
3GHG,A,79,ASN,P02671,98,N,high,True
3GHG,A,80,ASN,P02671,99,N,high,True
3GHG,A,81,LYS,P02671,100,K,high,True
3GHG,A,82,ASP,P02671,101,D,high,True
3GHG,A,83,SER,P02671,102,S,high,True
3GHG,A,84,HIS,P02671,103,H,high,True
3GHG,A,85,SER,P02671,104,S,high,True
3GHG,A,86,LEU,P02671,105,L,high,True
3GHG,A,87,THR,P02671,106,T,high,True
3GHG,A,88,THR,P02671,107,T,high,True
3GHG,A,89,ASN,P02671,108,N,high,True
3GHG,A,90,ILE,P02671,109,I,high,True
3GHG,A,91,MET,P02671,110,M,high,True
3GHG,A,92,GLU,P02671,111,E,high,True
3GHG,A,93,ILE,P02671,112,I,high,True
3GHG,A,94,LEU,P02671,113,L,high,True
3GHG,A,95,ARG,P02671,114,R,high,True
3GHG,A,96,GLY,P02671,115,G,high,True
3GHG,A,97,ASP,P02671,116,D,high,True
3GHG,A,98,PHE,P02671,117,F,high,True
3GHG,A,99,SER,P02671,118,S,high,True
3GHG,A,100,SER,P02671,119,S,high,True
3GHG,A,101,ALA,P02671,120,A,high,True
3GHG,A,102,ASN,P02671,121,N,high,True
3GHG,A,103,ASN,P02671,122,N,high,True
3GHG,A,104,ARG,P02671,123,R,high,True
3GHG,A,105,ASP,P02671,124,D,high,True
3GHG,A,106,ASN,P02671,125,N,high,True
3GHG,A,107,THR,P02671,126,T,high,True
3GHG,A,108,TYR,P02671,127,Y,high,True
3GHG,A,109,ASN,P02671,128,N,high,True
3GHG,A,110,ARG,P02671,129,R,high,True
3GHG,A,111,VAL,P02671,130,V,high,True
3GHG,A,112,SER,P02671,131,S,high,True
3GHG,A,113,GLU,P02671,132,E,high,True
3GHG,A,114,ASP,P02671,133,D,high,True
3GHG,A,115,LEU,P02671,134,L,high,True
3GHG,A,116,ARG,P02671,135,R,high,True
3GHG,A,117,SER,P02671,136,S,high,True
3GHG,A,118,ARG,P02671,137,R,high,True
3GHG,A,119,ILE,P02671,138,I,high,True
3GHG,A,120,GLU,P02671,139,E,high,True
3GHG,A,121,VAL,P02671,140,V,high,True
3GHG,A,122,LEU,P02671,141,L,high,True
3GHG,A,123,LYS,P02671,142,K,high,True
3GHG,A,124,ARG,P02671,143,R,high,True
3GHG,A,125,LYS,P02671,144,K,high,True
3GHG,A,126,VAL,P02671,145,V,high,True
3GHG,A,127,ILE,P02671,146,I,high,True
3GHG,A,128,GLU,P02671,147,E,high,True
3GHG,A,129,LYS,P02671,148,K,high,True
3GHG,A,130,VAL,P02671,149,V,high,True
3GHG,A,131,GLN,P02671,150,Q,high,True
3GHG,A,132,HIS,P02671,151,H,high,True
3GHG,A,133,ILE,P02671,152,I,high,True
3GHG,A,134,GLN,P02671,153,Q,high,True
3GHG,A,135,LEU,P02671,154,L,high,True
3GHG,A,136,LEU,P02671,155,L,high,True
3GHG,A,137,GLN,P02671,156,Q,high,True
3GHG,A,138,LYS,P02671,157,K,high,True
3GHG,A,139,ASN,P02671,158,N,high,True
3GHG,A,140,VAL,P02671,159,V,high,True
3GHG,A,141,ARG,P02671,160,R,high,True
3GHG,A,142,ALA,P02671,161,A,high,True
3GHG,A,143,GLN,P02671,162,Q,high,True
3GHG,A,144,LEU,P02671,163,L,high,True
3GHG,A,145,VAL,P02671,164,V,high,True
3GHG,A,146,ASP,P02671,165,D,high,True
3GHG,A,147,MET,P02671,166,M,high,True
3GHG,A,148,LYS,P02671,167,K,high,True
3GHG,A,149,ARG,P02671,168,R,high,True
3GHG,A,150,LEU,P02671,169,L,high,True
3GHG,A,151,GLU,P02671,170,E,high,True
3GHG,A,152,VAL,P02671,171,V,high,True
3GHG,A,153,ASP,P02671,172,D,high,True
3GHG,A,154,ILE,P02671,173,I,high,True
3GHG,A,155,ASP,P02671,174,D,high,True
3GHG,A,156,ILE,P02671,175,I,high,True
3GHG,A,157,LYS,P02671,176,K,high,True
3GHG,A,158,ILE,P02671,177,I,high,True
3GHG,A,159,ARG,P02671,178,R,high,True
3GHG,A,160,SER,P02671,179,S,high,True
3GHG,A,161,CYS,P02671,180,C,high,True
3GHG,A,162,ARG,P02671,181,R,high,True
3GHG,A,163,GLY,P02671,182,G,high,True
3GHG,A,164,SER,P02671,183,S,high,True
3GHG,A,165,CYS,P02671,184,C,high,True
3GHG,A,166,SER,P02671,185,S,high,True
3GHG,A,167,ARG,P02671,186,R,high,True
3GHG,A,168,ALA,P02671,187,A,high,True
3GHG,A,169,LEU,P02671,188,L,high,True
3GHG,A,170,ALA,P02671,189,A,high,True
3GHG,A,171,ARG,P02671,190,R,high,True
3GHG,A,172,GLU,P02671,191,E,high,True
3GHG,A,173,VAL,P02671,192,V,high,True
3GHG,A,174,ASP,P02671,193,D,high,True
3GHG,A,175,LEU,P02671,194,L,high,True
3GHG,A,176,LYS,P02671,195,K,high,True
3GHG,A,177,ASP,P02671,196,D,high,True
3GHG,A,178,TYR,P02671,197,Y,high,True
3GHG,A,179,GLU,P02671,198,E,high,True
3GHG,A,180,ASP,P02671,199,D,high,True
3GHG,A,181,GLN,P02671,200,Q,high,True
3GHG,A,182,GLN,P02671,201,Q,high,True
3GHG,A,183,LYS,P02671,202,K,high,True
3GHG,A,184,GLN,P02671,203,Q,high,True
3GHG,A,185,LEU,P02671,204,L,high,True
3GHG,A,186,GLU,P02671,205,E,high,True
3GHG,A,187,GLN,P02671,206,Q,high,True
3GHG,A,188,VAL,P02671,207,V,high,True
3GHG,A,189,ILE,P02671,208,I,high,True
3GHG,A,190,ALA,P02671,209,A,high,True
3GHG,A,191,LYS,P02671,210,K,high,True
3GHG,A,192,ASP,P02671,211,D,high,True
3GHG,A,193,LEU,P02671,212,L,high,True
3GHG,A,194,LEU,P02671,213,L,high,True
3GHG,A,195,PRO,P02671,214,P,high,True
3GHG,A,196,SER,P02671,215,S,high,True
3GHG,A,197,ARG,P02671,216,R,high,True
3GHG,A,198,ASP,P02671,217,D,high,True
3GHG,A,199,ARG,P02671,218,R,high,True
3GHG,A,200,GLN,P02671,219,Q,high,True
3GHG,D,27,ALA,P02671,46,A,high,True
3GHG,D,28,CYS,P02671,47,C,high,True
3GHG,D,29,LYS,P02671,48,K,high,True
3GHG,D,30,ASP,P02671,49,D,high,True
3GHG,D,31,SER,P02671,50,S,high,True
3GHG,D,32,ASP,P02671,51,D,high,True
3GHG,D,33,TRP,P02671,52,W,high,True
3GHG,D,34,PRO,P02671,53,P,high,True
3GHG,D,35,PHE,P02671,54,F,high,True
3GHG,D,36,CYS,P02671,55,C,high,True
3GHG,D,37,SER,P02671,56,S,high,True
3GHG,D,38,ASP,P02671,57,D,high,True
3GHG,D,39,GLU,P02671,58,E,high,True
3GHG,D,40,ASP,P02671,59,D,high,True
3GHG,D,41,TRP,P02671,60,W,high,True
3GHG,D,42,ASN,P02671,61,N,high,True
3GHG,D,43,TYR,P02671,62,Y,high,True
3GHG,D,44,LYS,P02671,63,K,high,True
3GHG,D,45,CYS,P02671,64,C,high,True
3GHG,D,46,PRO,P02671,65,P,high,True
3GHG,D,47,SER,P02671,66,S,high,True
3GHG,D,48,GLY,P02671,67,G,high,True
3GHG,D,49,CYS,P02671,68,C,high,True
3GHG,D,50,ARG,P02671,69,R,high,True
3GHG,D,51,MET,P02671,70,M,high,True
3GHG,D,52,LYS,P02671,71,K,high,True
3GHG,D,53,GLY,P02671,72,G,high,True
3GHG,D,54,LEU,P02671,73,L,high,True
3GHG,D,55,ILE,P02671,74,I,high,True
3GHG,D,56,ASP,P02671,75,D,high,True
3GHG,D,57,GLU,P02671,76,E,high,True
3GHG,D,58,VAL,P02671,77,V,high,True
3GHG,D,59,ASN,P02671,78,N,high,True
3GHG,D,60,GLN,P02671,79,Q,high,True
3GHG,D,61,ASP,P02671,80,D,high,True
3GHG,D,62,PHE,P02671,81,F,high,True
3GHG,D,63,THR,P02671,82,T,high,True
3GHG,D,64,ASN,P02671,83,N,high,True
3GHG,D,65,ARG,P02671,84,R,high,True
3GHG,D,66,ILE,P02671,85,I,high,True
3GHG,D,67,ASN,P02671,86,N,high,True
3GHG,D,68,LYS,P02671,87,K,high,True
3GHG,D,69,LEU,P02671,88,L,high,True
3GHG,D,70,LYS,P02671,89,K,high,True
3GHG,D,71,ASN,P02671,90,N,high,True
3GHG,D,72,SER,P02671,91,S,high,True
3GHG,D,73,LEU,P02671,92,L,high,True
3GHG,D,74,PHE,P02671,93,F,high,True
3GHG,D,75,GLU,P02671,94,E,high,True
3GHG,D,76,TYR,P02671,95,Y,high,True
3GHG,D,77,GLN,P02671,96,Q,high,True
3GHG,D,78,LYS,P02671,97,K,high,True
3GHG,D,79,ASN,P02671,98,N,high,True
3GHG,D,80,ASN,P02671,99,N,high,True
3GHG,D,81,LYS,P02671,100,K,high,True
3GHG,D,82,ASP,P02671,101,D,high,True
3GHG,D,83,SER,P02671,102,S,high,True
3GHG,D,84,HIS,P02671,103,H,high,True
3GHG,D,85,SER,P02671,104,S,high,True
3GHG,D,86,LEU,P02671,105,L,high,True
3GHG,D,87,THR,P02671,106,T,high,True
3GHG,D,88,THR,P02671,107,T,high,True
3GHG,D,89,ASN,P02671,108,N,high,True
3GHG,D,90,ILE,P02671,109,I,high,True
3GHG,D,91,MET,P02671,110,M,high,True
3GHG,D,92,GLU,P02671,111,E,high,True
3GHG,D,93,ILE,P02671,112,I,high,True
3GHG,D,94,LEU,P02671,113,L,high,True
3GHG,D,95,ARG,P02671,114,R,high,True
3GHG,D,96,GLY,P02671,115,G,high,True
3GHG,D,97,ASP,P02671,116,D,high,True
3GHG,D,98,PHE,P02671,117,F,high,True
3GHG,D,99,SER,P02671,118,S,high,True
3GHG,D,100,SER,P02671,119,S,high,True
3GHG,D,101,ALA,P02671,120,A,high,True
3GHG,D,102,ASN,P02671,121,N,high,True
3GHG,D,103,ASN,P02671,122,N,high,True
3GHG,D,104,ARG,P02671,123,R,high,True
3GHG,D,105,ASP,P02671,124,D,high,True
3GHG,D,106,ASN,P02671,125,N,high,True
3GHG,D,107,THR,P02671,126,T,high,True
3GHG,D,108,TYR,P02671,127,Y,high,True
3GHG,D,109,ASN,P02671,128,N,high,True
3GHG,D,110,ARG,P02671,129,R,high,True
3GHG,D,111,VAL,P02671,130,V,high,True
3GHG,D,112,SER,P02671,131,S,high,True
3GHG,D,113,GLU,P02671,132,E,high,True
3GHG,D,114,ASP,P02671,133,D,high,True
3GHG,D,115,LEU,P02671,134,L,high,True
3GHG,D,116,ARG,P02671,135,R,high,True
3GHG,D,117,SER,P02671,136,S,high,True
3GHG,D,118,ARG,P02671,137,R,high,True
3GHG,D,119,ILE,P02671,138,I,high,True
3GHG,D,120,GLU,P02671,139,E,high,True
3GHG,D,121,VAL,P02671,140,V,high,True
3GHG,D,122,LEU,P02671,141,L,high,True
3GHG,D,123,LYS,P02671,142,K,high,True
3GHG,D,124,ARG,P02671,143,R,high,True
3GHG,D,125,LYS,P02671,144,K,high,True
3GHG,D,126,VAL,P02671,145,V,high,True
3GHG,D,127,ILE,P02671,146,I,high,True
3GHG,D,128,GLU,P02671,147,E,high,True
3GHG,D,129,LYS,P02671,148,K,high,True
3GHG,D,130,VAL,P02671,149,V,high,True
3GHG,D,131,GLN,P02671,150,Q,high,True
3GHG,D,132,HIS,P02671,151,H,high,True
3GHG,D,133,ILE,P02671,152,I,high,True
3GHG,D,134,GLN,P02671,153,Q,high,True
3GHG,D,135,LEU,P02671,154,L,high,True
3GHG,D,136,LEU,P02671,155,L,high,True
3GHG,D,137,GLN,P02671,156,Q,high,True
3GHG,D,138,LYS,P02671,157,K,high,True
3GHG,D,139,ASN,P02671,158,N,high,True
3GHG,D,140,VAL,P02671,159,V,high,True
3GHG,D,141,ARG,P02671,160,R,high,True
3GHG,D,142,ALA,P02671,161,A,high,True
3GHG,D,143,GLN,P02671,162,Q,high,True
3GHG,D,144,LEU,P02671,163,L,high,True
3GHG,D,145,VAL,P02671,164,V,high,True
3GHG,D,146,ASP,P02671,165,D,high,True
3GHG,D,147,MET,P02671,166,M,high,True
3GHG,D,148,LYS,P02671,167,K,high,True
3GHG,D,149,ARG,P02671,168,R,high,True
3GHG,D,150,LEU,P02671,169,L,high,True
3GHG,D,151,GLU,P02671,170,E,high,True
3GHG,D,152,VAL,P02671,171,V,high,True
3GHG,D,153,ASP,P02671,172,D,high,True
3GHG,D,154,ILE,P02671,173,I,high,True
3GHG,D,155,ASP,P02671,174,D,high,True
3GHG,D,156,ILE,P02671,175,I,high,True
3GHG,D,157,LYS,P02671,176,K,high,True
3GHG,D,158,ILE,P02671,177,I,high,True
3GHG,D,159,ARG,P02671,178,R,high,True
3GHG,D,160,SER,P02671,179,S,high,True
3GHG,D,161,CYS,P02671,180,C,high,True
3GHG,D,162,ARG,P02671,181,R,high,True
3GHG,D,163,GLY,P02671,182,G,high,True
3GHG,D,164,SER,P02671,183,S,high,True
3GHG,D,165,CYS,P02671,184,C,high,True
3GHG,D,166,SER,P02671,185,S,high,True
3GHG,D,167,ARG,P02671,186,R,high,True
3GHG,D,168,ALA,P02671,187,A,high,True
3GHG,D,169,LEU,P02671,188,L,high,True
3GHG,D,170,ALA,P02671,189,A,high,True
3GHG,D,171,ARG,P02671,190,R,high,True
3GHG,D,172,GLU,P02671,191,E,high,True
3GHG,D,173,VAL,P02671,192,V,high,True
3GHG,D,174,ASP,P02671,193,D,high,True
3GHG,D,175,LEU,P02671,194,L,high,True
3GHG,D,176,LYS,P02671,195,K,high,True
3GHG,D,177,ASP,P02671,196,D,high,True
3GHG,D,178,TYR,P02671,197,Y,high,True
3GHG,D,179,GLU,P02671,198,E,high,True
3GHG,D,180,ASP,P02671,199,D,high,True
3GHG,D,181,GLN,P02671,200,Q,high,True
3GHG,D,182,GLN,P02671,201,Q,high,True
3GHG,D,183,LYS,P02671,202,K,high,True
3GHG,D,184,GLN,P02671,203,Q,high,True
3GHG,D,185,LEU,P02671,204,L,high,True
3GHG,D,186,GLU,P02671,205,E,high,True
3GHG,D,187,GLN,P02671,206,Q,high,True
3GHG,D,188,VAL,P02671,207,V,high,True
3GHG,D,189,ILE,P02671,208,I,high,True
3GHG,D,190,ALA,P02671,209,A,high,True
3GHG,D,191,LYS,P02671,210,K,high,True
3GHG,D,192,ASP,P02671,211,D,high,True
3GHG,D,193,LEU,P02671,212,L,high,True
3GHG,D,194,LEU,P02671,213,L,high,True
3GHG,D,195,PRO,P02671,214,P,high,True
3GHG,D,196,SER,P02671,215,S,high,True
3GHG,D,197,ARG,P02671,216,R,high,True
3GHG,D,198,ASP,P02671,217,D,high,True
3GHG,D,199,ARG,P02671,218,R,high,True
3GHG,D,200,GLN,P02671,219,Q,high,True
3GHG,G,27,ALA,P02671,46,A,high,True
3GHG,G,28,CYS,P02671,47,C,high,True
3GHG,G,29,LYS,P02671,48,K,high,True
3GHG,G,30,ASP,P02671,49,D,high,True
3GHG,G,31,SER,P02671,50,S,high,True
3GHG,G,32,ASP,P02671,51,D,high,True
3GHG,G,33,TRP,P02671,52,W,high,True
3GHG,G,34,PRO,P02671,53,P,high,True
3GHG,G,35,PHE,P02671,54,F,high,True
3GHG,G,36,CYS,P02671,55,C,high,True
3GHG,G,37,SER,P02671,56,S,high,True
3GHG,G,38,ASP,P02671,57,D,high,True
3GHG,G,39,GLU,P02671,58,E,high,True
3GHG,G,40,ASP,P02671,59,D,high,True
3GHG,G,41,TRP,P02671,60,W,high,True
3GHG,G,42,ASN,P02671,61,N,high,True
3GHG,G,43,TYR,P02671,62,Y,high,True
3GHG,G,44,LYS,P02671,63,K,high,True
3GHG,G,45,CYS,P02671,64,C,high,True
3GHG,G,46,PRO,P02671,65,P,high,True
3GHG,G,47,SER,P02671,66,S,high,True
3GHG,G,48,GLY,P02671,67,G,high,True
3GHG,G,49,CYS,P02671,68,C,high,True
3GHG,G,50,ARG,P02671,69,R,high,True
3GHG,G,51,MET,P02671,70,M,high,True
3GHG,G,52,LYS,P02671,71,K,high,True
3GHG,G,53,GLY,P02671,72,G,high,True
3GHG,G,54,LEU,P02671,73,L,high,True
3GHG,G,55,ILE,P02671,74,I,high,True
3GHG,G,56,ASP,P02671,75,D,high,True
3GHG,G,57,GLU,P02671,76,E,high,True
3GHG,G,58,VAL,P02671,77,V,high,True
3GHG,G,59,ASN,P02671,78,N,high,True
3GHG,G,60,GLN,P02671,79,Q,high,True
3GHG,G,61,ASP,P02671,80,D,high,True
3GHG,G,62,PHE,P02671,81,F,high,True
3GHG,G,63,THR,P02671,82,T,high,True
3GHG,G,64,ASN,P02671,83,N,high,True
3GHG,G,65,ARG,P02671,84,R,high,True
3GHG,G,66,ILE,P02671,85,I,high,True
3GHG,G,67,ASN,P02671,86,N,high,True
3GHG,G,68,LYS,P02671,87,K,high,True
3GHG,G,69,LEU,P02671,88,L,high,True
3GHG,G,70,LYS,P02671,89,K,high,True
3GHG,G,71,ASN,P02671,90,N,high,True
3GHG,G,72,SER,P02671,91,S,high,True
3GHG,G,73,LEU,P02671,92,L,high,True
3GHG,G,74,PHE,P02671,93,F,high,True
3GHG,G,75,GLU,P02671,94,E,high,True
3GHG,G,76,TYR,P02671,95,Y,high,True
3GHG,G,77,GLN,P02671,96,Q,high,True
3GHG,G,78,LYS,P02671,97,K,high,True
3GHG,G,79,ASN,P02671,98,N,high,True
3GHG,G,80,ASN,P02671,99,N,high,True
3GHG,G,81,LYS,P02671,100,K,high,True
3GHG,G,82,ASP,P02671,101,D,high,True
3GHG,G,83,SER,P02671,102,S,high,True
3GHG,G,84,HIS,P02671,103,H,high,True
3GHG,G,85,SER,P02671,104,S,high,True
3GHG,G,86,LEU,P02671,105,L,high,True
3GHG,G,87,THR,P02671,106,T,high,True
3GHG,G,88,THR,P02671,107,T,high,True
3GHG,G,89,ASN,P02671,108,N,high,True
3GHG,G,90,ILE,P02671,109,I,high,True
3GHG,G,91,MET,P02671,110,M,high,True
3GHG,G,92,GLU,P02671,111,E,high,True
3GHG,G,93,ILE,P02671,112,I,high,True
3GHG,G,94,LEU,P02671,113,L,high,True
3GHG,G,95,ARG,P02671,114,R,high,True
3GHG,G,96,GLY,P02671,115,G,high,True
3GHG,G,97,ASP,P02671,116,D,high,True
3GHG,G,98,PHE,P02671,117,F,high,True
3GHG,G,99,SER,P02671,118,S,high,True
3GHG,G,100,SER,P02671,119,S,high,True
3GHG,G,101,ALA,P02671,120,A,high,True
3GHG,G,102,ASN,P02671,121,N,high,True
3GHG,G,103,ASN,P02671,122,N,high,True
3GHG,G,104,ARG,P02671,123,R,high,True
3GHG,G,105,ASP,P02671,124,D,high,True
3GHG,G,106,ASN,P02671,125,N,high,True
3GHG,G,107,THR,P02671,126,T,high,True
3GHG,G,108,TYR,P02671,127,Y,high,True
3GHG,G,109,ASN,P02671,128,N,high,True
3GHG,G,110,ARG,P02671,129,R,high,True
3GHG,G,111,VAL,P02671,130,V,high,True
3GHG,G,112,SER,P02671,131,S,high,True
3GHG,G,113,GLU,P02671,132,E,high,True
3GHG,G,114,ASP,P02671,133,D,high,True
3GHG,G,115,LEU,P02671,134,L,high,True
3GHG,G,116,ARG,P02671,135,R,high,True
3GHG,G,117,SER,P02671,136,S,high,True
3GHG,G,118,ARG,P02671,137,R,high,True
3GHG,G,119,ILE,P02671,138,I,high,True
3GHG,G,120,GLU,P02671,139,E,high,True
3GHG,G,121,VAL,P02671,140,V,high,True
3GHG,G,122,LEU,P02671,141,L,high,True
3GHG,G,123,LYS,P02671,142,K,high,True
3GHG,G,124,ARG,P02671,143,R,high,True
3GHG,G,125,LYS,P02671,144,K,high,True
3GHG,G,126,VAL,P02671,145,V,high,True
3GHG,G,127,ILE,P02671,146,I,high,True
3GHG,G,128,GLU,P02671,147,E,high,True
3GHG,G,129,LYS,P02671,148,K,high,True
3GHG,G,130,VAL,P02671,149,V,high,True
3GHG,G,131,GLN,P02671,150,Q,high,True
3GHG,G,132,HIS,P02671,151,H,high,True
3GHG,G,133,ILE,P02671,152,I,high,True
3GHG,G,134,GLN,P02671,153,Q,high,True
3GHG,G,135,LEU,P02671,154,L,high,True
3GHG,G,136,LEU,P02671,155,L,high,True
3GHG,G,137,GLN,P02671,156,Q,high,True
3GHG,G,138,LYS,P02671,157,K,high,True
3GHG,G,139,ASN,P02671,158,N,high,True
3GHG,G,140,VAL,P02671,159,V,high,True
3GHG,G,141,ARG,P02671,160,R,high,True
3GHG,G,142,ALA,P02671,161,A,high,True
3GHG,G,143,GLN,P02671,162,Q,high,True
3GHG,G,144,LEU,P02671,163,L,high,True
3GHG,G,145,VAL,P02671,164,V,high,True
3GHG,G,146,ASP,P02671,165,D,high,True
3GHG,G,147,MET,P02671,166,M,high,True
3GHG,G,148,LYS,P02671,167,K,high,True
3GHG,G,149,ARG,P02671,168,R,high,True
3GHG,G,150,LEU,P02671,169,L,high,True
3GHG,G,151,GLU,P02671,170,E,high,True
3GHG,G,152,VAL,P02671,171,V,high,True
3GHG,G,153,ASP,P02671,172,D,high,True
3GHG,G,154,ILE,P02671,173,I,high,True
3GHG,G,155,ASP,P02671,174,D,high,True
3GHG,G,156,ILE,P02671,175,I,high,True
3GHG,G,157,LYS,P02671,176,K,high,True
3GHG,G,158,ILE,P02671,177,I,high,True
3GHG,G,159,ARG,P02671,178,R,high,True
3GHG,G,160,SER,P02671,179,S,high,True
3GHG,G,161,CYS,P02671,180,C,high,True
3GHG,G,162,ARG,P02671,181,R,high,True
3GHG,G,163,GLY,P02671,182,G,high,True
3GHG,G,164,SER,P02671,183,S,high,True
3GHG,G,165,CYS,P02671,184,C,high,True
3GHG,G,166,SER,P02671,185,S,high,True
3GHG,G,167,ARG,P02671,186,R,high,True
3GHG,G,168,ALA,P02671,187,A,high,True
3GHG,G,169,LEU,P02671,188,L,high,True
3GHG,G,170,ALA,P02671,189,A,high,True
3GHG,G,171,ARG,P02671,190,R,high,True
3GHG,G,172,GLU,P02671,191,E,high,True
3GHG,G,173,VAL,P02671,192,V,high,True
3GHG,G,174,ASP,P02671,193,D,high,True
3GHG,G,175,LEU,P02671,194,L,high,True
3GHG,G,176,LYS,P02671,195,K,high,True
3GHG,G,177,ASP,P02671,196,D,high,True
3GHG,G,178,TYR,P02671,197,Y,high,True
3GHG,G,179,GLU,P02671,198,E,high,True
3GHG,G,180,ASP,P02671,199,D,high,True
3GHG,G,181,GLN,P02671,200,Q,high,True
3GHG,G,182,GLN,P02671,201,Q,high,True
3GHG,G,183,LYS,P02671,202,K,high,True
3GHG,G,184,GLN,P02671,203,Q,high,True
3GHG,G,185,LEU,P02671,204,L,high,True
3GHG,G,186,GLU,P02671,205,E,high,True
3GHG,G,187,GLN,P02671,206,Q,high,True
3GHG,G,188,VAL,P02671,207,V,high,True
3GHG,G,189,ILE,P02671,208,I,high,True
3GHG,G,190,ALA,P02671,209,A,high,True
3GHG,G,191,LYS,P02671,210,K,high,True
3GHG,G,192,ASP,P02671,211,D,high,True
3GHG,G,193,LEU,P02671,212,L,high,True
3GHG,G,194,LEU,P02671,213,L,high,True
3GHG,G,195,PRO,P02671,214,P,high,True
3GHG,G,196,SER,P02671,215,S,high,True
3GHG,G,197,ARG,P02671,216,R,high,True
3GHG,G,198,ASP,P02671,217,D,high,True
3GHG,G,199,ARG,P02671,218,R,high,True
3GHG,G,200,GLN,P02671,219,Q,high,True
3GHG,J,27,ALA,P02671,46,A,high,True
3GHG,J,28,CYS,P02671,47,C,high,True
3GHG,J,29,LYS,P02671,48,K,high,True
3GHG,J,30,ASP,P02671,49,D,high,True
3GHG,J,31,SER,P02671,50,S,high,True
3GHG,J,32,ASP,P02671,51,D,high,True
3GHG,J,33,TRP,P02671,52,W,high,True
3GHG,J,34,PRO,P02671,53,P,high,True
3GHG,J,35,PHE,P02671,54,F,high,True
3GHG,J,36,CYS,P02671,55,C,high,True
3GHG,J,37,SER,P02671,56,S,high,True
3GHG,J,38,ASP,P02671,57,D,high,True
3GHG,J,39,GLU,P02671,58,E,high,True
3GHG,J,40,ASP,P02671,59,D,high,True
3GHG,J,41,TRP,P02671,60,W,high,True
3GHG,J,42,ASN,P02671,61,N,high,True
3GHG,J,43,TYR,P02671,62,Y,high,True
3GHG,J,44,LYS,P02671,63,K,high,True
3GHG,J,45,CYS,P02671,64,C,high,True
3GHG,J,46,PRO,P02671,65,P,high,True
3GHG,J,47,SER,P02671,66,S,high,True
3GHG,J,48,GLY,P02671,67,G,high,True
3GHG,J,49,CYS,P02671,68,C,high,True
3GHG,J,50,ARG,P02671,69,R,high,True
3GHG,J,51,MET,P02671,70,M,high,True
3GHG,J,52,LYS,P02671,71,K,high,True
3GHG,J,53,GLY,P02671,72,G,high,True
3GHG,J,54,LEU,P02671,73,L,high,True
3GHG,J,55,ILE,P02671,74,I,high,True
3GHG,J,56,ASP,P02671,75,D,high,True
3GHG,J,57,GLU,P02671,76,E,high,True
3GHG,J,58,VAL,P02671,77,V,high,True
3GHG,J,59,ASN,P02671,78,N,high,True
3GHG,J,60,GLN,P02671,79,Q,high,True
3GHG,J,61,ASP,P02671,80,D,high,True
3GHG,J,62,PHE,P02671,81,F,high,True
3GHG,J,63,THR,P02671,82,T,high,True
3GHG,J,64,ASN,P02671,83,N,high,True
3GHG,J,65,ARG,P02671,84,R,high,True
3GHG,J,66,ILE,P02671,85,I,high,True
3GHG,J,67,ASN,P02671,86,N,high,True
3GHG,J,68,LYS,P02671,87,K,high,True
3GHG,J,69,LEU,P02671,88,L,high,True
3GHG,J,70,LYS,P02671,89,K,high,True
3GHG,J,71,ASN,P02671,90,N,high,True
3GHG,J,72,SER,P02671,91,S,high,True
3GHG,J,73,LEU,P02671,92,L,high,True
3GHG,J,74,PHE,P02671,93,F,high,True
3GHG,J,75,GLU,P02671,94,E,high,True
3GHG,J,76,TYR,P02671,95,Y,high,True
3GHG,J,77,GLN,P02671,96,Q,high,True
3GHG,J,78,LYS,P02671,97,K,high,True
3GHG,J,79,ASN,P02671,98,N,high,True
3GHG,J,80,ASN,P02671,99,N,high,True
3GHG,J,81,LYS,P02671,100,K,high,True
3GHG,J,82,ASP,P02671,101,D,high,True
3GHG,J,83,SER,P02671,102,S,high,True
3GHG,J,84,HIS,P02671,103,H,high,True
3GHG,J,85,SER,P02671,104,S,high,True
3GHG,J,86,LEU,P02671,105,L,high,True
3GHG,J,87,THR,P02671,106,T,high,True
3GHG,J,88,THR,P02671,107,T,high,True
3GHG,J,89,ASN,P02671,108,N,high,True
3GHG,J,90,ILE,P02671,109,I,high,True
3GHG,J,91,MET,P02671,110,M,high,True
3GHG,J,92,GLU,P02671,111,E,high,True
3GHG,J,93,ILE,P02671,112,I,high,True
3GHG,J,94,LEU,P02671,113,L,high,True
3GHG,J,95,ARG,P02671,114,R,high,True
3GHG,J,96,GLY,P02671,115,G,high,True
3GHG,J,97,ASP,P02671,116,D,high,True
3GHG,J,98,PHE,P02671,117,F,high,True
3GHG,J,99,SER,P02671,118,S,high,True
3GHG,J,100,SER,P02671,119,S,high,True
3GHG,J,101,ALA,P02671,120,A,high,True
3GHG,J,102,ASN,P02671,121,N,high,True
3GHG,J,103,ASN,P02671,122,N,high,True
3GHG,J,104,ARG,P02671,123,R,high,True
3GHG,J,105,ASP,P02671,124,D,high,True
3GHG,J,106,ASN,P02671,125,N,high,True
3GHG,J,107,THR,P02671,126,T,high,True
3GHG,J,108,TYR,P02671,127,Y,high,True
3GHG,J,109,ASN,P02671,128,N,high,True
3GHG,J,110,ARG,P02671,129,R,high,True
3GHG,J,111,VAL,P02671,130,V,high,True
3GHG,J,112,SER,P02671,131,S,high,True
3GHG,J,113,GLU,P02671,132,E,high,True
3GHG,J,114,ASP,P02671,133,D,high,True
3GHG,J,115,LEU,P02671,134,L,high,True
3GHG,J,116,ARG,P02671,135,R,high,True
3GHG,J,117,SER,P02671,136,S,high,True
3GHG,J,118,ARG,P02671,137,R,high,True
3GHG,J,119,ILE,P02671,138,I,high,True
3GHG,J,120,GLU,P02671,139,E,high,True
3GHG,J,121,VAL,P02671,140,V,high,True
3GHG,J,122,LEU,P02671,141,L,high,True
3GHG,J,123,LYS,P02671,142,K,high,True
3GHG,J,124,ARG,P02671,143,R,high,True
3GHG,J,125,LYS,P02671,144,K,high,True
3GHG,J,126,VAL,P02671,145,V,high,True
3GHG,J,127,ILE,P02671,146,I,high,True
3GHG,J,128,GLU,P02671,147,E,high,True
3GHG,J,129,LYS,P02671,148,K,high,True
3GHG,J,130,VAL,P02671,149,V,high,True
3GHG,J,131,GLN,P02671,150,Q,high,True
3GHG,J,132,HIS,P02671,151,H,high,True
3GHG,J,133,ILE,P02671,152,I,high,True
3GHG,J,134,GLN,P02671,153,Q,high,True
3GHG,J,135,LEU,P02671,154,L,high,True
3GHG,J,136,LEU,P02671,155,L,high,True
3GHG,J,137,GLN,P02671,156,Q,high,True
3GHG,J,138,LYS,P02671,157,K,high,True
3GHG,J,139,ASN,P02671,158,N,high,True
3GHG,J,140,VAL,P02671,159,V,high,True
3GHG,J,141,ARG,P02671,160,R,high,True
3GHG,J,142,ALA,P02671,161,A,high,True
3GHG,J,143,GLN,P02671,162,Q,high,True
3GHG,J,144,LEU,P02671,163,L,high,True
3GHG,J,145,VAL,P02671,164,V,high,True
3GHG,J,146,ASP,P02671,165,D,high,True
3GHG,J,147,MET,P02671,166,M,high,True
3GHG,J,148,LYS,P02671,167,K,high,True
3GHG,J,149,ARG,P02671,168,R,high,True
3GHG,J,150,LEU,P02671,169,L,high,True
3GHG,J,151,GLU,P02671,170,E,high,True
3GHG,J,152,VAL,P02671,171,V,high,True
3GHG,J,153,ASP,P02671,172,D,high,True
3GHG,J,154,ILE,P02671,173,I,high,True
3GHG,J,155,ASP,P02671,174,D,high,True
3GHG,J,156,ILE,P02671,175,I,high,True
3GHG,J,157,LYS,P02671,176,K,high,True
3GHG,J,158,ILE,P02671,177,I,high,True
3GHG,J,159,ARG,P02671,178,R,high,True
3GHG,J,160,SER,P02671,179,S,high,True
3GHG,J,161,CYS,P02671,180,C,high,True
3GHG,J,162,ARG,P02671,181,R,high,True
3GHG,J,163,GLY,P02671,182,G,high,True
3GHG,J,164,SER,P02671,183,S,high,True
3GHG,J,165,CYS,P02671,184,C,high,True
3GHG,J,166,SER,P02671,185,S,high,True
3GHG,J,167,ARG,P02671,186,R,high,True
3GHG,J,168,ALA,P02671,187,A,high,True
3GHG,J,169,LEU,P02671,188,L,high,True
3GHG,J,170,ALA,P02671,189,A,high,True
3GHG,J,171,ARG,P02671,190,R,high,True
3GHG,J,172,GLU,P02671,191,E,high,True
3GHG,J,173,VAL,P02671,192,V,high,True
3GHG,J,174,ASP,P02671,193,D,high,True
3GHG,J,175,LEU,P02671,194,L,high,True
3GHG,J,176,LYS,P02671,195,K,high,True
3GHG,J,177,ASP,P02671,196,D,high,True
3GHG,J,178,TYR,P02671,197,Y,high,True
3GHG,J,179,GLU,P02671,198,E,high,True
3GHG,J,180,ASP,P02671,199,D,high,True
3GHG,J,181,GLN,P02671,200,Q,high,True
3GHG,J,182,GLN,P02671,201,Q,high,True
3GHG,J,183,LYS,P02671,202,K,high,True
3GHG,J,184,GLN,P02671,203,Q,high,True
3GHG,J,185,LEU,P02671,204,L,high,True
3GHG,J,186,GLU,P02671,205,E,high,True
3GHG,J,187,GLN,P02671,206,Q,high,True
3GHG,J,188,VAL,P02671,207,V,high,True
3GHG,J,189,ILE,P02671,208,I,high,True
3GHG,J,190,ALA,P02671,209,A,high,True
3GHG,J,191,LYS,P02671,210,K,high,True
3GHG,J,192,ASP,P02671,211,D,high,True
3GHG,J,193,LEU,P02671,212,L,high,True
3GHG,J,194,LEU,P02671,213,L,high,True
3GHG,J,195,PRO,P02671,214,P,high,True
3GHG,J,196,SER,P02671,215,S,high,True
3GHG,J,197,ARG,P02671,216,R,high,True
3GHG,J,198,ASP,P02671,217,D,high,True
3GHG,J,199,ARG,P02671,218,R,high,True
3GHG,J,200,GLN,P02671,219,Q,high,True
3GHG,J,201,HIS,P02671,220,H,high,True
3GHG,J,202,LEU,P02671,221,L,high,True
3GHG,J,203,PRO,P02671,222,P,high,True
3GHG,J,204,LEU,P02671,223,L,high,True
3GHG,J,205,ILE,P02671,224,I,high,True
3GHG,J,206,LYS,P02671,225,K,high,True
3GHG,J,207,MET,P02671,226,M,high,True
3GHG,J,208,LYS,P02671,227,K,high,True
3GHG,J,209,PRO,P02671,228,P,high,True
3GHG,J,210,VAL,P02671,229,V,high,True
3GHG,J,211,PRO,P02671,230,P,high,True
3GHG,J,212,ASP,P02671,231,D,high,True
