colabfold_job_id,peptide_id,core_sequence,patch_id,seed,input_fasta,output_dir,msa_mode,model_type,num_models,num_recycle,target_length,peptide_length,hotspot_target_positions,command,status,notes
Patch_A_afm_00001_seed1,Patch_A_L14_colabdesign_chunk_seed0000_n005_raw_0004,CEPTEDGRHYWGFC,Patch_A,1,results/colabfold_predictions_top30_seed1/inputs/fasta/Patch_A_afm_00001_seed1.fasta,results/colabfold_predictions_top30_seed1/outputs/Patch_A_afm_00001_seed1,single_sequence,alphafold2_multimer_v3,1,0,831,14,"15,16,17,18,19,21,183,184,186",colabfold_batch --msa-mode single_sequence --model-type alphafold2_multimer_v3 --num-models 1 --num-recycle 0 --num-seeds 1 --random-seed 1 results/colabfold_predictions_top30_seed1/inputs/fasta/Patch_A_afm_00001_seed1.fasta results/colabfold_predictions_top30_seed1/outputs/Patch_A_afm_00001_seed1,pending_external_model,"{""colabfold_disulfide_constraint"": ""not_supported_by_input; check SG-SG geometry post hoc"", ""colabfold_patch_constraint"": ""not_supported_by_input; check patch contacts post hoc"", ""source_candidate_csv"": ""results/boltz_predictions_raw3ghg_template_msa_top30/boltz_jobs.csv"", ""source_candidate_id"": ""Patch_A_L14_colabdesign_chunk_seed0000_n005_raw_0004"", ""source_notes"": ""{\""source_candidate_csv\"": \""results/boltz_predictions_raw3ghg_template_msa_top30/source_candidates_top30.csv\"", \""source_candidate_raw_id\"": \""Patch_A_L14_colabdesign_chunk_seed0000_n005_raw_0004\"", \""source_template_chain_id\"": \""J\"", \""template_skip_reason\"": \""\"", \""uses_disulfide_bond_constraint\"": true, \""uses_pocket_constraints\"": true, \""uses_template\"": true}""}"
Patch_A_afm_00002_seed1,Patch_A_L16_colabdesign_chunk_seed0065_n005_raw_0005,CYMRTNEYYHPPWKIC,Patch_A,1,results/colabfold_predictions_top30_seed1/inputs/fasta/Patch_A_afm_00002_seed1.fasta,results/colabfold_predictions_top30_seed1/outputs/Patch_A_afm_00002_seed1,single_sequence,alphafold2_multimer_v3,1,0,831,16,"15,16,17,18,19,21,183,184,186",colabfold_batch --msa-mode single_sequence --model-type alphafold2_multimer_v3 --num-models 1 --num-recycle 0 --num-seeds 1 --random-seed 1 results/colabfold_predictions_top30_seed1/inputs/fasta/Patch_A_afm_00002_seed1.fasta results/colabfold_predictions_top30_seed1/outputs/Patch_A_afm_00002_seed1,pending_external_model,"{""colabfold_disulfide_constraint"": ""not_supported_by_input; check SG-SG geometry post hoc"", ""colabfold_patch_constraint"": ""not_supported_by_input; check patch contacts post hoc"", ""source_candidate_csv"": ""results/boltz_predictions_raw3ghg_template_msa_top30/boltz_jobs.csv"", ""source_candidate_id"": ""Patch_A_L16_colabdesign_chunk_seed0065_n005_raw_0005"", ""source_notes"": ""{\""source_candidate_csv\"": \""results/boltz_predictions_raw3ghg_template_msa_top30/source_candidates_top30.csv\"", \""source_candidate_raw_id\"": \""Patch_A_L16_colabdesign_chunk_seed0065_n005_raw_0005\"", \""source_template_chain_id\"": \""J\"", \""template_skip_reason\"": \""\"", \""uses_disulfide_bond_constraint\"": true, \""uses_pocket_constraints\"": true, \""uses_template\"": true}""}"
Patch_A_afm_00003_seed1,Patch_A_L18_colabdesign_chunk_seed0050_n005_raw_0005,CHTPNNNNERPYTYVYIC,Patch_A,1,results/colabfold_predictions_top30_seed1/inputs/fasta/Patch_A_afm_00003_seed1.fasta,results/colabfold_predictions_top30_seed1/outputs/Patch_A_afm_00003_seed1,single_sequence,alphafold2_multimer_v3,1,0,831,18,"15,16,17,18,19,21,183,184,186",colabfold_batch --msa-mode single_sequence --model-type alphafold2_multimer_v3 --num-models 1 --num-recycle 0 --num-seeds 1 --random-seed 1 results/colabfold_predictions_top30_seed1/inputs/fasta/Patch_A_afm_00003_seed1.fasta results/colabfold_predictions_top30_seed1/outputs/Patch_A_afm_00003_seed1,pending_external_model,"{""colabfold_disulfide_constraint"": ""not_supported_by_input; check SG-SG geometry post hoc"", ""colabfold_patch_constraint"": ""not_supported_by_input; check patch contacts post hoc"", ""source_candidate_csv"": ""results/boltz_predictions_raw3ghg_template_msa_top30/boltz_jobs.csv"", ""source_candidate_id"": ""Patch_A_L18_colabdesign_chunk_seed0050_n005_raw_0005"", ""source_notes"": ""{\""source_candidate_csv\"": \""results/boltz_predictions_raw3ghg_template_msa_top30/source_candidates_top30.csv\"", \""source_candidate_raw_id\"": \""Patch_A_L18_colabdesign_chunk_seed0050_n005_raw_0005\"", \""source_template_chain_id\"": \""J\"", \""template_skip_reason\"": \""\"", \""uses_disulfide_bond_constraint\"": true, \""uses_pocket_constraints\"": true, \""uses_template\"": true}""}"
Patch_A_afm_00004_seed1,Patch_A_L18_colabdesign_chunk_seed0015_n005_raw_0005,CYIPPYWGLDYGDTKLTC,Patch_A,1,results/colabfold_predictions_top30_seed1/inputs/fasta/Patch_A_afm_00004_seed1.fasta,results/colabfold_predictions_top30_seed1/outputs/Patch_A_afm_00004_seed1,single_sequence,alphafold2_multimer_v3,1,0,831,18,"15,16,17,18,19,21,183,184,186",colabfold_batch --msa-mode single_sequence --model-type alphafold2_multimer_v3 --num-models 1 --num-recycle 0 --num-seeds 1 --random-seed 1 results/colabfold_predictions_top30_seed1/inputs/fasta/Patch_A_afm_00004_seed1.fasta results/colabfold_predictions_top30_seed1/outputs/Patch_A_afm_00004_seed1,pending_external_model,"{""colabfold_disulfide_constraint"": ""not_supported_by_input; check SG-SG geometry post hoc"", ""colabfold_patch_constraint"": ""not_supported_by_input; check patch contacts post hoc"", ""source_candidate_csv"": ""results/boltz_predictions_raw3ghg_template_msa_top30/boltz_jobs.csv"", ""source_candidate_id"": ""Patch_A_L18_colabdesign_chunk_seed0015_n005_raw_0005"", ""source_notes"": ""{\""source_candidate_csv\"": \""results/boltz_predictions_raw3ghg_template_msa_top30/source_candidates_top30.csv\"", \""source_candidate_raw_id\"": \""Patch_A_L18_colabdesign_chunk_seed0015_n005_raw_0005\"", \""source_template_chain_id\"": \""J\"", \""template_skip_reason\"": \""\"", \""uses_disulfide_bond_constraint\"": true, \""uses_pocket_constraints\"": true, \""uses_template\"": true}""}"
Patch_A_afm_00005_seed1,Patch_A_L12_colabdesign_chunk_seed0020_n005_raw_0002,CKVNDWTPIVYC,Patch_A,1,results/colabfold_predictions_top30_seed1/inputs/fasta/Patch_A_afm_00005_seed1.fasta,results/colabfold_predictions_top30_seed1/outputs/Patch_A_afm_00005_seed1,single_sequence,alphafold2_multimer_v3,1,0,831,12,"15,16,17,18,19,21,183,184,186",colabfold_batch --msa-mode single_sequence --model-type alphafold2_multimer_v3 --num-models 1 --num-recycle 0 --num-seeds 1 --random-seed 1 results/colabfold_predictions_top30_seed1/inputs/fasta/Patch_A_afm_00005_seed1.fasta results/colabfold_predictions_top30_seed1/outputs/Patch_A_afm_00005_seed1,pending_external_model,"{""colabfold_disulfide_constraint"": ""not_supported_by_input; check SG-SG geometry post hoc"", ""colabfold_patch_constraint"": ""not_supported_by_input; check patch contacts post hoc"", ""source_candidate_csv"": ""results/boltz_predictions_raw3ghg_template_msa_top30/boltz_jobs.csv"", ""source_candidate_id"": ""Patch_A_L12_colabdesign_chunk_seed0020_n005_raw_0002"", ""source_notes"": ""{\""source_candidate_csv\"": \""results/boltz_predictions_raw3ghg_template_msa_top30/source_candidates_top30.csv\"", \""source_candidate_raw_id\"": \""Patch_A_L12_colabdesign_chunk_seed0020_n005_raw_0002\"", \""source_template_chain_id\"": \""J\"", \""template_skip_reason\"": \""\"", \""uses_disulfide_bond_constraint\"": true, \""uses_pocket_constraints\"": true, \""uses_template\"": true}""}"
Patch_A_afm_00006_seed1,Patch_A_L12_colabdesign_chunk_seed0030_n005_raw_0003,CYYQNDNSIHVC,Patch_A,1,results/colabfold_predictions_top30_seed1/inputs/fasta/Patch_A_afm_00006_seed1.fasta,results/colabfold_predictions_top30_seed1/outputs/Patch_A_afm_00006_seed1,single_sequence,alphafold2_multimer_v3,1,0,831,12,"15,16,17,18,19,21,183,184,186",colabfold_batch --msa-mode single_sequence --model-type alphafold2_multimer_v3 --num-models 1 --num-recycle 0 --num-seeds 1 --random-seed 1 results/colabfold_predictions_top30_seed1/inputs/fasta/Patch_A_afm_00006_seed1.fasta results/colabfold_predictions_top30_seed1/outputs/Patch_A_afm_00006_seed1,pending_external_model,"{""colabfold_disulfide_constraint"": ""not_supported_by_input; check SG-SG geometry post hoc"", ""colabfold_patch_constraint"": ""not_supported_by_input; check patch contacts post hoc"", ""source_candidate_csv"": ""results/boltz_predictions_raw3ghg_template_msa_top30/boltz_jobs.csv"", ""source_candidate_id"": ""Patch_A_L12_colabdesign_chunk_seed0030_n005_raw_0003"", ""source_notes"": ""{\""source_candidate_csv\"": \""results/boltz_predictions_raw3ghg_template_msa_top30/source_candidates_top30.csv\"", \""source_candidate_raw_id\"": \""Patch_A_L12_colabdesign_chunk_seed0030_n005_raw_0003\"", \""source_template_chain_id\"": \""J\"", \""template_skip_reason\"": \""\"", \""uses_disulfide_bond_constraint\"": true, \""uses_pocket_constraints\"": true, \""uses_template\"": true}""}"
Patch_A_afm_00007_seed1,Patch_A_L16_colabdesign_chunk_seed0070_n005_raw_0003,CYNPVGEEWPIYYVQC,Patch_A,1,results/colabfold_predictions_top30_seed1/inputs/fasta/Patch_A_afm_00007_seed1.fasta,results/colabfold_predictions_top30_seed1/outputs/Patch_A_afm_00007_seed1,single_sequence,alphafold2_multimer_v3,1,0,831,16,"15,16,17,18,19,21,183,184,186",colabfold_batch --msa-mode single_sequence --model-type alphafold2_multimer_v3 --num-models 1 --num-recycle 0 --num-seeds 1 --random-seed 1 results/colabfold_predictions_top30_seed1/inputs/fasta/Patch_A_afm_00007_seed1.fasta results/colabfold_predictions_top30_seed1/outputs/Patch_A_afm_00007_seed1,pending_external_model,"{""colabfold_disulfide_constraint"": ""not_supported_by_input; check SG-SG geometry post hoc"", ""colabfold_patch_constraint"": ""not_supported_by_input; check patch contacts post hoc"", ""source_candidate_csv"": ""results/boltz_predictions_raw3ghg_template_msa_top30/boltz_jobs.csv"", ""source_candidate_id"": ""Patch_A_L16_colabdesign_chunk_seed0070_n005_raw_0003"", ""source_notes"": ""{\""source_candidate_csv\"": \""results/boltz_predictions_raw3ghg_template_msa_top30/source_candidates_top30.csv\"", \""source_candidate_raw_id\"": \""Patch_A_L16_colabdesign_chunk_seed0070_n005_raw_0003\"", \""source_template_chain_id\"": \""J\"", \""template_skip_reason\"": \""\"", \""uses_disulfide_bond_constraint\"": true, \""uses_pocket_constraints\"": true, \""uses_template\"": true}""}"
Patch_A_afm_00008_seed1,Patch_A_L12_colabdesign_chunk_seed0035_n005_raw_0003,CWQSYRDGTVIC,Patch_A,1,results/colabfold_predictions_top30_seed1/inputs/fasta/Patch_A_afm_00008_seed1.fasta,results/colabfold_predictions_top30_seed1/outputs/Patch_A_afm_00008_seed1,single_sequence,alphafold2_multimer_v3,1,0,831,12,"15,16,17,18,19,21,183,184,186",colabfold_batch --msa-mode single_sequence --model-type alphafold2_multimer_v3 --num-models 1 --num-recycle 0 --num-seeds 1 --random-seed 1 results/colabfold_predictions_top30_seed1/inputs/fasta/Patch_A_afm_00008_seed1.fasta results/colabfold_predictions_top30_seed1/outputs/Patch_A_afm_00008_seed1,pending_external_model,"{""colabfold_disulfide_constraint"": ""not_supported_by_input; check SG-SG geometry post hoc"", ""colabfold_patch_constraint"": ""not_supported_by_input; check patch contacts post hoc"", ""source_candidate_csv"": ""results/boltz_predictions_raw3ghg_template_msa_top30/boltz_jobs.csv"", ""source_candidate_id"": ""Patch_A_L12_colabdesign_chunk_seed0035_n005_raw_0003"", ""source_notes"": ""{\""source_candidate_csv\"": \""results/boltz_predictions_raw3ghg_template_msa_top30/source_candidates_top30.csv\"", \""source_candidate_raw_id\"": \""Patch_A_L12_colabdesign_chunk_seed0035_n005_raw_0003\"", \""source_template_chain_id\"": \""J\"", \""template_skip_reason\"": \""\"", \""uses_disulfide_bond_constraint\"": true, \""uses_pocket_constraints\"": true, \""uses_template\"": true}""}"
Patch_A_afm_00009_seed1,Patch_A_L18_colabdesign_chunk_seed0010_n005_raw_0005,CVWYHPTDQQGDRQDYIC,Patch_A,1,results/colabfold_predictions_top30_seed1/inputs/fasta/Patch_A_afm_00009_seed1.fasta,results/colabfold_predictions_top30_seed1/outputs/Patch_A_afm_00009_seed1,single_sequence,alphafold2_multimer_v3,1,0,831,18,"15,16,17,18,19,21,183,184,186",colabfold_batch --msa-mode single_sequence --model-type alphafold2_multimer_v3 --num-models 1 --num-recycle 0 --num-seeds 1 --random-seed 1 results/colabfold_predictions_top30_seed1/inputs/fasta/Patch_A_afm_00009_seed1.fasta results/colabfold_predictions_top30_seed1/outputs/Patch_A_afm_00009_seed1,pending_external_model,"{""colabfold_disulfide_constraint"": ""not_supported_by_input; check SG-SG geometry post hoc"", ""colabfold_patch_constraint"": ""not_supported_by_input; check patch contacts post hoc"", ""source_candidate_csv"": ""results/boltz_predictions_raw3ghg_template_msa_top30/boltz_jobs.csv"", ""source_candidate_id"": ""Patch_A_L18_colabdesign_chunk_seed0010_n005_raw_0005"", ""source_notes"": ""{\""source_candidate_csv\"": \""results/boltz_predictions_raw3ghg_template_msa_top30/source_candidates_top30.csv\"", \""source_candidate_raw_id\"": \""Patch_A_L18_colabdesign_chunk_seed0010_n005_raw_0005\"", \""source_template_chain_id\"": \""J\"", \""template_skip_reason\"": \""\"", \""uses_disulfide_bond_constraint\"": true, \""uses_pocket_constraints\"": true, \""uses_template\"": true}""}"
Patch_A_afm_00010_seed1,Patch_A_L14_colabdesign_chunk_seed0050_n005_raw_0001,CHYRPGHDYQVYVC,Patch_A,1,results/colabfold_predictions_top30_seed1/inputs/fasta/Patch_A_afm_00010_seed1.fasta,results/colabfold_predictions_top30_seed1/outputs/Patch_A_afm_00010_seed1,single_sequence,alphafold2_multimer_v3,1,0,831,14,"15,16,17,18,19,21,183,184,186",colabfold_batch --msa-mode single_sequence --model-type alphafold2_multimer_v3 --num-models 1 --num-recycle 0 --num-seeds 1 --random-seed 1 results/colabfold_predictions_top30_seed1/inputs/fasta/Patch_A_afm_00010_seed1.fasta results/colabfold_predictions_top30_seed1/outputs/Patch_A_afm_00010_seed1,pending_external_model,"{""colabfold_disulfide_constraint"": ""not_supported_by_input; check SG-SG geometry post hoc"", ""colabfold_patch_constraint"": ""not_supported_by_input; check patch contacts post hoc"", ""source_candidate_csv"": ""results/boltz_predictions_raw3ghg_template_msa_top30/boltz_jobs.csv"", ""source_candidate_id"": ""Patch_A_L14_colabdesign_chunk_seed0050_n005_raw_0001"", ""source_notes"": ""{\""source_candidate_csv\"": \""results/boltz_predictions_raw3ghg_template_msa_top30/source_candidates_top30.csv\"", \""source_candidate_raw_id\"": \""Patch_A_L14_colabdesign_chunk_seed0050_n005_raw_0001\"", \""source_template_chain_id\"": \""J\"", \""template_skip_reason\"": \""\"", \""uses_disulfide_bond_constraint\"": true, \""uses_pocket_constraints\"": true, \""uses_template\"": true}""}"
Patch_A_afm_00011_seed1,Patch_A_L14_colabdesign_chunk_seed0075_n005_raw_0005,CHINRYPDNSYIYC,Patch_A,1,results/colabfold_predictions_top30_seed1/inputs/fasta/Patch_A_afm_00011_seed1.fasta,results/colabfold_predictions_top30_seed1/outputs/Patch_A_afm_00011_seed1,single_sequence,alphafold2_multimer_v3,1,0,831,14,"15,16,17,18,19,21,183,184,186",colabfold_batch --msa-mode single_sequence --model-type alphafold2_multimer_v3 --num-models 1 --num-recycle 0 --num-seeds 1 --random-seed 1 results/colabfold_predictions_top30_seed1/inputs/fasta/Patch_A_afm_00011_seed1.fasta results/colabfold_predictions_top30_seed1/outputs/Patch_A_afm_00011_seed1,pending_external_model,"{""colabfold_disulfide_constraint"": ""not_supported_by_input; check SG-SG geometry post hoc"", ""colabfold_patch_constraint"": ""not_supported_by_input; check patch contacts post hoc"", ""source_candidate_csv"": ""results/boltz_predictions_raw3ghg_template_msa_top30/boltz_jobs.csv"", ""source_candidate_id"": ""Patch_A_L14_colabdesign_chunk_seed0075_n005_raw_0005"", ""source_notes"": ""{\""source_candidate_csv\"": \""results/boltz_predictions_raw3ghg_template_msa_top30/source_candidates_top30.csv\"", \""source_candidate_raw_id\"": \""Patch_A_L14_colabdesign_chunk_seed0075_n005_raw_0005\"", \""source_template_chain_id\"": \""J\"", \""template_skip_reason\"": \""\"", \""uses_disulfide_bond_constraint\"": true, \""uses_pocket_constraints\"": true, \""uses_template\"": true}""}"
Patch_B_afm_00012_seed1,Patch_B_L12_colabdesign_chunk_seed0015_n005_raw_0005,CPDNHTHVGMRC,Patch_B,1,results/colabfold_predictions_top30_seed1/inputs/fasta/Patch_B_afm_00012_seed1.fasta,results/colabfold_predictions_top30_seed1/outputs/Patch_B_afm_00012_seed1,single_sequence,alphafold2_multimer_v3,1,0,831,12,"11,14,15,16,17,18,19,21,22,27",colabfold_batch --msa-mode single_sequence --model-type alphafold2_multimer_v3 --num-models 1 --num-recycle 0 --num-seeds 1 --random-seed 1 results/colabfold_predictions_top30_seed1/inputs/fasta/Patch_B_afm_00012_seed1.fasta results/colabfold_predictions_top30_seed1/outputs/Patch_B_afm_00012_seed1,pending_external_model,"{""colabfold_disulfide_constraint"": ""not_supported_by_input; check SG-SG geometry post hoc"", ""colabfold_patch_constraint"": ""not_supported_by_input; check patch contacts post hoc"", ""source_candidate_csv"": ""results/boltz_predictions_raw3ghg_template_msa_top30/boltz_jobs.csv"", ""source_candidate_id"": ""Patch_B_L12_colabdesign_chunk_seed0015_n005_raw_0005"", ""source_notes"": ""{\""source_candidate_csv\"": \""results/boltz_predictions_raw3ghg_template_msa_top30/source_candidates_top30.csv\"", \""source_candidate_raw_id\"": \""Patch_B_L12_colabdesign_chunk_seed0015_n005_raw_0005\"", \""source_template_chain_id\"": \""A\"", \""template_skip_reason\"": \""\"", \""uses_disulfide_bond_constraint\"": true, \""uses_pocket_constraints\"": true, \""uses_template\"": true}""}"
Patch_B_afm_00013_seed1,Patch_B_L12_colabdesign_chunk_seed0025_n005_raw_0004,CRMRDGRPPNGC,Patch_B,1,results/colabfold_predictions_top30_seed1/inputs/fasta/Patch_B_afm_00013_seed1.fasta,results/colabfold_predictions_top30_seed1/outputs/Patch_B_afm_00013_seed1,single_sequence,alphafold2_multimer_v3,1,0,831,12,"11,14,15,16,17,18,19,21,22,27",colabfold_batch --msa-mode single_sequence --model-type alphafold2_multimer_v3 --num-models 1 --num-recycle 0 --num-seeds 1 --random-seed 1 results/colabfold_predictions_top30_seed1/inputs/fasta/Patch_B_afm_00013_seed1.fasta results/colabfold_predictions_top30_seed1/outputs/Patch_B_afm_00013_seed1,pending_external_model,"{""colabfold_disulfide_constraint"": ""not_supported_by_input; check SG-SG geometry post hoc"", ""colabfold_patch_constraint"": ""not_supported_by_input; check patch contacts post hoc"", ""source_candidate_csv"": ""results/boltz_predictions_raw3ghg_template_msa_top30/boltz_jobs.csv"", ""source_candidate_id"": ""Patch_B_L12_colabdesign_chunk_seed0025_n005_raw_0004"", ""source_notes"": ""{\""source_candidate_csv\"": \""results/boltz_predictions_raw3ghg_template_msa_top30/source_candidates_top30.csv\"", \""source_candidate_raw_id\"": \""Patch_B_L12_colabdesign_chunk_seed0025_n005_raw_0004\"", \""source_template_chain_id\"": \""A\"", \""template_skip_reason\"": \""\"", \""uses_disulfide_bond_constraint\"": true, \""uses_pocket_constraints\"": true, \""uses_template\"": true}""}"
Patch_B_afm_00014_seed1,Patch_B_L12_colabdesign_chunk_seed0020_n005_raw_0005,CWYPPDDPKYQC,Patch_B,1,results/colabfold_predictions_top30_seed1/inputs/fasta/Patch_B_afm_00014_seed1.fasta,results/colabfold_predictions_top30_seed1/outputs/Patch_B_afm_00014_seed1,single_sequence,alphafold2_multimer_v3,1,0,831,12,"11,14,15,16,17,18,19,21,22,27",colabfold_batch --msa-mode single_sequence --model-type alphafold2_multimer_v3 --num-models 1 --num-recycle 0 --num-seeds 1 --random-seed 1 results/colabfold_predictions_top30_seed1/inputs/fasta/Patch_B_afm_00014_seed1.fasta results/colabfold_predictions_top30_seed1/outputs/Patch_B_afm_00014_seed1,pending_external_model,"{""colabfold_disulfide_constraint"": ""not_supported_by_input; check SG-SG geometry post hoc"", ""colabfold_patch_constraint"": ""not_supported_by_input; check patch contacts post hoc"", ""source_candidate_csv"": ""results/boltz_predictions_raw3ghg_template_msa_top30/boltz_jobs.csv"", ""source_candidate_id"": ""Patch_B_L12_colabdesign_chunk_seed0020_n005_raw_0005"", ""source_notes"": ""{\""source_candidate_csv\"": \""results/boltz_predictions_raw3ghg_template_msa_top30/source_candidates_top30.csv\"", \""source_candidate_raw_id\"": \""Patch_B_L12_colabdesign_chunk_seed0020_n005_raw_0005\"", \""source_template_chain_id\"": \""A\"", \""template_skip_reason\"": \""\"", \""uses_disulfide_bond_constraint\"": true, \""uses_pocket_constraints\"": true, \""uses_template\"": true}""}"
Patch_A_afm_00015_seed1,Patch_A_L14_colabdesign_chunk_seed0020_n005_raw_0004,CYFYYRPDNDHHLC,Patch_A,1,results/colabfold_predictions_top30_seed1/inputs/fasta/Patch_A_afm_00015_seed1.fasta,results/colabfold_predictions_top30_seed1/outputs/Patch_A_afm_00015_seed1,single_sequence,alphafold2_multimer_v3,1,0,831,14,"15,16,17,18,19,21,183,184,186",colabfold_batch --msa-mode single_sequence --model-type alphafold2_multimer_v3 --num-models 1 --num-recycle 0 --num-seeds 1 --random-seed 1 results/colabfold_predictions_top30_seed1/inputs/fasta/Patch_A_afm_00015_seed1.fasta results/colabfold_predictions_top30_seed1/outputs/Patch_A_afm_00015_seed1,pending_external_model,"{""colabfold_disulfide_constraint"": ""not_supported_by_input; check SG-SG geometry post hoc"", ""colabfold_patch_constraint"": ""not_supported_by_input; check patch contacts post hoc"", ""source_candidate_csv"": ""results/boltz_predictions_raw3ghg_template_msa_top30/boltz_jobs.csv"", ""source_candidate_id"": ""Patch_A_L14_colabdesign_chunk_seed0020_n005_raw_0004"", ""source_notes"": ""{\""source_candidate_csv\"": \""results/boltz_predictions_raw3ghg_template_msa_top30/source_candidates_top30.csv\"", \""source_candidate_raw_id\"": \""Patch_A_L14_colabdesign_chunk_seed0020_n005_raw_0004\"", \""source_template_chain_id\"": \""J\"", \""template_skip_reason\"": \""\"", \""uses_disulfide_bond_constraint\"": true, \""uses_pocket_constraints\"": true, \""uses_template\"": true}""}"
Patch_A_afm_00016_seed1,Patch_A_L12_colabdesign_chunk_seed0035_n005_raw_0004,CYTNQDQVYIYC,Patch_A,1,results/colabfold_predictions_top30_seed1/inputs/fasta/Patch_A_afm_00016_seed1.fasta,results/colabfold_predictions_top30_seed1/outputs/Patch_A_afm_00016_seed1,single_sequence,alphafold2_multimer_v3,1,0,831,12,"15,16,17,18,19,21,183,184,186",colabfold_batch --msa-mode single_sequence --model-type alphafold2_multimer_v3 --num-models 1 --num-recycle 0 --num-seeds 1 --random-seed 1 results/colabfold_predictions_top30_seed1/inputs/fasta/Patch_A_afm_00016_seed1.fasta results/colabfold_predictions_top30_seed1/outputs/Patch_A_afm_00016_seed1,pending_external_model,"{""colabfold_disulfide_constraint"": ""not_supported_by_input; check SG-SG geometry post hoc"", ""colabfold_patch_constraint"": ""not_supported_by_input; check patch contacts post hoc"", ""source_candidate_csv"": ""results/boltz_predictions_raw3ghg_template_msa_top30/boltz_jobs.csv"", ""source_candidate_id"": ""Patch_A_L12_colabdesign_chunk_seed0035_n005_raw_0004"", ""source_notes"": ""{\""source_candidate_csv\"": \""results/boltz_predictions_raw3ghg_template_msa_top30/source_candidates_top30.csv\"", \""source_candidate_raw_id\"": \""Patch_A_L12_colabdesign_chunk_seed0035_n005_raw_0004\"", \""source_template_chain_id\"": \""J\"", \""template_skip_reason\"": \""\"", \""uses_disulfide_bond_constraint\"": true, \""uses_pocket_constraints\"": true, \""uses_template\"": true}""}"
Patch_A_afm_00017_seed1,Patch_A_L12_colabdesign_chunk_seed0075_n005_raw_0001,CWHYLPRTYEMC,Patch_A,1,results/colabfold_predictions_top30_seed1/inputs/fasta/Patch_A_afm_00017_seed1.fasta,results/colabfold_predictions_top30_seed1/outputs/Patch_A_afm_00017_seed1,single_sequence,alphafold2_multimer_v3,1,0,831,12,"15,16,17,18,19,21,183,184,186",colabfold_batch --msa-mode single_sequence --model-type alphafold2_multimer_v3 --num-models 1 --num-recycle 0 --num-seeds 1 --random-seed 1 results/colabfold_predictions_top30_seed1/inputs/fasta/Patch_A_afm_00017_seed1.fasta results/colabfold_predictions_top30_seed1/outputs/Patch_A_afm_00017_seed1,pending_external_model,"{""colabfold_disulfide_constraint"": ""not_supported_by_input; check SG-SG geometry post hoc"", ""colabfold_patch_constraint"": ""not_supported_by_input; check patch contacts post hoc"", ""source_candidate_csv"": ""results/boltz_predictions_raw3ghg_template_msa_top30/boltz_jobs.csv"", ""source_candidate_id"": ""Patch_A_L12_colabdesign_chunk_seed0075_n005_raw_0001"", ""source_notes"": ""{\""source_candidate_csv\"": \""results/boltz_predictions_raw3ghg_template_msa_top30/source_candidates_top30.csv\"", \""source_candidate_raw_id\"": \""Patch_A_L12_colabdesign_chunk_seed0075_n005_raw_0001\"", \""source_template_chain_id\"": \""J\"", \""template_skip_reason\"": \""\"", \""uses_disulfide_bond_constraint\"": true, \""uses_pocket_constraints\"": true, \""uses_template\"": true}""}"
Patch_A_afm_00018_seed1,Patch_A_L14_colabdesign_chunk_seed0065_n005_raw_0001,CYKPNPVYISDYIC,Patch_A,1,results/colabfold_predictions_top30_seed1/inputs/fasta/Patch_A_afm_00018_seed1.fasta,results/colabfold_predictions_top30_seed1/outputs/Patch_A_afm_00018_seed1,single_sequence,alphafold2_multimer_v3,1,0,831,14,"15,16,17,18,19,21,183,184,186",colabfold_batch --msa-mode single_sequence --model-type alphafold2_multimer_v3 --num-models 1 --num-recycle 0 --num-seeds 1 --random-seed 1 results/colabfold_predictions_top30_seed1/inputs/fasta/Patch_A_afm_00018_seed1.fasta results/colabfold_predictions_top30_seed1/outputs/Patch_A_afm_00018_seed1,pending_external_model,"{""colabfold_disulfide_constraint"": ""not_supported_by_input; check SG-SG geometry post hoc"", ""colabfold_patch_constraint"": ""not_supported_by_input; check patch contacts post hoc"", ""source_candidate_csv"": ""results/boltz_predictions_raw3ghg_template_msa_top30/boltz_jobs.csv"", ""source_candidate_id"": ""Patch_A_L14_colabdesign_chunk_seed0065_n005_raw_0001"", ""source_notes"": ""{\""source_candidate_csv\"": \""results/boltz_predictions_raw3ghg_template_msa_top30/source_candidates_top30.csv\"", \""source_candidate_raw_id\"": \""Patch_A_L14_colabdesign_chunk_seed0065_n005_raw_0001\"", \""source_template_chain_id\"": \""J\"", \""template_skip_reason\"": \""\"", \""uses_disulfide_bond_constraint\"": true, \""uses_pocket_constraints\"": true, \""uses_template\"": true}""}"
Patch_A_afm_00019_seed1,Patch_A_L14_colabdesign_chunk_seed0010_n005_raw_0002,CPQNAPDYHVIWVC,Patch_A,1,results/colabfold_predictions_top30_seed1/inputs/fasta/Patch_A_afm_00019_seed1.fasta,results/colabfold_predictions_top30_seed1/outputs/Patch_A_afm_00019_seed1,single_sequence,alphafold2_multimer_v3,1,0,831,14,"15,16,17,18,19,21,183,184,186",colabfold_batch --msa-mode single_sequence --model-type alphafold2_multimer_v3 --num-models 1 --num-recycle 0 --num-seeds 1 --random-seed 1 results/colabfold_predictions_top30_seed1/inputs/fasta/Patch_A_afm_00019_seed1.fasta results/colabfold_predictions_top30_seed1/outputs/Patch_A_afm_00019_seed1,pending_external_model,"{""colabfold_disulfide_constraint"": ""not_supported_by_input; check SG-SG geometry post hoc"", ""colabfold_patch_constraint"": ""not_supported_by_input; check patch contacts post hoc"", ""source_candidate_csv"": ""results/boltz_predictions_raw3ghg_template_msa_top30/boltz_jobs.csv"", ""source_candidate_id"": ""Patch_A_L14_colabdesign_chunk_seed0010_n005_raw_0002"", ""source_notes"": ""{\""source_candidate_csv\"": \""results/boltz_predictions_raw3ghg_template_msa_top30/source_candidates_top30.csv\"", \""source_candidate_raw_id\"": \""Patch_A_L14_colabdesign_chunk_seed0010_n005_raw_0002\"", \""source_template_chain_id\"": \""J\"", \""template_skip_reason\"": \""\"", \""uses_disulfide_bond_constraint\"": true, \""uses_pocket_constraints\"": true, \""uses_template\"": true}""}"
Patch_A_afm_00020_seed1,Patch_A_L12_colabdesign_chunk_seed0060_n005_raw_0003,CYYYDDGWAIYC,Patch_A,1,results/colabfold_predictions_top30_seed1/inputs/fasta/Patch_A_afm_00020_seed1.fasta,results/colabfold_predictions_top30_seed1/outputs/Patch_A_afm_00020_seed1,single_sequence,alphafold2_multimer_v3,1,0,831,12,"15,16,17,18,19,21,183,184,186",colabfold_batch --msa-mode single_sequence --model-type alphafold2_multimer_v3 --num-models 1 --num-recycle 0 --num-seeds 1 --random-seed 1 results/colabfold_predictions_top30_seed1/inputs/fasta/Patch_A_afm_00020_seed1.fasta results/colabfold_predictions_top30_seed1/outputs/Patch_A_afm_00020_seed1,pending_external_model,"{""colabfold_disulfide_constraint"": ""not_supported_by_input; check SG-SG geometry post hoc"", ""colabfold_patch_constraint"": ""not_supported_by_input; check patch contacts post hoc"", ""source_candidate_csv"": ""results/boltz_predictions_raw3ghg_template_msa_top30/boltz_jobs.csv"", ""source_candidate_id"": ""Patch_A_L12_colabdesign_chunk_seed0060_n005_raw_0003"", ""source_notes"": ""{\""source_candidate_csv\"": \""results/boltz_predictions_raw3ghg_template_msa_top30/source_candidates_top30.csv\"", \""source_candidate_raw_id\"": \""Patch_A_L12_colabdesign_chunk_seed0060_n005_raw_0003\"", \""source_template_chain_id\"": \""J\"", \""template_skip_reason\"": \""\"", \""uses_disulfide_bond_constraint\"": true, \""uses_pocket_constraints\"": true, \""uses_template\"": true}""}"
Patch_A_afm_00021_seed1,Patch_A_L14_colabdesign_chunk_seed0050_n005_raw_0002,CIIHYYSHPNGNDC,Patch_A,1,results/colabfold_predictions_top30_seed1/inputs/fasta/Patch_A_afm_00021_seed1.fasta,results/colabfold_predictions_top30_seed1/outputs/Patch_A_afm_00021_seed1,single_sequence,alphafold2_multimer_v3,1,0,831,14,"15,16,17,18,19,21,183,184,186",colabfold_batch --msa-mode single_sequence --model-type alphafold2_multimer_v3 --num-models 1 --num-recycle 0 --num-seeds 1 --random-seed 1 results/colabfold_predictions_top30_seed1/inputs/fasta/Patch_A_afm_00021_seed1.fasta results/colabfold_predictions_top30_seed1/outputs/Patch_A_afm_00021_seed1,pending_external_model,"{""colabfold_disulfide_constraint"": ""not_supported_by_input; check SG-SG geometry post hoc"", ""colabfold_patch_constraint"": ""not_supported_by_input; check patch contacts post hoc"", ""source_candidate_csv"": ""results/boltz_predictions_raw3ghg_template_msa_top30/boltz_jobs.csv"", ""source_candidate_id"": ""Patch_A_L14_colabdesign_chunk_seed0050_n005_raw_0002"", ""source_notes"": ""{\""source_candidate_csv\"": \""results/boltz_predictions_raw3ghg_template_msa_top30/source_candidates_top30.csv\"", \""source_candidate_raw_id\"": \""Patch_A_L14_colabdesign_chunk_seed0050_n005_raw_0002\"", \""source_template_chain_id\"": \""J\"", \""template_skip_reason\"": \""\"", \""uses_disulfide_bond_constraint\"": true, \""uses_pocket_constraints\"": true, \""uses_template\"": true}""}"
Patch_A_afm_00022_seed1,Patch_A_L12_colabdesign_chunk_seed0010_n005_raw_0004,CIWIDDNHPFHC,Patch_A,1,results/colabfold_predictions_top30_seed1/inputs/fasta/Patch_A_afm_00022_seed1.fasta,results/colabfold_predictions_top30_seed1/outputs/Patch_A_afm_00022_seed1,single_sequence,alphafold2_multimer_v3,1,0,831,12,"15,16,17,18,19,21,183,184,186",colabfold_batch --msa-mode single_sequence --model-type alphafold2_multimer_v3 --num-models 1 --num-recycle 0 --num-seeds 1 --random-seed 1 results/colabfold_predictions_top30_seed1/inputs/fasta/Patch_A_afm_00022_seed1.fasta results/colabfold_predictions_top30_seed1/outputs/Patch_A_afm_00022_seed1,pending_external_model,"{""colabfold_disulfide_constraint"": ""not_supported_by_input; check SG-SG geometry post hoc"", ""colabfold_patch_constraint"": ""not_supported_by_input; check patch contacts post hoc"", ""source_candidate_csv"": ""results/boltz_predictions_raw3ghg_template_msa_top30/boltz_jobs.csv"", ""source_candidate_id"": ""Patch_A_L12_colabdesign_chunk_seed0010_n005_raw_0004"", ""source_notes"": ""{\""source_candidate_csv\"": \""results/boltz_predictions_raw3ghg_template_msa_top30/source_candidates_top30.csv\"", \""source_candidate_raw_id\"": \""Patch_A_L12_colabdesign_chunk_seed0010_n005_raw_0004\"", \""source_template_chain_id\"": \""J\"", \""template_skip_reason\"": \""\"", \""uses_disulfide_bond_constraint\"": true, \""uses_pocket_constraints\"": true, \""uses_template\"": true}""}"
Patch_A_afm_00023_seed1,Patch_A_L12_colabdesign_chunk_seed0090_n005_raw_0004,CHQDATYYIFPC,Patch_A,1,results/colabfold_predictions_top30_seed1/inputs/fasta/Patch_A_afm_00023_seed1.fasta,results/colabfold_predictions_top30_seed1/outputs/Patch_A_afm_00023_seed1,single_sequence,alphafold2_multimer_v3,1,0,831,12,"15,16,17,18,19,21,183,184,186",colabfold_batch --msa-mode single_sequence --model-type alphafold2_multimer_v3 --num-models 1 --num-recycle 0 --num-seeds 1 --random-seed 1 results/colabfold_predictions_top30_seed1/inputs/fasta/Patch_A_afm_00023_seed1.fasta results/colabfold_predictions_top30_seed1/outputs/Patch_A_afm_00023_seed1,pending_external_model,"{""colabfold_disulfide_constraint"": ""not_supported_by_input; check SG-SG geometry post hoc"", ""colabfold_patch_constraint"": ""not_supported_by_input; check patch contacts post hoc"", ""source_candidate_csv"": ""results/boltz_predictions_raw3ghg_template_msa_top30/boltz_jobs.csv"", ""source_candidate_id"": ""Patch_A_L12_colabdesign_chunk_seed0090_n005_raw_0004"", ""source_notes"": ""{\""source_candidate_csv\"": \""results/boltz_predictions_raw3ghg_template_msa_top30/source_candidates_top30.csv\"", \""source_candidate_raw_id\"": \""Patch_A_L12_colabdesign_chunk_seed0090_n005_raw_0004\"", \""source_template_chain_id\"": \""J\"", \""template_skip_reason\"": \""\"", \""uses_disulfide_bond_constraint\"": true, \""uses_pocket_constraints\"": true, \""uses_template\"": true}""}"
Patch_A_afm_00024_seed1,Patch_A_L18_colabdesign_chunk_seed0080_n005_raw_0005,CENAWQSTYAYGANEEQC,Patch_A,1,results/colabfold_predictions_top30_seed1/inputs/fasta/Patch_A_afm_00024_seed1.fasta,results/colabfold_predictions_top30_seed1/outputs/Patch_A_afm_00024_seed1,single_sequence,alphafold2_multimer_v3,1,0,831,18,"15,16,17,18,19,21,183,184,186",colabfold_batch --msa-mode single_sequence --model-type alphafold2_multimer_v3 --num-models 1 --num-recycle 0 --num-seeds 1 --random-seed 1 results/colabfold_predictions_top30_seed1/inputs/fasta/Patch_A_afm_00024_seed1.fasta results/colabfold_predictions_top30_seed1/outputs/Patch_A_afm_00024_seed1,pending_external_model,"{""colabfold_disulfide_constraint"": ""not_supported_by_input; check SG-SG geometry post hoc"", ""colabfold_patch_constraint"": ""not_supported_by_input; check patch contacts post hoc"", ""source_candidate_csv"": ""results/boltz_predictions_raw3ghg_template_msa_top30/boltz_jobs.csv"", ""source_candidate_id"": ""Patch_A_L18_colabdesign_chunk_seed0080_n005_raw_0005"", ""source_notes"": ""{\""source_candidate_csv\"": \""results/boltz_predictions_raw3ghg_template_msa_top30/source_candidates_top30.csv\"", \""source_candidate_raw_id\"": \""Patch_A_L18_colabdesign_chunk_seed0080_n005_raw_0005\"", \""source_template_chain_id\"": \""J\"", \""template_skip_reason\"": \""\"", \""uses_disulfide_bond_constraint\"": true, \""uses_pocket_constraints\"": true, \""uses_template\"": true}""}"
Patch_A_afm_00025_seed1,Patch_A_L12_colabdesign_chunk_seed0095_n005_raw_0005,CAVVGTDHYYYC,Patch_A,1,results/colabfold_predictions_top30_seed1/inputs/fasta/Patch_A_afm_00025_seed1.fasta,results/colabfold_predictions_top30_seed1/outputs/Patch_A_afm_00025_seed1,single_sequence,alphafold2_multimer_v3,1,0,831,12,"15,16,17,18,19,21,183,184,186",colabfold_batch --msa-mode single_sequence --model-type alphafold2_multimer_v3 --num-models 1 --num-recycle 0 --num-seeds 1 --random-seed 1 results/colabfold_predictions_top30_seed1/inputs/fasta/Patch_A_afm_00025_seed1.fasta results/colabfold_predictions_top30_seed1/outputs/Patch_A_afm_00025_seed1,pending_external_model,"{""colabfold_disulfide_constraint"": ""not_supported_by_input; check SG-SG geometry post hoc"", ""colabfold_patch_constraint"": ""not_supported_by_input; check patch contacts post hoc"", ""source_candidate_csv"": ""results/boltz_predictions_raw3ghg_template_msa_top30/boltz_jobs.csv"", ""source_candidate_id"": ""Patch_A_L12_colabdesign_chunk_seed0095_n005_raw_0005"", ""source_notes"": ""{\""source_candidate_csv\"": \""results/boltz_predictions_raw3ghg_template_msa_top30/source_candidates_top30.csv\"", \""source_candidate_raw_id\"": \""Patch_A_L12_colabdesign_chunk_seed0095_n005_raw_0005\"", \""source_template_chain_id\"": \""J\"", \""template_skip_reason\"": \""\"", \""uses_disulfide_bond_constraint\"": true, \""uses_pocket_constraints\"": true, \""uses_template\"": true}""}"
Patch_A_afm_00026_seed1,Patch_A_L12_colabdesign_chunk_seed0045_n005_raw_0002,CYFKDYNSIPVC,Patch_A,1,results/colabfold_predictions_top30_seed1/inputs/fasta/Patch_A_afm_00026_seed1.fasta,results/colabfold_predictions_top30_seed1/outputs/Patch_A_afm_00026_seed1,single_sequence,alphafold2_multimer_v3,1,0,831,12,"15,16,17,18,19,21,183,184,186",colabfold_batch --msa-mode single_sequence --model-type alphafold2_multimer_v3 --num-models 1 --num-recycle 0 --num-seeds 1 --random-seed 1 results/colabfold_predictions_top30_seed1/inputs/fasta/Patch_A_afm_00026_seed1.fasta results/colabfold_predictions_top30_seed1/outputs/Patch_A_afm_00026_seed1,pending_external_model,"{""colabfold_disulfide_constraint"": ""not_supported_by_input; check SG-SG geometry post hoc"", ""colabfold_patch_constraint"": ""not_supported_by_input; check patch contacts post hoc"", ""source_candidate_csv"": ""results/boltz_predictions_raw3ghg_template_msa_top30/boltz_jobs.csv"", ""source_candidate_id"": ""Patch_A_L12_colabdesign_chunk_seed0045_n005_raw_0002"", ""source_notes"": ""{\""source_candidate_csv\"": \""results/boltz_predictions_raw3ghg_template_msa_top30/source_candidates_top30.csv\"", \""source_candidate_raw_id\"": \""Patch_A_L12_colabdesign_chunk_seed0045_n005_raw_0002\"", \""source_template_chain_id\"": \""J\"", \""template_skip_reason\"": \""\"", \""uses_disulfide_bond_constraint\"": true, \""uses_pocket_constraints\"": true, \""uses_template\"": true}""}"
Patch_A_afm_00027_seed1,Patch_A_L16_colabdesign_chunk_seed0000_n005_raw_0005,CFKQEYPGGGITYYYC,Patch_A,1,results/colabfold_predictions_top30_seed1/inputs/fasta/Patch_A_afm_00027_seed1.fasta,results/colabfold_predictions_top30_seed1/outputs/Patch_A_afm_00027_seed1,single_sequence,alphafold2_multimer_v3,1,0,831,16,"15,16,17,18,19,21,183,184,186",colabfold_batch --msa-mode single_sequence --model-type alphafold2_multimer_v3 --num-models 1 --num-recycle 0 --num-seeds 1 --random-seed 1 results/colabfold_predictions_top30_seed1/inputs/fasta/Patch_A_afm_00027_seed1.fasta results/colabfold_predictions_top30_seed1/outputs/Patch_A_afm_00027_seed1,pending_external_model,"{""colabfold_disulfide_constraint"": ""not_supported_by_input; check SG-SG geometry post hoc"", ""colabfold_patch_constraint"": ""not_supported_by_input; check patch contacts post hoc"", ""source_candidate_csv"": ""results/boltz_predictions_raw3ghg_template_msa_top30/boltz_jobs.csv"", ""source_candidate_id"": ""Patch_A_L16_colabdesign_chunk_seed0000_n005_raw_0005"", ""source_notes"": ""{\""source_candidate_csv\"": \""results/boltz_predictions_raw3ghg_template_msa_top30/source_candidates_top30.csv\"", \""source_candidate_raw_id\"": \""Patch_A_L16_colabdesign_chunk_seed0000_n005_raw_0005\"", \""source_template_chain_id\"": \""J\"", \""template_skip_reason\"": \""\"", \""uses_disulfide_bond_constraint\"": true, \""uses_pocket_constraints\"": true, \""uses_template\"": true}""}"
Patch_A_afm_00028_seed1,Patch_A_L14_colabdesign_chunk_seed0030_n005_raw_0003,CAIGYHYVVDDSYC,Patch_A,1,results/colabfold_predictions_top30_seed1/inputs/fasta/Patch_A_afm_00028_seed1.fasta,results/colabfold_predictions_top30_seed1/outputs/Patch_A_afm_00028_seed1,single_sequence,alphafold2_multimer_v3,1,0,831,14,"15,16,17,18,19,21,183,184,186",colabfold_batch --msa-mode single_sequence --model-type alphafold2_multimer_v3 --num-models 1 --num-recycle 0 --num-seeds 1 --random-seed 1 results/colabfold_predictions_top30_seed1/inputs/fasta/Patch_A_afm_00028_seed1.fasta results/colabfold_predictions_top30_seed1/outputs/Patch_A_afm_00028_seed1,pending_external_model,"{""colabfold_disulfide_constraint"": ""not_supported_by_input; check SG-SG geometry post hoc"", ""colabfold_patch_constraint"": ""not_supported_by_input; check patch contacts post hoc"", ""source_candidate_csv"": ""results/boltz_predictions_raw3ghg_template_msa_top30/boltz_jobs.csv"", ""source_candidate_id"": ""Patch_A_L14_colabdesign_chunk_seed0030_n005_raw_0003"", ""source_notes"": ""{\""source_candidate_csv\"": \""results/boltz_predictions_raw3ghg_template_msa_top30/source_candidates_top30.csv\"", \""source_candidate_raw_id\"": \""Patch_A_L14_colabdesign_chunk_seed0030_n005_raw_0003\"", \""source_template_chain_id\"": \""J\"", \""template_skip_reason\"": \""\"", \""uses_disulfide_bond_constraint\"": true, \""uses_pocket_constraints\"": true, \""uses_template\"": true}""}"
Patch_A_afm_00029_seed1,Patch_A_L12_colabdesign_chunk_seed0070_n005_raw_0005,CPHYIDGKHVLC,Patch_A,1,results/colabfold_predictions_top30_seed1/inputs/fasta/Patch_A_afm_00029_seed1.fasta,results/colabfold_predictions_top30_seed1/outputs/Patch_A_afm_00029_seed1,single_sequence,alphafold2_multimer_v3,1,0,831,12,"15,16,17,18,19,21,183,184,186",colabfold_batch --msa-mode single_sequence --model-type alphafold2_multimer_v3 --num-models 1 --num-recycle 0 --num-seeds 1 --random-seed 1 results/colabfold_predictions_top30_seed1/inputs/fasta/Patch_A_afm_00029_seed1.fasta results/colabfold_predictions_top30_seed1/outputs/Patch_A_afm_00029_seed1,pending_external_model,"{""colabfold_disulfide_constraint"": ""not_supported_by_input; check SG-SG geometry post hoc"", ""colabfold_patch_constraint"": ""not_supported_by_input; check patch contacts post hoc"", ""source_candidate_csv"": ""results/boltz_predictions_raw3ghg_template_msa_top30/boltz_jobs.csv"", ""source_candidate_id"": ""Patch_A_L12_colabdesign_chunk_seed0070_n005_raw_0005"", ""source_notes"": ""{\""source_candidate_csv\"": \""results/boltz_predictions_raw3ghg_template_msa_top30/source_candidates_top30.csv\"", \""source_candidate_raw_id\"": \""Patch_A_L12_colabdesign_chunk_seed0070_n005_raw_0005\"", \""source_template_chain_id\"": \""J\"", \""template_skip_reason\"": \""\"", \""uses_disulfide_bond_constraint\"": true, \""uses_pocket_constraints\"": true, \""uses_template\"": true}""}"
Patch_A_afm_00030_seed1,Patch_A_L12_colabdesign_chunk_seed0055_n005_raw_0001,CYQNPDYVIYTC,Patch_A,1,results/colabfold_predictions_top30_seed1/inputs/fasta/Patch_A_afm_00030_seed1.fasta,results/colabfold_predictions_top30_seed1/outputs/Patch_A_afm_00030_seed1,single_sequence,alphafold2_multimer_v3,1,0,831,12,"15,16,17,18,19,21,183,184,186",colabfold_batch --msa-mode single_sequence --model-type alphafold2_multimer_v3 --num-models 1 --num-recycle 0 --num-seeds 1 --random-seed 1 results/colabfold_predictions_top30_seed1/inputs/fasta/Patch_A_afm_00030_seed1.fasta results/colabfold_predictions_top30_seed1/outputs/Patch_A_afm_00030_seed1,pending_external_model,"{""colabfold_disulfide_constraint"": ""not_supported_by_input; check SG-SG geometry post hoc"", ""colabfold_patch_constraint"": ""not_supported_by_input; check patch contacts post hoc"", ""source_candidate_csv"": ""results/boltz_predictions_raw3ghg_template_msa_top30/boltz_jobs.csv"", ""source_candidate_id"": ""Patch_A_L12_colabdesign_chunk_seed0055_n005_raw_0001"", ""source_notes"": ""{\""source_candidate_csv\"": \""results/boltz_predictions_raw3ghg_template_msa_top30/source_candidates_top30.csv\"", \""source_candidate_raw_id\"": \""Patch_A_L12_colabdesign_chunk_seed0055_n005_raw_0001\"", \""source_template_chain_id\"": \""J\"", \""template_skip_reason\"": \""\"", \""uses_disulfide_bond_constraint\"": true, \""uses_pocket_constraints\"": true, \""uses_template\"": true}""}"
