boltz_job_id,peptide_id,core_sequence,patch_id,seed,input_yaml,output_dir,command,status,msa_mode,target_chain_id,peptide_chain_id,template_pdb,template_chain_id,hotspot_uniprot_residues,hotspot_target_positions,disulfide_bond,notes
Patch_A_boltz_00001_seed1,Patch_A_L14_colabdesign_chunk_seed0000_n005_raw_0004,CEPTEDGRHYWGFC,Patch_A,1,results/boltz_predictions_raw3ghg_template_msa_top30/inputs/yaml/Patch_A_boltz_00001_seed1.yaml,results/boltz_predictions_raw3ghg_template_msa_top30/outputs/Patch_A_boltz_00001_seed1,boltz predict results/boltz_predictions_raw3ghg_template_msa_top30/inputs/yaml/Patch_A_boltz_00001_seed1.yaml --out_dir results/boltz_predictions_raw3ghg_template_msa_top30/outputs/Patch_A_boltz_00001_seed1 --model boltz2 --seed 1 --output_format pdb --write_full_pae --use_msa_server --use_potentials,pending_external_model,server,A,B,data/structures/raw/3GHG.pdb,J1,"50,51,52,53,54,56,218,219,221","15,16,17,18,19,21,183,184,186",B:1:SG-B:14:SG,"{""source_candidate_csv"": ""results/boltz_predictions_raw3ghg_template_msa_top30/source_candidates_top30.csv"", ""source_candidate_raw_id"": ""Patch_A_L14_colabdesign_chunk_seed0000_n005_raw_0004"", ""source_template_chain_id"": ""J"", ""template_skip_reason"": """", ""uses_disulfide_bond_constraint"": true, ""uses_pocket_constraints"": true, ""uses_template"": true}"
Patch_A_boltz_00001_seed2,Patch_A_L14_colabdesign_chunk_seed0000_n005_raw_0004,CEPTEDGRHYWGFC,Patch_A,2,results/boltz_predictions_raw3ghg_template_msa_top30/inputs/yaml/Patch_A_boltz_00001_seed2.yaml,results/boltz_predictions_raw3ghg_template_msa_top30/outputs/Patch_A_boltz_00001_seed2,boltz predict results/boltz_predictions_raw3ghg_template_msa_top30/inputs/yaml/Patch_A_boltz_00001_seed2.yaml --out_dir results/boltz_predictions_raw3ghg_template_msa_top30/outputs/Patch_A_boltz_00001_seed2 --model boltz2 --seed 2 --output_format pdb --write_full_pae --use_msa_server --use_potentials,pending_external_model,server,A,B,data/structures/raw/3GHG.pdb,J1,"50,51,52,53,54,56,218,219,221","15,16,17,18,19,21,183,184,186",B:1:SG-B:14:SG,"{""source_candidate_csv"": ""results/boltz_predictions_raw3ghg_template_msa_top30/source_candidates_top30.csv"", ""source_candidate_raw_id"": ""Patch_A_L14_colabdesign_chunk_seed0000_n005_raw_0004"", ""source_template_chain_id"": ""J"", ""template_skip_reason"": """", ""uses_disulfide_bond_constraint"": true, ""uses_pocket_constraints"": true, ""uses_template"": true}"
Patch_A_boltz_00001_seed3,Patch_A_L14_colabdesign_chunk_seed0000_n005_raw_0004,CEPTEDGRHYWGFC,Patch_A,3,results/boltz_predictions_raw3ghg_template_msa_top30/inputs/yaml/Patch_A_boltz_00001_seed3.yaml,results/boltz_predictions_raw3ghg_template_msa_top30/outputs/Patch_A_boltz_00001_seed3,boltz predict results/boltz_predictions_raw3ghg_template_msa_top30/inputs/yaml/Patch_A_boltz_00001_seed3.yaml --out_dir results/boltz_predictions_raw3ghg_template_msa_top30/outputs/Patch_A_boltz_00001_seed3 --model boltz2 --seed 3 --output_format pdb --write_full_pae --use_msa_server --use_potentials,pending_external_model,server,A,B,data/structures/raw/3GHG.pdb,J1,"50,51,52,53,54,56,218,219,221","15,16,17,18,19,21,183,184,186",B:1:SG-B:14:SG,"{""source_candidate_csv"": ""results/boltz_predictions_raw3ghg_template_msa_top30/source_candidates_top30.csv"", ""source_candidate_raw_id"": ""Patch_A_L14_colabdesign_chunk_seed0000_n005_raw_0004"", ""source_template_chain_id"": ""J"", ""template_skip_reason"": """", ""uses_disulfide_bond_constraint"": true, ""uses_pocket_constraints"": true, ""uses_template"": true}"
Patch_A_boltz_00002_seed1,Patch_A_L16_colabdesign_chunk_seed0065_n005_raw_0005,CYMRTNEYYHPPWKIC,Patch_A,1,results/boltz_predictions_raw3ghg_template_msa_top30/inputs/yaml/Patch_A_boltz_00002_seed1.yaml,results/boltz_predictions_raw3ghg_template_msa_top30/outputs/Patch_A_boltz_00002_seed1,boltz predict results/boltz_predictions_raw3ghg_template_msa_top30/inputs/yaml/Patch_A_boltz_00002_seed1.yaml --out_dir results/boltz_predictions_raw3ghg_template_msa_top30/outputs/Patch_A_boltz_00002_seed1 --model boltz2 --seed 1 --output_format pdb --write_full_pae --use_msa_server --use_potentials,pending_external_model,server,A,B,data/structures/raw/3GHG.pdb,J1,"50,51,52,53,54,56,218,219,221","15,16,17,18,19,21,183,184,186",B:1:SG-B:16:SG,"{""source_candidate_csv"": ""results/boltz_predictions_raw3ghg_template_msa_top30/source_candidates_top30.csv"", ""source_candidate_raw_id"": ""Patch_A_L16_colabdesign_chunk_seed0065_n005_raw_0005"", ""source_template_chain_id"": ""J"", ""template_skip_reason"": """", ""uses_disulfide_bond_constraint"": true, ""uses_pocket_constraints"": true, ""uses_template"": true}"
Patch_A_boltz_00002_seed2,Patch_A_L16_colabdesign_chunk_seed0065_n005_raw_0005,CYMRTNEYYHPPWKIC,Patch_A,2,results/boltz_predictions_raw3ghg_template_msa_top30/inputs/yaml/Patch_A_boltz_00002_seed2.yaml,results/boltz_predictions_raw3ghg_template_msa_top30/outputs/Patch_A_boltz_00002_seed2,boltz predict results/boltz_predictions_raw3ghg_template_msa_top30/inputs/yaml/Patch_A_boltz_00002_seed2.yaml --out_dir results/boltz_predictions_raw3ghg_template_msa_top30/outputs/Patch_A_boltz_00002_seed2 --model boltz2 --seed 2 --output_format pdb --write_full_pae --use_msa_server --use_potentials,pending_external_model,server,A,B,data/structures/raw/3GHG.pdb,J1,"50,51,52,53,54,56,218,219,221","15,16,17,18,19,21,183,184,186",B:1:SG-B:16:SG,"{""source_candidate_csv"": ""results/boltz_predictions_raw3ghg_template_msa_top30/source_candidates_top30.csv"", ""source_candidate_raw_id"": ""Patch_A_L16_colabdesign_chunk_seed0065_n005_raw_0005"", ""source_template_chain_id"": ""J"", ""template_skip_reason"": """", ""uses_disulfide_bond_constraint"": true, ""uses_pocket_constraints"": true, ""uses_template"": true}"
Patch_A_boltz_00002_seed3,Patch_A_L16_colabdesign_chunk_seed0065_n005_raw_0005,CYMRTNEYYHPPWKIC,Patch_A,3,results/boltz_predictions_raw3ghg_template_msa_top30/inputs/yaml/Patch_A_boltz_00002_seed3.yaml,results/boltz_predictions_raw3ghg_template_msa_top30/outputs/Patch_A_boltz_00002_seed3,boltz predict results/boltz_predictions_raw3ghg_template_msa_top30/inputs/yaml/Patch_A_boltz_00002_seed3.yaml --out_dir results/boltz_predictions_raw3ghg_template_msa_top30/outputs/Patch_A_boltz_00002_seed3 --model boltz2 --seed 3 --output_format pdb --write_full_pae --use_msa_server --use_potentials,pending_external_model,server,A,B,data/structures/raw/3GHG.pdb,J1,"50,51,52,53,54,56,218,219,221","15,16,17,18,19,21,183,184,186",B:1:SG-B:16:SG,"{""source_candidate_csv"": ""results/boltz_predictions_raw3ghg_template_msa_top30/source_candidates_top30.csv"", ""source_candidate_raw_id"": ""Patch_A_L16_colabdesign_chunk_seed0065_n005_raw_0005"", ""source_template_chain_id"": ""J"", ""template_skip_reason"": """", ""uses_disulfide_bond_constraint"": true, ""uses_pocket_constraints"": true, ""uses_template"": true}"
Patch_A_boltz_00003_seed1,Patch_A_L18_colabdesign_chunk_seed0050_n005_raw_0005,CHTPNNNNERPYTYVYIC,Patch_A,1,results/boltz_predictions_raw3ghg_template_msa_top30/inputs/yaml/Patch_A_boltz_00003_seed1.yaml,results/boltz_predictions_raw3ghg_template_msa_top30/outputs/Patch_A_boltz_00003_seed1,boltz predict results/boltz_predictions_raw3ghg_template_msa_top30/inputs/yaml/Patch_A_boltz_00003_seed1.yaml --out_dir results/boltz_predictions_raw3ghg_template_msa_top30/outputs/Patch_A_boltz_00003_seed1 --model boltz2 --seed 1 --output_format pdb --write_full_pae --use_msa_server --use_potentials,pending_external_model,server,A,B,data/structures/raw/3GHG.pdb,J1,"50,51,52,53,54,56,218,219,221","15,16,17,18,19,21,183,184,186",B:1:SG-B:18:SG,"{""source_candidate_csv"": ""results/boltz_predictions_raw3ghg_template_msa_top30/source_candidates_top30.csv"", ""source_candidate_raw_id"": ""Patch_A_L18_colabdesign_chunk_seed0050_n005_raw_0005"", ""source_template_chain_id"": ""J"", ""template_skip_reason"": """", ""uses_disulfide_bond_constraint"": true, ""uses_pocket_constraints"": true, ""uses_template"": true}"
Patch_A_boltz_00003_seed2,Patch_A_L18_colabdesign_chunk_seed0050_n005_raw_0005,CHTPNNNNERPYTYVYIC,Patch_A,2,results/boltz_predictions_raw3ghg_template_msa_top30/inputs/yaml/Patch_A_boltz_00003_seed2.yaml,results/boltz_predictions_raw3ghg_template_msa_top30/outputs/Patch_A_boltz_00003_seed2,boltz predict results/boltz_predictions_raw3ghg_template_msa_top30/inputs/yaml/Patch_A_boltz_00003_seed2.yaml --out_dir results/boltz_predictions_raw3ghg_template_msa_top30/outputs/Patch_A_boltz_00003_seed2 --model boltz2 --seed 2 --output_format pdb --write_full_pae --use_msa_server --use_potentials,pending_external_model,server,A,B,data/structures/raw/3GHG.pdb,J1,"50,51,52,53,54,56,218,219,221","15,16,17,18,19,21,183,184,186",B:1:SG-B:18:SG,"{""source_candidate_csv"": ""results/boltz_predictions_raw3ghg_template_msa_top30/source_candidates_top30.csv"", ""source_candidate_raw_id"": ""Patch_A_L18_colabdesign_chunk_seed0050_n005_raw_0005"", ""source_template_chain_id"": ""J"", ""template_skip_reason"": """", ""uses_disulfide_bond_constraint"": true, ""uses_pocket_constraints"": true, ""uses_template"": true}"
Patch_A_boltz_00003_seed3,Patch_A_L18_colabdesign_chunk_seed0050_n005_raw_0005,CHTPNNNNERPYTYVYIC,Patch_A,3,results/boltz_predictions_raw3ghg_template_msa_top30/inputs/yaml/Patch_A_boltz_00003_seed3.yaml,results/boltz_predictions_raw3ghg_template_msa_top30/outputs/Patch_A_boltz_00003_seed3,boltz predict results/boltz_predictions_raw3ghg_template_msa_top30/inputs/yaml/Patch_A_boltz_00003_seed3.yaml --out_dir results/boltz_predictions_raw3ghg_template_msa_top30/outputs/Patch_A_boltz_00003_seed3 --model boltz2 --seed 3 --output_format pdb --write_full_pae --use_msa_server --use_potentials,pending_external_model,server,A,B,data/structures/raw/3GHG.pdb,J1,"50,51,52,53,54,56,218,219,221","15,16,17,18,19,21,183,184,186",B:1:SG-B:18:SG,"{""source_candidate_csv"": ""results/boltz_predictions_raw3ghg_template_msa_top30/source_candidates_top30.csv"", ""source_candidate_raw_id"": ""Patch_A_L18_colabdesign_chunk_seed0050_n005_raw_0005"", ""source_template_chain_id"": ""J"", ""template_skip_reason"": """", ""uses_disulfide_bond_constraint"": true, ""uses_pocket_constraints"": true, ""uses_template"": true}"
Patch_A_boltz_00004_seed1,Patch_A_L18_colabdesign_chunk_seed0015_n005_raw_0005,CYIPPYWGLDYGDTKLTC,Patch_A,1,results/boltz_predictions_raw3ghg_template_msa_top30/inputs/yaml/Patch_A_boltz_00004_seed1.yaml,results/boltz_predictions_raw3ghg_template_msa_top30/outputs/Patch_A_boltz_00004_seed1,boltz predict results/boltz_predictions_raw3ghg_template_msa_top30/inputs/yaml/Patch_A_boltz_00004_seed1.yaml --out_dir results/boltz_predictions_raw3ghg_template_msa_top30/outputs/Patch_A_boltz_00004_seed1 --model boltz2 --seed 1 --output_format pdb --write_full_pae --use_msa_server --use_potentials,pending_external_model,server,A,B,data/structures/raw/3GHG.pdb,J1,"50,51,52,53,54,56,218,219,221","15,16,17,18,19,21,183,184,186",B:1:SG-B:18:SG,"{""source_candidate_csv"": ""results/boltz_predictions_raw3ghg_template_msa_top30/source_candidates_top30.csv"", ""source_candidate_raw_id"": ""Patch_A_L18_colabdesign_chunk_seed0015_n005_raw_0005"", ""source_template_chain_id"": ""J"", ""template_skip_reason"": """", ""uses_disulfide_bond_constraint"": true, ""uses_pocket_constraints"": true, ""uses_template"": true}"
Patch_A_boltz_00004_seed2,Patch_A_L18_colabdesign_chunk_seed0015_n005_raw_0005,CYIPPYWGLDYGDTKLTC,Patch_A,2,results/boltz_predictions_raw3ghg_template_msa_top30/inputs/yaml/Patch_A_boltz_00004_seed2.yaml,results/boltz_predictions_raw3ghg_template_msa_top30/outputs/Patch_A_boltz_00004_seed2,boltz predict results/boltz_predictions_raw3ghg_template_msa_top30/inputs/yaml/Patch_A_boltz_00004_seed2.yaml --out_dir results/boltz_predictions_raw3ghg_template_msa_top30/outputs/Patch_A_boltz_00004_seed2 --model boltz2 --seed 2 --output_format pdb --write_full_pae --use_msa_server --use_potentials,pending_external_model,server,A,B,data/structures/raw/3GHG.pdb,J1,"50,51,52,53,54,56,218,219,221","15,16,17,18,19,21,183,184,186",B:1:SG-B:18:SG,"{""source_candidate_csv"": ""results/boltz_predictions_raw3ghg_template_msa_top30/source_candidates_top30.csv"", ""source_candidate_raw_id"": ""Patch_A_L18_colabdesign_chunk_seed0015_n005_raw_0005"", ""source_template_chain_id"": ""J"", ""template_skip_reason"": """", ""uses_disulfide_bond_constraint"": true, ""uses_pocket_constraints"": true, ""uses_template"": true}"
Patch_A_boltz_00004_seed3,Patch_A_L18_colabdesign_chunk_seed0015_n005_raw_0005,CYIPPYWGLDYGDTKLTC,Patch_A,3,results/boltz_predictions_raw3ghg_template_msa_top30/inputs/yaml/Patch_A_boltz_00004_seed3.yaml,results/boltz_predictions_raw3ghg_template_msa_top30/outputs/Patch_A_boltz_00004_seed3,boltz predict results/boltz_predictions_raw3ghg_template_msa_top30/inputs/yaml/Patch_A_boltz_00004_seed3.yaml --out_dir results/boltz_predictions_raw3ghg_template_msa_top30/outputs/Patch_A_boltz_00004_seed3 --model boltz2 --seed 3 --output_format pdb --write_full_pae --use_msa_server --use_potentials,pending_external_model,server,A,B,data/structures/raw/3GHG.pdb,J1,"50,51,52,53,54,56,218,219,221","15,16,17,18,19,21,183,184,186",B:1:SG-B:18:SG,"{""source_candidate_csv"": ""results/boltz_predictions_raw3ghg_template_msa_top30/source_candidates_top30.csv"", ""source_candidate_raw_id"": ""Patch_A_L18_colabdesign_chunk_seed0015_n005_raw_0005"", ""source_template_chain_id"": ""J"", ""template_skip_reason"": """", ""uses_disulfide_bond_constraint"": true, ""uses_pocket_constraints"": true, ""uses_template"": true}"
Patch_A_boltz_00005_seed1,Patch_A_L12_colabdesign_chunk_seed0020_n005_raw_0002,CKVNDWTPIVYC,Patch_A,1,results/boltz_predictions_raw3ghg_template_msa_top30/inputs/yaml/Patch_A_boltz_00005_seed1.yaml,results/boltz_predictions_raw3ghg_template_msa_top30/outputs/Patch_A_boltz_00005_seed1,boltz predict results/boltz_predictions_raw3ghg_template_msa_top30/inputs/yaml/Patch_A_boltz_00005_seed1.yaml --out_dir results/boltz_predictions_raw3ghg_template_msa_top30/outputs/Patch_A_boltz_00005_seed1 --model boltz2 --seed 1 --output_format pdb --write_full_pae --use_msa_server --use_potentials,pending_external_model,server,A,B,data/structures/raw/3GHG.pdb,J1,"50,51,52,53,54,56,218,219,221","15,16,17,18,19,21,183,184,186",B:1:SG-B:12:SG,"{""source_candidate_csv"": ""results/boltz_predictions_raw3ghg_template_msa_top30/source_candidates_top30.csv"", ""source_candidate_raw_id"": ""Patch_A_L12_colabdesign_chunk_seed0020_n005_raw_0002"", ""source_template_chain_id"": ""J"", ""template_skip_reason"": """", ""uses_disulfide_bond_constraint"": true, ""uses_pocket_constraints"": true, ""uses_template"": true}"
Patch_A_boltz_00005_seed2,Patch_A_L12_colabdesign_chunk_seed0020_n005_raw_0002,CKVNDWTPIVYC,Patch_A,2,results/boltz_predictions_raw3ghg_template_msa_top30/inputs/yaml/Patch_A_boltz_00005_seed2.yaml,results/boltz_predictions_raw3ghg_template_msa_top30/outputs/Patch_A_boltz_00005_seed2,boltz predict results/boltz_predictions_raw3ghg_template_msa_top30/inputs/yaml/Patch_A_boltz_00005_seed2.yaml --out_dir results/boltz_predictions_raw3ghg_template_msa_top30/outputs/Patch_A_boltz_00005_seed2 --model boltz2 --seed 2 --output_format pdb --write_full_pae --use_msa_server --use_potentials,pending_external_model,server,A,B,data/structures/raw/3GHG.pdb,J1,"50,51,52,53,54,56,218,219,221","15,16,17,18,19,21,183,184,186",B:1:SG-B:12:SG,"{""source_candidate_csv"": ""results/boltz_predictions_raw3ghg_template_msa_top30/source_candidates_top30.csv"", ""source_candidate_raw_id"": ""Patch_A_L12_colabdesign_chunk_seed0020_n005_raw_0002"", ""source_template_chain_id"": ""J"", ""template_skip_reason"": """", ""uses_disulfide_bond_constraint"": true, ""uses_pocket_constraints"": true, ""uses_template"": true}"
Patch_A_boltz_00005_seed3,Patch_A_L12_colabdesign_chunk_seed0020_n005_raw_0002,CKVNDWTPIVYC,Patch_A,3,results/boltz_predictions_raw3ghg_template_msa_top30/inputs/yaml/Patch_A_boltz_00005_seed3.yaml,results/boltz_predictions_raw3ghg_template_msa_top30/outputs/Patch_A_boltz_00005_seed3,boltz predict results/boltz_predictions_raw3ghg_template_msa_top30/inputs/yaml/Patch_A_boltz_00005_seed3.yaml --out_dir results/boltz_predictions_raw3ghg_template_msa_top30/outputs/Patch_A_boltz_00005_seed3 --model boltz2 --seed 3 --output_format pdb --write_full_pae --use_msa_server --use_potentials,pending_external_model,server,A,B,data/structures/raw/3GHG.pdb,J1,"50,51,52,53,54,56,218,219,221","15,16,17,18,19,21,183,184,186",B:1:SG-B:12:SG,"{""source_candidate_csv"": ""results/boltz_predictions_raw3ghg_template_msa_top30/source_candidates_top30.csv"", ""source_candidate_raw_id"": ""Patch_A_L12_colabdesign_chunk_seed0020_n005_raw_0002"", ""source_template_chain_id"": ""J"", ""template_skip_reason"": """", ""uses_disulfide_bond_constraint"": true, ""uses_pocket_constraints"": true, ""uses_template"": true}"
Patch_A_boltz_00006_seed1,Patch_A_L12_colabdesign_chunk_seed0030_n005_raw_0003,CYYQNDNSIHVC,Patch_A,1,results/boltz_predictions_raw3ghg_template_msa_top30/inputs/yaml/Patch_A_boltz_00006_seed1.yaml,results/boltz_predictions_raw3ghg_template_msa_top30/outputs/Patch_A_boltz_00006_seed1,boltz predict results/boltz_predictions_raw3ghg_template_msa_top30/inputs/yaml/Patch_A_boltz_00006_seed1.yaml --out_dir results/boltz_predictions_raw3ghg_template_msa_top30/outputs/Patch_A_boltz_00006_seed1 --model boltz2 --seed 1 --output_format pdb --write_full_pae --use_msa_server --use_potentials,pending_external_model,server,A,B,data/structures/raw/3GHG.pdb,J1,"50,51,52,53,54,56,218,219,221","15,16,17,18,19,21,183,184,186",B:1:SG-B:12:SG,"{""source_candidate_csv"": ""results/boltz_predictions_raw3ghg_template_msa_top30/source_candidates_top30.csv"", ""source_candidate_raw_id"": ""Patch_A_L12_colabdesign_chunk_seed0030_n005_raw_0003"", ""source_template_chain_id"": ""J"", ""template_skip_reason"": """", ""uses_disulfide_bond_constraint"": true, ""uses_pocket_constraints"": true, ""uses_template"": true}"
Patch_A_boltz_00006_seed2,Patch_A_L12_colabdesign_chunk_seed0030_n005_raw_0003,CYYQNDNSIHVC,Patch_A,2,results/boltz_predictions_raw3ghg_template_msa_top30/inputs/yaml/Patch_A_boltz_00006_seed2.yaml,results/boltz_predictions_raw3ghg_template_msa_top30/outputs/Patch_A_boltz_00006_seed2,boltz predict results/boltz_predictions_raw3ghg_template_msa_top30/inputs/yaml/Patch_A_boltz_00006_seed2.yaml --out_dir results/boltz_predictions_raw3ghg_template_msa_top30/outputs/Patch_A_boltz_00006_seed2 --model boltz2 --seed 2 --output_format pdb --write_full_pae --use_msa_server --use_potentials,pending_external_model,server,A,B,data/structures/raw/3GHG.pdb,J1,"50,51,52,53,54,56,218,219,221","15,16,17,18,19,21,183,184,186",B:1:SG-B:12:SG,"{""source_candidate_csv"": ""results/boltz_predictions_raw3ghg_template_msa_top30/source_candidates_top30.csv"", ""source_candidate_raw_id"": ""Patch_A_L12_colabdesign_chunk_seed0030_n005_raw_0003"", ""source_template_chain_id"": ""J"", ""template_skip_reason"": """", ""uses_disulfide_bond_constraint"": true, ""uses_pocket_constraints"": true, ""uses_template"": true}"
Patch_A_boltz_00006_seed3,Patch_A_L12_colabdesign_chunk_seed0030_n005_raw_0003,CYYQNDNSIHVC,Patch_A,3,results/boltz_predictions_raw3ghg_template_msa_top30/inputs/yaml/Patch_A_boltz_00006_seed3.yaml,results/boltz_predictions_raw3ghg_template_msa_top30/outputs/Patch_A_boltz_00006_seed3,boltz predict results/boltz_predictions_raw3ghg_template_msa_top30/inputs/yaml/Patch_A_boltz_00006_seed3.yaml --out_dir results/boltz_predictions_raw3ghg_template_msa_top30/outputs/Patch_A_boltz_00006_seed3 --model boltz2 --seed 3 --output_format pdb --write_full_pae --use_msa_server --use_potentials,pending_external_model,server,A,B,data/structures/raw/3GHG.pdb,J1,"50,51,52,53,54,56,218,219,221","15,16,17,18,19,21,183,184,186",B:1:SG-B:12:SG,"{""source_candidate_csv"": ""results/boltz_predictions_raw3ghg_template_msa_top30/source_candidates_top30.csv"", ""source_candidate_raw_id"": ""Patch_A_L12_colabdesign_chunk_seed0030_n005_raw_0003"", ""source_template_chain_id"": ""J"", ""template_skip_reason"": """", ""uses_disulfide_bond_constraint"": true, ""uses_pocket_constraints"": true, ""uses_template"": true}"
Patch_A_boltz_00007_seed1,Patch_A_L16_colabdesign_chunk_seed0070_n005_raw_0003,CYNPVGEEWPIYYVQC,Patch_A,1,results/boltz_predictions_raw3ghg_template_msa_top30/inputs/yaml/Patch_A_boltz_00007_seed1.yaml,results/boltz_predictions_raw3ghg_template_msa_top30/outputs/Patch_A_boltz_00007_seed1,boltz predict results/boltz_predictions_raw3ghg_template_msa_top30/inputs/yaml/Patch_A_boltz_00007_seed1.yaml --out_dir results/boltz_predictions_raw3ghg_template_msa_top30/outputs/Patch_A_boltz_00007_seed1 --model boltz2 --seed 1 --output_format pdb --write_full_pae --use_msa_server --use_potentials,pending_external_model,server,A,B,data/structures/raw/3GHG.pdb,J1,"50,51,52,53,54,56,218,219,221","15,16,17,18,19,21,183,184,186",B:1:SG-B:16:SG,"{""source_candidate_csv"": ""results/boltz_predictions_raw3ghg_template_msa_top30/source_candidates_top30.csv"", ""source_candidate_raw_id"": ""Patch_A_L16_colabdesign_chunk_seed0070_n005_raw_0003"", ""source_template_chain_id"": ""J"", ""template_skip_reason"": """", ""uses_disulfide_bond_constraint"": true, ""uses_pocket_constraints"": true, ""uses_template"": true}"
Patch_A_boltz_00007_seed2,Patch_A_L16_colabdesign_chunk_seed0070_n005_raw_0003,CYNPVGEEWPIYYVQC,Patch_A,2,results/boltz_predictions_raw3ghg_template_msa_top30/inputs/yaml/Patch_A_boltz_00007_seed2.yaml,results/boltz_predictions_raw3ghg_template_msa_top30/outputs/Patch_A_boltz_00007_seed2,boltz predict results/boltz_predictions_raw3ghg_template_msa_top30/inputs/yaml/Patch_A_boltz_00007_seed2.yaml --out_dir results/boltz_predictions_raw3ghg_template_msa_top30/outputs/Patch_A_boltz_00007_seed2 --model boltz2 --seed 2 --output_format pdb --write_full_pae --use_msa_server --use_potentials,pending_external_model,server,A,B,data/structures/raw/3GHG.pdb,J1,"50,51,52,53,54,56,218,219,221","15,16,17,18,19,21,183,184,186",B:1:SG-B:16:SG,"{""source_candidate_csv"": ""results/boltz_predictions_raw3ghg_template_msa_top30/source_candidates_top30.csv"", ""source_candidate_raw_id"": ""Patch_A_L16_colabdesign_chunk_seed0070_n005_raw_0003"", ""source_template_chain_id"": ""J"", ""template_skip_reason"": """", ""uses_disulfide_bond_constraint"": true, ""uses_pocket_constraints"": true, ""uses_template"": true}"
Patch_A_boltz_00007_seed3,Patch_A_L16_colabdesign_chunk_seed0070_n005_raw_0003,CYNPVGEEWPIYYVQC,Patch_A,3,results/boltz_predictions_raw3ghg_template_msa_top30/inputs/yaml/Patch_A_boltz_00007_seed3.yaml,results/boltz_predictions_raw3ghg_template_msa_top30/outputs/Patch_A_boltz_00007_seed3,boltz predict results/boltz_predictions_raw3ghg_template_msa_top30/inputs/yaml/Patch_A_boltz_00007_seed3.yaml --out_dir results/boltz_predictions_raw3ghg_template_msa_top30/outputs/Patch_A_boltz_00007_seed3 --model boltz2 --seed 3 --output_format pdb --write_full_pae --use_msa_server --use_potentials,pending_external_model,server,A,B,data/structures/raw/3GHG.pdb,J1,"50,51,52,53,54,56,218,219,221","15,16,17,18,19,21,183,184,186",B:1:SG-B:16:SG,"{""source_candidate_csv"": ""results/boltz_predictions_raw3ghg_template_msa_top30/source_candidates_top30.csv"", ""source_candidate_raw_id"": ""Patch_A_L16_colabdesign_chunk_seed0070_n005_raw_0003"", ""source_template_chain_id"": ""J"", ""template_skip_reason"": """", ""uses_disulfide_bond_constraint"": true, ""uses_pocket_constraints"": true, ""uses_template"": true}"
Patch_A_boltz_00008_seed1,Patch_A_L12_colabdesign_chunk_seed0035_n005_raw_0003,CWQSYRDGTVIC,Patch_A,1,results/boltz_predictions_raw3ghg_template_msa_top30/inputs/yaml/Patch_A_boltz_00008_seed1.yaml,results/boltz_predictions_raw3ghg_template_msa_top30/outputs/Patch_A_boltz_00008_seed1,boltz predict results/boltz_predictions_raw3ghg_template_msa_top30/inputs/yaml/Patch_A_boltz_00008_seed1.yaml --out_dir results/boltz_predictions_raw3ghg_template_msa_top30/outputs/Patch_A_boltz_00008_seed1 --model boltz2 --seed 1 --output_format pdb --write_full_pae --use_msa_server --use_potentials,pending_external_model,server,A,B,data/structures/raw/3GHG.pdb,J1,"50,51,52,53,54,56,218,219,221","15,16,17,18,19,21,183,184,186",B:1:SG-B:12:SG,"{""source_candidate_csv"": ""results/boltz_predictions_raw3ghg_template_msa_top30/source_candidates_top30.csv"", ""source_candidate_raw_id"": ""Patch_A_L12_colabdesign_chunk_seed0035_n005_raw_0003"", ""source_template_chain_id"": ""J"", ""template_skip_reason"": """", ""uses_disulfide_bond_constraint"": true, ""uses_pocket_constraints"": true, ""uses_template"": true}"
Patch_A_boltz_00008_seed2,Patch_A_L12_colabdesign_chunk_seed0035_n005_raw_0003,CWQSYRDGTVIC,Patch_A,2,results/boltz_predictions_raw3ghg_template_msa_top30/inputs/yaml/Patch_A_boltz_00008_seed2.yaml,results/boltz_predictions_raw3ghg_template_msa_top30/outputs/Patch_A_boltz_00008_seed2,boltz predict results/boltz_predictions_raw3ghg_template_msa_top30/inputs/yaml/Patch_A_boltz_00008_seed2.yaml --out_dir results/boltz_predictions_raw3ghg_template_msa_top30/outputs/Patch_A_boltz_00008_seed2 --model boltz2 --seed 2 --output_format pdb --write_full_pae --use_msa_server --use_potentials,pending_external_model,server,A,B,data/structures/raw/3GHG.pdb,J1,"50,51,52,53,54,56,218,219,221","15,16,17,18,19,21,183,184,186",B:1:SG-B:12:SG,"{""source_candidate_csv"": ""results/boltz_predictions_raw3ghg_template_msa_top30/source_candidates_top30.csv"", ""source_candidate_raw_id"": ""Patch_A_L12_colabdesign_chunk_seed0035_n005_raw_0003"", ""source_template_chain_id"": ""J"", ""template_skip_reason"": """", ""uses_disulfide_bond_constraint"": true, ""uses_pocket_constraints"": true, ""uses_template"": true}"
Patch_A_boltz_00008_seed3,Patch_A_L12_colabdesign_chunk_seed0035_n005_raw_0003,CWQSYRDGTVIC,Patch_A,3,results/boltz_predictions_raw3ghg_template_msa_top30/inputs/yaml/Patch_A_boltz_00008_seed3.yaml,results/boltz_predictions_raw3ghg_template_msa_top30/outputs/Patch_A_boltz_00008_seed3,boltz predict results/boltz_predictions_raw3ghg_template_msa_top30/inputs/yaml/Patch_A_boltz_00008_seed3.yaml --out_dir results/boltz_predictions_raw3ghg_template_msa_top30/outputs/Patch_A_boltz_00008_seed3 --model boltz2 --seed 3 --output_format pdb --write_full_pae --use_msa_server --use_potentials,pending_external_model,server,A,B,data/structures/raw/3GHG.pdb,J1,"50,51,52,53,54,56,218,219,221","15,16,17,18,19,21,183,184,186",B:1:SG-B:12:SG,"{""source_candidate_csv"": ""results/boltz_predictions_raw3ghg_template_msa_top30/source_candidates_top30.csv"", ""source_candidate_raw_id"": ""Patch_A_L12_colabdesign_chunk_seed0035_n005_raw_0003"", ""source_template_chain_id"": ""J"", ""template_skip_reason"": """", ""uses_disulfide_bond_constraint"": true, ""uses_pocket_constraints"": true, ""uses_template"": true}"
Patch_A_boltz_00009_seed1,Patch_A_L18_colabdesign_chunk_seed0010_n005_raw_0005,CVWYHPTDQQGDRQDYIC,Patch_A,1,results/boltz_predictions_raw3ghg_template_msa_top30/inputs/yaml/Patch_A_boltz_00009_seed1.yaml,results/boltz_predictions_raw3ghg_template_msa_top30/outputs/Patch_A_boltz_00009_seed1,boltz predict results/boltz_predictions_raw3ghg_template_msa_top30/inputs/yaml/Patch_A_boltz_00009_seed1.yaml --out_dir results/boltz_predictions_raw3ghg_template_msa_top30/outputs/Patch_A_boltz_00009_seed1 --model boltz2 --seed 1 --output_format pdb --write_full_pae --use_msa_server --use_potentials,pending_external_model,server,A,B,data/structures/raw/3GHG.pdb,J1,"50,51,52,53,54,56,218,219,221","15,16,17,18,19,21,183,184,186",B:1:SG-B:18:SG,"{""source_candidate_csv"": ""results/boltz_predictions_raw3ghg_template_msa_top30/source_candidates_top30.csv"", ""source_candidate_raw_id"": ""Patch_A_L18_colabdesign_chunk_seed0010_n005_raw_0005"", ""source_template_chain_id"": ""J"", ""template_skip_reason"": """", ""uses_disulfide_bond_constraint"": true, ""uses_pocket_constraints"": true, ""uses_template"": true}"
Patch_A_boltz_00009_seed2,Patch_A_L18_colabdesign_chunk_seed0010_n005_raw_0005,CVWYHPTDQQGDRQDYIC,Patch_A,2,results/boltz_predictions_raw3ghg_template_msa_top30/inputs/yaml/Patch_A_boltz_00009_seed2.yaml,results/boltz_predictions_raw3ghg_template_msa_top30/outputs/Patch_A_boltz_00009_seed2,boltz predict results/boltz_predictions_raw3ghg_template_msa_top30/inputs/yaml/Patch_A_boltz_00009_seed2.yaml --out_dir results/boltz_predictions_raw3ghg_template_msa_top30/outputs/Patch_A_boltz_00009_seed2 --model boltz2 --seed 2 --output_format pdb --write_full_pae --use_msa_server --use_potentials,pending_external_model,server,A,B,data/structures/raw/3GHG.pdb,J1,"50,51,52,53,54,56,218,219,221","15,16,17,18,19,21,183,184,186",B:1:SG-B:18:SG,"{""source_candidate_csv"": ""results/boltz_predictions_raw3ghg_template_msa_top30/source_candidates_top30.csv"", ""source_candidate_raw_id"": ""Patch_A_L18_colabdesign_chunk_seed0010_n005_raw_0005"", ""source_template_chain_id"": ""J"", ""template_skip_reason"": """", ""uses_disulfide_bond_constraint"": true, ""uses_pocket_constraints"": true, ""uses_template"": true}"
Patch_A_boltz_00009_seed3,Patch_A_L18_colabdesign_chunk_seed0010_n005_raw_0005,CVWYHPTDQQGDRQDYIC,Patch_A,3,results/boltz_predictions_raw3ghg_template_msa_top30/inputs/yaml/Patch_A_boltz_00009_seed3.yaml,results/boltz_predictions_raw3ghg_template_msa_top30/outputs/Patch_A_boltz_00009_seed3,boltz predict results/boltz_predictions_raw3ghg_template_msa_top30/inputs/yaml/Patch_A_boltz_00009_seed3.yaml --out_dir results/boltz_predictions_raw3ghg_template_msa_top30/outputs/Patch_A_boltz_00009_seed3 --model boltz2 --seed 3 --output_format pdb --write_full_pae --use_msa_server --use_potentials,pending_external_model,server,A,B,data/structures/raw/3GHG.pdb,J1,"50,51,52,53,54,56,218,219,221","15,16,17,18,19,21,183,184,186",B:1:SG-B:18:SG,"{""source_candidate_csv"": ""results/boltz_predictions_raw3ghg_template_msa_top30/source_candidates_top30.csv"", ""source_candidate_raw_id"": ""Patch_A_L18_colabdesign_chunk_seed0010_n005_raw_0005"", ""source_template_chain_id"": ""J"", ""template_skip_reason"": """", ""uses_disulfide_bond_constraint"": true, ""uses_pocket_constraints"": true, ""uses_template"": true}"
Patch_A_boltz_00010_seed1,Patch_A_L14_colabdesign_chunk_seed0050_n005_raw_0001,CHYRPGHDYQVYVC,Patch_A,1,results/boltz_predictions_raw3ghg_template_msa_top30/inputs/yaml/Patch_A_boltz_00010_seed1.yaml,results/boltz_predictions_raw3ghg_template_msa_top30/outputs/Patch_A_boltz_00010_seed1,boltz predict results/boltz_predictions_raw3ghg_template_msa_top30/inputs/yaml/Patch_A_boltz_00010_seed1.yaml --out_dir results/boltz_predictions_raw3ghg_template_msa_top30/outputs/Patch_A_boltz_00010_seed1 --model boltz2 --seed 1 --output_format pdb --write_full_pae --use_msa_server --use_potentials,pending_external_model,server,A,B,data/structures/raw/3GHG.pdb,J1,"50,51,52,53,54,56,218,219,221","15,16,17,18,19,21,183,184,186",B:1:SG-B:14:SG,"{""source_candidate_csv"": ""results/boltz_predictions_raw3ghg_template_msa_top30/source_candidates_top30.csv"", ""source_candidate_raw_id"": ""Patch_A_L14_colabdesign_chunk_seed0050_n005_raw_0001"", ""source_template_chain_id"": ""J"", ""template_skip_reason"": """", ""uses_disulfide_bond_constraint"": true, ""uses_pocket_constraints"": true, ""uses_template"": true}"
Patch_A_boltz_00010_seed2,Patch_A_L14_colabdesign_chunk_seed0050_n005_raw_0001,CHYRPGHDYQVYVC,Patch_A,2,results/boltz_predictions_raw3ghg_template_msa_top30/inputs/yaml/Patch_A_boltz_00010_seed2.yaml,results/boltz_predictions_raw3ghg_template_msa_top30/outputs/Patch_A_boltz_00010_seed2,boltz predict results/boltz_predictions_raw3ghg_template_msa_top30/inputs/yaml/Patch_A_boltz_00010_seed2.yaml --out_dir results/boltz_predictions_raw3ghg_template_msa_top30/outputs/Patch_A_boltz_00010_seed2 --model boltz2 --seed 2 --output_format pdb --write_full_pae --use_msa_server --use_potentials,pending_external_model,server,A,B,data/structures/raw/3GHG.pdb,J1,"50,51,52,53,54,56,218,219,221","15,16,17,18,19,21,183,184,186",B:1:SG-B:14:SG,"{""source_candidate_csv"": ""results/boltz_predictions_raw3ghg_template_msa_top30/source_candidates_top30.csv"", ""source_candidate_raw_id"": ""Patch_A_L14_colabdesign_chunk_seed0050_n005_raw_0001"", ""source_template_chain_id"": ""J"", ""template_skip_reason"": """", ""uses_disulfide_bond_constraint"": true, ""uses_pocket_constraints"": true, ""uses_template"": true}"
Patch_A_boltz_00010_seed3,Patch_A_L14_colabdesign_chunk_seed0050_n005_raw_0001,CHYRPGHDYQVYVC,Patch_A,3,results/boltz_predictions_raw3ghg_template_msa_top30/inputs/yaml/Patch_A_boltz_00010_seed3.yaml,results/boltz_predictions_raw3ghg_template_msa_top30/outputs/Patch_A_boltz_00010_seed3,boltz predict results/boltz_predictions_raw3ghg_template_msa_top30/inputs/yaml/Patch_A_boltz_00010_seed3.yaml --out_dir results/boltz_predictions_raw3ghg_template_msa_top30/outputs/Patch_A_boltz_00010_seed3 --model boltz2 --seed 3 --output_format pdb --write_full_pae --use_msa_server --use_potentials,pending_external_model,server,A,B,data/structures/raw/3GHG.pdb,J1,"50,51,52,53,54,56,218,219,221","15,16,17,18,19,21,183,184,186",B:1:SG-B:14:SG,"{""source_candidate_csv"": ""results/boltz_predictions_raw3ghg_template_msa_top30/source_candidates_top30.csv"", ""source_candidate_raw_id"": ""Patch_A_L14_colabdesign_chunk_seed0050_n005_raw_0001"", ""source_template_chain_id"": ""J"", ""template_skip_reason"": """", ""uses_disulfide_bond_constraint"": true, ""uses_pocket_constraints"": true, ""uses_template"": true}"
Patch_A_boltz_00011_seed1,Patch_A_L14_colabdesign_chunk_seed0075_n005_raw_0005,CHINRYPDNSYIYC,Patch_A,1,results/boltz_predictions_raw3ghg_template_msa_top30/inputs/yaml/Patch_A_boltz_00011_seed1.yaml,results/boltz_predictions_raw3ghg_template_msa_top30/outputs/Patch_A_boltz_00011_seed1,boltz predict results/boltz_predictions_raw3ghg_template_msa_top30/inputs/yaml/Patch_A_boltz_00011_seed1.yaml --out_dir results/boltz_predictions_raw3ghg_template_msa_top30/outputs/Patch_A_boltz_00011_seed1 --model boltz2 --seed 1 --output_format pdb --write_full_pae --use_msa_server --use_potentials,pending_external_model,server,A,B,data/structures/raw/3GHG.pdb,J1,"50,51,52,53,54,56,218,219,221","15,16,17,18,19,21,183,184,186",B:1:SG-B:14:SG,"{""source_candidate_csv"": ""results/boltz_predictions_raw3ghg_template_msa_top30/source_candidates_top30.csv"", ""source_candidate_raw_id"": ""Patch_A_L14_colabdesign_chunk_seed0075_n005_raw_0005"", ""source_template_chain_id"": ""J"", ""template_skip_reason"": """", ""uses_disulfide_bond_constraint"": true, ""uses_pocket_constraints"": true, ""uses_template"": true}"
Patch_A_boltz_00011_seed2,Patch_A_L14_colabdesign_chunk_seed0075_n005_raw_0005,CHINRYPDNSYIYC,Patch_A,2,results/boltz_predictions_raw3ghg_template_msa_top30/inputs/yaml/Patch_A_boltz_00011_seed2.yaml,results/boltz_predictions_raw3ghg_template_msa_top30/outputs/Patch_A_boltz_00011_seed2,boltz predict results/boltz_predictions_raw3ghg_template_msa_top30/inputs/yaml/Patch_A_boltz_00011_seed2.yaml --out_dir results/boltz_predictions_raw3ghg_template_msa_top30/outputs/Patch_A_boltz_00011_seed2 --model boltz2 --seed 2 --output_format pdb --write_full_pae --use_msa_server --use_potentials,pending_external_model,server,A,B,data/structures/raw/3GHG.pdb,J1,"50,51,52,53,54,56,218,219,221","15,16,17,18,19,21,183,184,186",B:1:SG-B:14:SG,"{""source_candidate_csv"": ""results/boltz_predictions_raw3ghg_template_msa_top30/source_candidates_top30.csv"", ""source_candidate_raw_id"": ""Patch_A_L14_colabdesign_chunk_seed0075_n005_raw_0005"", ""source_template_chain_id"": ""J"", ""template_skip_reason"": """", ""uses_disulfide_bond_constraint"": true, ""uses_pocket_constraints"": true, ""uses_template"": true}"
Patch_A_boltz_00011_seed3,Patch_A_L14_colabdesign_chunk_seed0075_n005_raw_0005,CHINRYPDNSYIYC,Patch_A,3,results/boltz_predictions_raw3ghg_template_msa_top30/inputs/yaml/Patch_A_boltz_00011_seed3.yaml,results/boltz_predictions_raw3ghg_template_msa_top30/outputs/Patch_A_boltz_00011_seed3,boltz predict results/boltz_predictions_raw3ghg_template_msa_top30/inputs/yaml/Patch_A_boltz_00011_seed3.yaml --out_dir results/boltz_predictions_raw3ghg_template_msa_top30/outputs/Patch_A_boltz_00011_seed3 --model boltz2 --seed 3 --output_format pdb --write_full_pae --use_msa_server --use_potentials,pending_external_model,server,A,B,data/structures/raw/3GHG.pdb,J1,"50,51,52,53,54,56,218,219,221","15,16,17,18,19,21,183,184,186",B:1:SG-B:14:SG,"{""source_candidate_csv"": ""results/boltz_predictions_raw3ghg_template_msa_top30/source_candidates_top30.csv"", ""source_candidate_raw_id"": ""Patch_A_L14_colabdesign_chunk_seed0075_n005_raw_0005"", ""source_template_chain_id"": ""J"", ""template_skip_reason"": """", ""uses_disulfide_bond_constraint"": true, ""uses_pocket_constraints"": true, ""uses_template"": true}"
Patch_B_boltz_00012_seed1,Patch_B_L12_colabdesign_chunk_seed0015_n005_raw_0005,CPDNHTHVGMRC,Patch_B,1,results/boltz_predictions_raw3ghg_template_msa_top30/inputs/yaml/Patch_B_boltz_00012_seed1.yaml,results/boltz_predictions_raw3ghg_template_msa_top30/outputs/Patch_B_boltz_00012_seed1,boltz predict results/boltz_predictions_raw3ghg_template_msa_top30/inputs/yaml/Patch_B_boltz_00012_seed1.yaml --out_dir results/boltz_predictions_raw3ghg_template_msa_top30/outputs/Patch_B_boltz_00012_seed1 --model boltz2 --seed 1 --output_format pdb --write_full_pae --use_msa_server --use_potentials,pending_external_model,server,A,B,data/structures/raw/3GHG.pdb,A1,"46,49,50,51,52,53,54,56,57,62","11,14,15,16,17,18,19,21,22,27",B:1:SG-B:12:SG,"{""source_candidate_csv"": ""results/boltz_predictions_raw3ghg_template_msa_top30/source_candidates_top30.csv"", ""source_candidate_raw_id"": ""Patch_B_L12_colabdesign_chunk_seed0015_n005_raw_0005"", ""source_template_chain_id"": ""A"", ""template_skip_reason"": """", ""uses_disulfide_bond_constraint"": true, ""uses_pocket_constraints"": true, ""uses_template"": true}"
Patch_B_boltz_00012_seed2,Patch_B_L12_colabdesign_chunk_seed0015_n005_raw_0005,CPDNHTHVGMRC,Patch_B,2,results/boltz_predictions_raw3ghg_template_msa_top30/inputs/yaml/Patch_B_boltz_00012_seed2.yaml,results/boltz_predictions_raw3ghg_template_msa_top30/outputs/Patch_B_boltz_00012_seed2,boltz predict results/boltz_predictions_raw3ghg_template_msa_top30/inputs/yaml/Patch_B_boltz_00012_seed2.yaml --out_dir results/boltz_predictions_raw3ghg_template_msa_top30/outputs/Patch_B_boltz_00012_seed2 --model boltz2 --seed 2 --output_format pdb --write_full_pae --use_msa_server --use_potentials,pending_external_model,server,A,B,data/structures/raw/3GHG.pdb,A1,"46,49,50,51,52,53,54,56,57,62","11,14,15,16,17,18,19,21,22,27",B:1:SG-B:12:SG,"{""source_candidate_csv"": ""results/boltz_predictions_raw3ghg_template_msa_top30/source_candidates_top30.csv"", ""source_candidate_raw_id"": ""Patch_B_L12_colabdesign_chunk_seed0015_n005_raw_0005"", ""source_template_chain_id"": ""A"", ""template_skip_reason"": """", ""uses_disulfide_bond_constraint"": true, ""uses_pocket_constraints"": true, ""uses_template"": true}"
Patch_B_boltz_00012_seed3,Patch_B_L12_colabdesign_chunk_seed0015_n005_raw_0005,CPDNHTHVGMRC,Patch_B,3,results/boltz_predictions_raw3ghg_template_msa_top30/inputs/yaml/Patch_B_boltz_00012_seed3.yaml,results/boltz_predictions_raw3ghg_template_msa_top30/outputs/Patch_B_boltz_00012_seed3,boltz predict results/boltz_predictions_raw3ghg_template_msa_top30/inputs/yaml/Patch_B_boltz_00012_seed3.yaml --out_dir results/boltz_predictions_raw3ghg_template_msa_top30/outputs/Patch_B_boltz_00012_seed3 --model boltz2 --seed 3 --output_format pdb --write_full_pae --use_msa_server --use_potentials,pending_external_model,server,A,B,data/structures/raw/3GHG.pdb,A1,"46,49,50,51,52,53,54,56,57,62","11,14,15,16,17,18,19,21,22,27",B:1:SG-B:12:SG,"{""source_candidate_csv"": ""results/boltz_predictions_raw3ghg_template_msa_top30/source_candidates_top30.csv"", ""source_candidate_raw_id"": ""Patch_B_L12_colabdesign_chunk_seed0015_n005_raw_0005"", ""source_template_chain_id"": ""A"", ""template_skip_reason"": """", ""uses_disulfide_bond_constraint"": true, ""uses_pocket_constraints"": true, ""uses_template"": true}"
Patch_B_boltz_00013_seed1,Patch_B_L12_colabdesign_chunk_seed0025_n005_raw_0004,CRMRDGRPPNGC,Patch_B,1,results/boltz_predictions_raw3ghg_template_msa_top30/inputs/yaml/Patch_B_boltz_00013_seed1.yaml,results/boltz_predictions_raw3ghg_template_msa_top30/outputs/Patch_B_boltz_00013_seed1,boltz predict results/boltz_predictions_raw3ghg_template_msa_top30/inputs/yaml/Patch_B_boltz_00013_seed1.yaml --out_dir results/boltz_predictions_raw3ghg_template_msa_top30/outputs/Patch_B_boltz_00013_seed1 --model boltz2 --seed 1 --output_format pdb --write_full_pae --use_msa_server --use_potentials,pending_external_model,server,A,B,data/structures/raw/3GHG.pdb,A1,"46,49,50,51,52,53,54,56,57,62","11,14,15,16,17,18,19,21,22,27",B:1:SG-B:12:SG,"{""source_candidate_csv"": ""results/boltz_predictions_raw3ghg_template_msa_top30/source_candidates_top30.csv"", ""source_candidate_raw_id"": ""Patch_B_L12_colabdesign_chunk_seed0025_n005_raw_0004"", ""source_template_chain_id"": ""A"", ""template_skip_reason"": """", ""uses_disulfide_bond_constraint"": true, ""uses_pocket_constraints"": true, ""uses_template"": true}"
Patch_B_boltz_00013_seed2,Patch_B_L12_colabdesign_chunk_seed0025_n005_raw_0004,CRMRDGRPPNGC,Patch_B,2,results/boltz_predictions_raw3ghg_template_msa_top30/inputs/yaml/Patch_B_boltz_00013_seed2.yaml,results/boltz_predictions_raw3ghg_template_msa_top30/outputs/Patch_B_boltz_00013_seed2,boltz predict results/boltz_predictions_raw3ghg_template_msa_top30/inputs/yaml/Patch_B_boltz_00013_seed2.yaml --out_dir results/boltz_predictions_raw3ghg_template_msa_top30/outputs/Patch_B_boltz_00013_seed2 --model boltz2 --seed 2 --output_format pdb --write_full_pae --use_msa_server --use_potentials,pending_external_model,server,A,B,data/structures/raw/3GHG.pdb,A1,"46,49,50,51,52,53,54,56,57,62","11,14,15,16,17,18,19,21,22,27",B:1:SG-B:12:SG,"{""source_candidate_csv"": ""results/boltz_predictions_raw3ghg_template_msa_top30/source_candidates_top30.csv"", ""source_candidate_raw_id"": ""Patch_B_L12_colabdesign_chunk_seed0025_n005_raw_0004"", ""source_template_chain_id"": ""A"", ""template_skip_reason"": """", ""uses_disulfide_bond_constraint"": true, ""uses_pocket_constraints"": true, ""uses_template"": true}"
Patch_B_boltz_00013_seed3,Patch_B_L12_colabdesign_chunk_seed0025_n005_raw_0004,CRMRDGRPPNGC,Patch_B,3,results/boltz_predictions_raw3ghg_template_msa_top30/inputs/yaml/Patch_B_boltz_00013_seed3.yaml,results/boltz_predictions_raw3ghg_template_msa_top30/outputs/Patch_B_boltz_00013_seed3,boltz predict results/boltz_predictions_raw3ghg_template_msa_top30/inputs/yaml/Patch_B_boltz_00013_seed3.yaml --out_dir results/boltz_predictions_raw3ghg_template_msa_top30/outputs/Patch_B_boltz_00013_seed3 --model boltz2 --seed 3 --output_format pdb --write_full_pae --use_msa_server --use_potentials,pending_external_model,server,A,B,data/structures/raw/3GHG.pdb,A1,"46,49,50,51,52,53,54,56,57,62","11,14,15,16,17,18,19,21,22,27",B:1:SG-B:12:SG,"{""source_candidate_csv"": ""results/boltz_predictions_raw3ghg_template_msa_top30/source_candidates_top30.csv"", ""source_candidate_raw_id"": ""Patch_B_L12_colabdesign_chunk_seed0025_n005_raw_0004"", ""source_template_chain_id"": ""A"", ""template_skip_reason"": """", ""uses_disulfide_bond_constraint"": true, ""uses_pocket_constraints"": true, ""uses_template"": true}"
Patch_B_boltz_00014_seed1,Patch_B_L12_colabdesign_chunk_seed0020_n005_raw_0005,CWYPPDDPKYQC,Patch_B,1,results/boltz_predictions_raw3ghg_template_msa_top30/inputs/yaml/Patch_B_boltz_00014_seed1.yaml,results/boltz_predictions_raw3ghg_template_msa_top30/outputs/Patch_B_boltz_00014_seed1,boltz predict results/boltz_predictions_raw3ghg_template_msa_top30/inputs/yaml/Patch_B_boltz_00014_seed1.yaml --out_dir results/boltz_predictions_raw3ghg_template_msa_top30/outputs/Patch_B_boltz_00014_seed1 --model boltz2 --seed 1 --output_format pdb --write_full_pae --use_msa_server --use_potentials,pending_external_model,server,A,B,data/structures/raw/3GHG.pdb,A1,"46,49,50,51,52,53,54,56,57,62","11,14,15,16,17,18,19,21,22,27",B:1:SG-B:12:SG,"{""source_candidate_csv"": ""results/boltz_predictions_raw3ghg_template_msa_top30/source_candidates_top30.csv"", ""source_candidate_raw_id"": ""Patch_B_L12_colabdesign_chunk_seed0020_n005_raw_0005"", ""source_template_chain_id"": ""A"", ""template_skip_reason"": """", ""uses_disulfide_bond_constraint"": true, ""uses_pocket_constraints"": true, ""uses_template"": true}"
Patch_B_boltz_00014_seed2,Patch_B_L12_colabdesign_chunk_seed0020_n005_raw_0005,CWYPPDDPKYQC,Patch_B,2,results/boltz_predictions_raw3ghg_template_msa_top30/inputs/yaml/Patch_B_boltz_00014_seed2.yaml,results/boltz_predictions_raw3ghg_template_msa_top30/outputs/Patch_B_boltz_00014_seed2,boltz predict results/boltz_predictions_raw3ghg_template_msa_top30/inputs/yaml/Patch_B_boltz_00014_seed2.yaml --out_dir results/boltz_predictions_raw3ghg_template_msa_top30/outputs/Patch_B_boltz_00014_seed2 --model boltz2 --seed 2 --output_format pdb --write_full_pae --use_msa_server --use_potentials,pending_external_model,server,A,B,data/structures/raw/3GHG.pdb,A1,"46,49,50,51,52,53,54,56,57,62","11,14,15,16,17,18,19,21,22,27",B:1:SG-B:12:SG,"{""source_candidate_csv"": ""results/boltz_predictions_raw3ghg_template_msa_top30/source_candidates_top30.csv"", ""source_candidate_raw_id"": ""Patch_B_L12_colabdesign_chunk_seed0020_n005_raw_0005"", ""source_template_chain_id"": ""A"", ""template_skip_reason"": """", ""uses_disulfide_bond_constraint"": true, ""uses_pocket_constraints"": true, ""uses_template"": true}"
Patch_B_boltz_00014_seed3,Patch_B_L12_colabdesign_chunk_seed0020_n005_raw_0005,CWYPPDDPKYQC,Patch_B,3,results/boltz_predictions_raw3ghg_template_msa_top30/inputs/yaml/Patch_B_boltz_00014_seed3.yaml,results/boltz_predictions_raw3ghg_template_msa_top30/outputs/Patch_B_boltz_00014_seed3,boltz predict results/boltz_predictions_raw3ghg_template_msa_top30/inputs/yaml/Patch_B_boltz_00014_seed3.yaml --out_dir results/boltz_predictions_raw3ghg_template_msa_top30/outputs/Patch_B_boltz_00014_seed3 --model boltz2 --seed 3 --output_format pdb --write_full_pae --use_msa_server --use_potentials,pending_external_model,server,A,B,data/structures/raw/3GHG.pdb,A1,"46,49,50,51,52,53,54,56,57,62","11,14,15,16,17,18,19,21,22,27",B:1:SG-B:12:SG,"{""source_candidate_csv"": ""results/boltz_predictions_raw3ghg_template_msa_top30/source_candidates_top30.csv"", ""source_candidate_raw_id"": ""Patch_B_L12_colabdesign_chunk_seed0020_n005_raw_0005"", ""source_template_chain_id"": ""A"", ""template_skip_reason"": """", ""uses_disulfide_bond_constraint"": true, ""uses_pocket_constraints"": true, ""uses_template"": true}"
Patch_A_boltz_00015_seed1,Patch_A_L14_colabdesign_chunk_seed0020_n005_raw_0004,CYFYYRPDNDHHLC,Patch_A,1,results/boltz_predictions_raw3ghg_template_msa_top30/inputs/yaml/Patch_A_boltz_00015_seed1.yaml,results/boltz_predictions_raw3ghg_template_msa_top30/outputs/Patch_A_boltz_00015_seed1,boltz predict results/boltz_predictions_raw3ghg_template_msa_top30/inputs/yaml/Patch_A_boltz_00015_seed1.yaml --out_dir results/boltz_predictions_raw3ghg_template_msa_top30/outputs/Patch_A_boltz_00015_seed1 --model boltz2 --seed 1 --output_format pdb --write_full_pae --use_msa_server --use_potentials,pending_external_model,server,A,B,data/structures/raw/3GHG.pdb,J1,"50,51,52,53,54,56,218,219,221","15,16,17,18,19,21,183,184,186",B:1:SG-B:14:SG,"{""source_candidate_csv"": ""results/boltz_predictions_raw3ghg_template_msa_top30/source_candidates_top30.csv"", ""source_candidate_raw_id"": ""Patch_A_L14_colabdesign_chunk_seed0020_n005_raw_0004"", ""source_template_chain_id"": ""J"", ""template_skip_reason"": """", ""uses_disulfide_bond_constraint"": true, ""uses_pocket_constraints"": true, ""uses_template"": true}"
Patch_A_boltz_00015_seed2,Patch_A_L14_colabdesign_chunk_seed0020_n005_raw_0004,CYFYYRPDNDHHLC,Patch_A,2,results/boltz_predictions_raw3ghg_template_msa_top30/inputs/yaml/Patch_A_boltz_00015_seed2.yaml,results/boltz_predictions_raw3ghg_template_msa_top30/outputs/Patch_A_boltz_00015_seed2,boltz predict results/boltz_predictions_raw3ghg_template_msa_top30/inputs/yaml/Patch_A_boltz_00015_seed2.yaml --out_dir results/boltz_predictions_raw3ghg_template_msa_top30/outputs/Patch_A_boltz_00015_seed2 --model boltz2 --seed 2 --output_format pdb --write_full_pae --use_msa_server --use_potentials,pending_external_model,server,A,B,data/structures/raw/3GHG.pdb,J1,"50,51,52,53,54,56,218,219,221","15,16,17,18,19,21,183,184,186",B:1:SG-B:14:SG,"{""source_candidate_csv"": ""results/boltz_predictions_raw3ghg_template_msa_top30/source_candidates_top30.csv"", ""source_candidate_raw_id"": ""Patch_A_L14_colabdesign_chunk_seed0020_n005_raw_0004"", ""source_template_chain_id"": ""J"", ""template_skip_reason"": """", ""uses_disulfide_bond_constraint"": true, ""uses_pocket_constraints"": true, ""uses_template"": true}"
Patch_A_boltz_00015_seed3,Patch_A_L14_colabdesign_chunk_seed0020_n005_raw_0004,CYFYYRPDNDHHLC,Patch_A,3,results/boltz_predictions_raw3ghg_template_msa_top30/inputs/yaml/Patch_A_boltz_00015_seed3.yaml,results/boltz_predictions_raw3ghg_template_msa_top30/outputs/Patch_A_boltz_00015_seed3,boltz predict results/boltz_predictions_raw3ghg_template_msa_top30/inputs/yaml/Patch_A_boltz_00015_seed3.yaml --out_dir results/boltz_predictions_raw3ghg_template_msa_top30/outputs/Patch_A_boltz_00015_seed3 --model boltz2 --seed 3 --output_format pdb --write_full_pae --use_msa_server --use_potentials,pending_external_model,server,A,B,data/structures/raw/3GHG.pdb,J1,"50,51,52,53,54,56,218,219,221","15,16,17,18,19,21,183,184,186",B:1:SG-B:14:SG,"{""source_candidate_csv"": ""results/boltz_predictions_raw3ghg_template_msa_top30/source_candidates_top30.csv"", ""source_candidate_raw_id"": ""Patch_A_L14_colabdesign_chunk_seed0020_n005_raw_0004"", ""source_template_chain_id"": ""J"", ""template_skip_reason"": """", ""uses_disulfide_bond_constraint"": true, ""uses_pocket_constraints"": true, ""uses_template"": true}"
Patch_A_boltz_00016_seed1,Patch_A_L12_colabdesign_chunk_seed0035_n005_raw_0004,CYTNQDQVYIYC,Patch_A,1,results/boltz_predictions_raw3ghg_template_msa_top30/inputs/yaml/Patch_A_boltz_00016_seed1.yaml,results/boltz_predictions_raw3ghg_template_msa_top30/outputs/Patch_A_boltz_00016_seed1,boltz predict results/boltz_predictions_raw3ghg_template_msa_top30/inputs/yaml/Patch_A_boltz_00016_seed1.yaml --out_dir results/boltz_predictions_raw3ghg_template_msa_top30/outputs/Patch_A_boltz_00016_seed1 --model boltz2 --seed 1 --output_format pdb --write_full_pae --use_msa_server --use_potentials,pending_external_model,server,A,B,data/structures/raw/3GHG.pdb,J1,"50,51,52,53,54,56,218,219,221","15,16,17,18,19,21,183,184,186",B:1:SG-B:12:SG,"{""source_candidate_csv"": ""results/boltz_predictions_raw3ghg_template_msa_top30/source_candidates_top30.csv"", ""source_candidate_raw_id"": ""Patch_A_L12_colabdesign_chunk_seed0035_n005_raw_0004"", ""source_template_chain_id"": ""J"", ""template_skip_reason"": """", ""uses_disulfide_bond_constraint"": true, ""uses_pocket_constraints"": true, ""uses_template"": true}"
Patch_A_boltz_00016_seed2,Patch_A_L12_colabdesign_chunk_seed0035_n005_raw_0004,CYTNQDQVYIYC,Patch_A,2,results/boltz_predictions_raw3ghg_template_msa_top30/inputs/yaml/Patch_A_boltz_00016_seed2.yaml,results/boltz_predictions_raw3ghg_template_msa_top30/outputs/Patch_A_boltz_00016_seed2,boltz predict results/boltz_predictions_raw3ghg_template_msa_top30/inputs/yaml/Patch_A_boltz_00016_seed2.yaml --out_dir results/boltz_predictions_raw3ghg_template_msa_top30/outputs/Patch_A_boltz_00016_seed2 --model boltz2 --seed 2 --output_format pdb --write_full_pae --use_msa_server --use_potentials,pending_external_model,server,A,B,data/structures/raw/3GHG.pdb,J1,"50,51,52,53,54,56,218,219,221","15,16,17,18,19,21,183,184,186",B:1:SG-B:12:SG,"{""source_candidate_csv"": ""results/boltz_predictions_raw3ghg_template_msa_top30/source_candidates_top30.csv"", ""source_candidate_raw_id"": ""Patch_A_L12_colabdesign_chunk_seed0035_n005_raw_0004"", ""source_template_chain_id"": ""J"", ""template_skip_reason"": """", ""uses_disulfide_bond_constraint"": true, ""uses_pocket_constraints"": true, ""uses_template"": true}"
Patch_A_boltz_00016_seed3,Patch_A_L12_colabdesign_chunk_seed0035_n005_raw_0004,CYTNQDQVYIYC,Patch_A,3,results/boltz_predictions_raw3ghg_template_msa_top30/inputs/yaml/Patch_A_boltz_00016_seed3.yaml,results/boltz_predictions_raw3ghg_template_msa_top30/outputs/Patch_A_boltz_00016_seed3,boltz predict results/boltz_predictions_raw3ghg_template_msa_top30/inputs/yaml/Patch_A_boltz_00016_seed3.yaml --out_dir results/boltz_predictions_raw3ghg_template_msa_top30/outputs/Patch_A_boltz_00016_seed3 --model boltz2 --seed 3 --output_format pdb --write_full_pae --use_msa_server --use_potentials,pending_external_model,server,A,B,data/structures/raw/3GHG.pdb,J1,"50,51,52,53,54,56,218,219,221","15,16,17,18,19,21,183,184,186",B:1:SG-B:12:SG,"{""source_candidate_csv"": ""results/boltz_predictions_raw3ghg_template_msa_top30/source_candidates_top30.csv"", ""source_candidate_raw_id"": ""Patch_A_L12_colabdesign_chunk_seed0035_n005_raw_0004"", ""source_template_chain_id"": ""J"", ""template_skip_reason"": """", ""uses_disulfide_bond_constraint"": true, ""uses_pocket_constraints"": true, ""uses_template"": true}"
Patch_A_boltz_00017_seed1,Patch_A_L12_colabdesign_chunk_seed0075_n005_raw_0001,CWHYLPRTYEMC,Patch_A,1,results/boltz_predictions_raw3ghg_template_msa_top30/inputs/yaml/Patch_A_boltz_00017_seed1.yaml,results/boltz_predictions_raw3ghg_template_msa_top30/outputs/Patch_A_boltz_00017_seed1,boltz predict results/boltz_predictions_raw3ghg_template_msa_top30/inputs/yaml/Patch_A_boltz_00017_seed1.yaml --out_dir results/boltz_predictions_raw3ghg_template_msa_top30/outputs/Patch_A_boltz_00017_seed1 --model boltz2 --seed 1 --output_format pdb --write_full_pae --use_msa_server --use_potentials,pending_external_model,server,A,B,data/structures/raw/3GHG.pdb,J1,"50,51,52,53,54,56,218,219,221","15,16,17,18,19,21,183,184,186",B:1:SG-B:12:SG,"{""source_candidate_csv"": ""results/boltz_predictions_raw3ghg_template_msa_top30/source_candidates_top30.csv"", ""source_candidate_raw_id"": ""Patch_A_L12_colabdesign_chunk_seed0075_n005_raw_0001"", ""source_template_chain_id"": ""J"", ""template_skip_reason"": """", ""uses_disulfide_bond_constraint"": true, ""uses_pocket_constraints"": true, ""uses_template"": true}"
Patch_A_boltz_00017_seed2,Patch_A_L12_colabdesign_chunk_seed0075_n005_raw_0001,CWHYLPRTYEMC,Patch_A,2,results/boltz_predictions_raw3ghg_template_msa_top30/inputs/yaml/Patch_A_boltz_00017_seed2.yaml,results/boltz_predictions_raw3ghg_template_msa_top30/outputs/Patch_A_boltz_00017_seed2,boltz predict results/boltz_predictions_raw3ghg_template_msa_top30/inputs/yaml/Patch_A_boltz_00017_seed2.yaml --out_dir results/boltz_predictions_raw3ghg_template_msa_top30/outputs/Patch_A_boltz_00017_seed2 --model boltz2 --seed 2 --output_format pdb --write_full_pae --use_msa_server --use_potentials,pending_external_model,server,A,B,data/structures/raw/3GHG.pdb,J1,"50,51,52,53,54,56,218,219,221","15,16,17,18,19,21,183,184,186",B:1:SG-B:12:SG,"{""source_candidate_csv"": ""results/boltz_predictions_raw3ghg_template_msa_top30/source_candidates_top30.csv"", ""source_candidate_raw_id"": ""Patch_A_L12_colabdesign_chunk_seed0075_n005_raw_0001"", ""source_template_chain_id"": ""J"", ""template_skip_reason"": """", ""uses_disulfide_bond_constraint"": true, ""uses_pocket_constraints"": true, ""uses_template"": true}"
Patch_A_boltz_00017_seed3,Patch_A_L12_colabdesign_chunk_seed0075_n005_raw_0001,CWHYLPRTYEMC,Patch_A,3,results/boltz_predictions_raw3ghg_template_msa_top30/inputs/yaml/Patch_A_boltz_00017_seed3.yaml,results/boltz_predictions_raw3ghg_template_msa_top30/outputs/Patch_A_boltz_00017_seed3,boltz predict results/boltz_predictions_raw3ghg_template_msa_top30/inputs/yaml/Patch_A_boltz_00017_seed3.yaml --out_dir results/boltz_predictions_raw3ghg_template_msa_top30/outputs/Patch_A_boltz_00017_seed3 --model boltz2 --seed 3 --output_format pdb --write_full_pae --use_msa_server --use_potentials,pending_external_model,server,A,B,data/structures/raw/3GHG.pdb,J1,"50,51,52,53,54,56,218,219,221","15,16,17,18,19,21,183,184,186",B:1:SG-B:12:SG,"{""source_candidate_csv"": ""results/boltz_predictions_raw3ghg_template_msa_top30/source_candidates_top30.csv"", ""source_candidate_raw_id"": ""Patch_A_L12_colabdesign_chunk_seed0075_n005_raw_0001"", ""source_template_chain_id"": ""J"", ""template_skip_reason"": """", ""uses_disulfide_bond_constraint"": true, ""uses_pocket_constraints"": true, ""uses_template"": true}"
Patch_A_boltz_00018_seed1,Patch_A_L14_colabdesign_chunk_seed0065_n005_raw_0001,CYKPNPVYISDYIC,Patch_A,1,results/boltz_predictions_raw3ghg_template_msa_top30/inputs/yaml/Patch_A_boltz_00018_seed1.yaml,results/boltz_predictions_raw3ghg_template_msa_top30/outputs/Patch_A_boltz_00018_seed1,boltz predict results/boltz_predictions_raw3ghg_template_msa_top30/inputs/yaml/Patch_A_boltz_00018_seed1.yaml --out_dir results/boltz_predictions_raw3ghg_template_msa_top30/outputs/Patch_A_boltz_00018_seed1 --model boltz2 --seed 1 --output_format pdb --write_full_pae --use_msa_server --use_potentials,pending_external_model,server,A,B,data/structures/raw/3GHG.pdb,J1,"50,51,52,53,54,56,218,219,221","15,16,17,18,19,21,183,184,186",B:1:SG-B:14:SG,"{""source_candidate_csv"": ""results/boltz_predictions_raw3ghg_template_msa_top30/source_candidates_top30.csv"", ""source_candidate_raw_id"": ""Patch_A_L14_colabdesign_chunk_seed0065_n005_raw_0001"", ""source_template_chain_id"": ""J"", ""template_skip_reason"": """", ""uses_disulfide_bond_constraint"": true, ""uses_pocket_constraints"": true, ""uses_template"": true}"
Patch_A_boltz_00018_seed2,Patch_A_L14_colabdesign_chunk_seed0065_n005_raw_0001,CYKPNPVYISDYIC,Patch_A,2,results/boltz_predictions_raw3ghg_template_msa_top30/inputs/yaml/Patch_A_boltz_00018_seed2.yaml,results/boltz_predictions_raw3ghg_template_msa_top30/outputs/Patch_A_boltz_00018_seed2,boltz predict results/boltz_predictions_raw3ghg_template_msa_top30/inputs/yaml/Patch_A_boltz_00018_seed2.yaml --out_dir results/boltz_predictions_raw3ghg_template_msa_top30/outputs/Patch_A_boltz_00018_seed2 --model boltz2 --seed 2 --output_format pdb --write_full_pae --use_msa_server --use_potentials,pending_external_model,server,A,B,data/structures/raw/3GHG.pdb,J1,"50,51,52,53,54,56,218,219,221","15,16,17,18,19,21,183,184,186",B:1:SG-B:14:SG,"{""source_candidate_csv"": ""results/boltz_predictions_raw3ghg_template_msa_top30/source_candidates_top30.csv"", ""source_candidate_raw_id"": ""Patch_A_L14_colabdesign_chunk_seed0065_n005_raw_0001"", ""source_template_chain_id"": ""J"", ""template_skip_reason"": """", ""uses_disulfide_bond_constraint"": true, ""uses_pocket_constraints"": true, ""uses_template"": true}"
Patch_A_boltz_00018_seed3,Patch_A_L14_colabdesign_chunk_seed0065_n005_raw_0001,CYKPNPVYISDYIC,Patch_A,3,results/boltz_predictions_raw3ghg_template_msa_top30/inputs/yaml/Patch_A_boltz_00018_seed3.yaml,results/boltz_predictions_raw3ghg_template_msa_top30/outputs/Patch_A_boltz_00018_seed3,boltz predict results/boltz_predictions_raw3ghg_template_msa_top30/inputs/yaml/Patch_A_boltz_00018_seed3.yaml --out_dir results/boltz_predictions_raw3ghg_template_msa_top30/outputs/Patch_A_boltz_00018_seed3 --model boltz2 --seed 3 --output_format pdb --write_full_pae --use_msa_server --use_potentials,pending_external_model,server,A,B,data/structures/raw/3GHG.pdb,J1,"50,51,52,53,54,56,218,219,221","15,16,17,18,19,21,183,184,186",B:1:SG-B:14:SG,"{""source_candidate_csv"": ""results/boltz_predictions_raw3ghg_template_msa_top30/source_candidates_top30.csv"", ""source_candidate_raw_id"": ""Patch_A_L14_colabdesign_chunk_seed0065_n005_raw_0001"", ""source_template_chain_id"": ""J"", ""template_skip_reason"": """", ""uses_disulfide_bond_constraint"": true, ""uses_pocket_constraints"": true, ""uses_template"": true}"
Patch_A_boltz_00019_seed1,Patch_A_L14_colabdesign_chunk_seed0010_n005_raw_0002,CPQNAPDYHVIWVC,Patch_A,1,results/boltz_predictions_raw3ghg_template_msa_top30/inputs/yaml/Patch_A_boltz_00019_seed1.yaml,results/boltz_predictions_raw3ghg_template_msa_top30/outputs/Patch_A_boltz_00019_seed1,boltz predict results/boltz_predictions_raw3ghg_template_msa_top30/inputs/yaml/Patch_A_boltz_00019_seed1.yaml --out_dir results/boltz_predictions_raw3ghg_template_msa_top30/outputs/Patch_A_boltz_00019_seed1 --model boltz2 --seed 1 --output_format pdb --write_full_pae --use_msa_server --use_potentials,pending_external_model,server,A,B,data/structures/raw/3GHG.pdb,J1,"50,51,52,53,54,56,218,219,221","15,16,17,18,19,21,183,184,186",B:1:SG-B:14:SG,"{""source_candidate_csv"": ""results/boltz_predictions_raw3ghg_template_msa_top30/source_candidates_top30.csv"", ""source_candidate_raw_id"": ""Patch_A_L14_colabdesign_chunk_seed0010_n005_raw_0002"", ""source_template_chain_id"": ""J"", ""template_skip_reason"": """", ""uses_disulfide_bond_constraint"": true, ""uses_pocket_constraints"": true, ""uses_template"": true}"
Patch_A_boltz_00019_seed2,Patch_A_L14_colabdesign_chunk_seed0010_n005_raw_0002,CPQNAPDYHVIWVC,Patch_A,2,results/boltz_predictions_raw3ghg_template_msa_top30/inputs/yaml/Patch_A_boltz_00019_seed2.yaml,results/boltz_predictions_raw3ghg_template_msa_top30/outputs/Patch_A_boltz_00019_seed2,boltz predict results/boltz_predictions_raw3ghg_template_msa_top30/inputs/yaml/Patch_A_boltz_00019_seed2.yaml --out_dir results/boltz_predictions_raw3ghg_template_msa_top30/outputs/Patch_A_boltz_00019_seed2 --model boltz2 --seed 2 --output_format pdb --write_full_pae --use_msa_server --use_potentials,pending_external_model,server,A,B,data/structures/raw/3GHG.pdb,J1,"50,51,52,53,54,56,218,219,221","15,16,17,18,19,21,183,184,186",B:1:SG-B:14:SG,"{""source_candidate_csv"": ""results/boltz_predictions_raw3ghg_template_msa_top30/source_candidates_top30.csv"", ""source_candidate_raw_id"": ""Patch_A_L14_colabdesign_chunk_seed0010_n005_raw_0002"", ""source_template_chain_id"": ""J"", ""template_skip_reason"": """", ""uses_disulfide_bond_constraint"": true, ""uses_pocket_constraints"": true, ""uses_template"": true}"
Patch_A_boltz_00019_seed3,Patch_A_L14_colabdesign_chunk_seed0010_n005_raw_0002,CPQNAPDYHVIWVC,Patch_A,3,results/boltz_predictions_raw3ghg_template_msa_top30/inputs/yaml/Patch_A_boltz_00019_seed3.yaml,results/boltz_predictions_raw3ghg_template_msa_top30/outputs/Patch_A_boltz_00019_seed3,boltz predict results/boltz_predictions_raw3ghg_template_msa_top30/inputs/yaml/Patch_A_boltz_00019_seed3.yaml --out_dir results/boltz_predictions_raw3ghg_template_msa_top30/outputs/Patch_A_boltz_00019_seed3 --model boltz2 --seed 3 --output_format pdb --write_full_pae --use_msa_server --use_potentials,pending_external_model,server,A,B,data/structures/raw/3GHG.pdb,J1,"50,51,52,53,54,56,218,219,221","15,16,17,18,19,21,183,184,186",B:1:SG-B:14:SG,"{""source_candidate_csv"": ""results/boltz_predictions_raw3ghg_template_msa_top30/source_candidates_top30.csv"", ""source_candidate_raw_id"": ""Patch_A_L14_colabdesign_chunk_seed0010_n005_raw_0002"", ""source_template_chain_id"": ""J"", ""template_skip_reason"": """", ""uses_disulfide_bond_constraint"": true, ""uses_pocket_constraints"": true, ""uses_template"": true}"
Patch_A_boltz_00020_seed1,Patch_A_L12_colabdesign_chunk_seed0060_n005_raw_0003,CYYYDDGWAIYC,Patch_A,1,results/boltz_predictions_raw3ghg_template_msa_top30/inputs/yaml/Patch_A_boltz_00020_seed1.yaml,results/boltz_predictions_raw3ghg_template_msa_top30/outputs/Patch_A_boltz_00020_seed1,boltz predict results/boltz_predictions_raw3ghg_template_msa_top30/inputs/yaml/Patch_A_boltz_00020_seed1.yaml --out_dir results/boltz_predictions_raw3ghg_template_msa_top30/outputs/Patch_A_boltz_00020_seed1 --model boltz2 --seed 1 --output_format pdb --write_full_pae --use_msa_server --use_potentials,pending_external_model,server,A,B,data/structures/raw/3GHG.pdb,J1,"50,51,52,53,54,56,218,219,221","15,16,17,18,19,21,183,184,186",B:1:SG-B:12:SG,"{""source_candidate_csv"": ""results/boltz_predictions_raw3ghg_template_msa_top30/source_candidates_top30.csv"", ""source_candidate_raw_id"": ""Patch_A_L12_colabdesign_chunk_seed0060_n005_raw_0003"", ""source_template_chain_id"": ""J"", ""template_skip_reason"": """", ""uses_disulfide_bond_constraint"": true, ""uses_pocket_constraints"": true, ""uses_template"": true}"
Patch_A_boltz_00020_seed2,Patch_A_L12_colabdesign_chunk_seed0060_n005_raw_0003,CYYYDDGWAIYC,Patch_A,2,results/boltz_predictions_raw3ghg_template_msa_top30/inputs/yaml/Patch_A_boltz_00020_seed2.yaml,results/boltz_predictions_raw3ghg_template_msa_top30/outputs/Patch_A_boltz_00020_seed2,boltz predict results/boltz_predictions_raw3ghg_template_msa_top30/inputs/yaml/Patch_A_boltz_00020_seed2.yaml --out_dir results/boltz_predictions_raw3ghg_template_msa_top30/outputs/Patch_A_boltz_00020_seed2 --model boltz2 --seed 2 --output_format pdb --write_full_pae --use_msa_server --use_potentials,pending_external_model,server,A,B,data/structures/raw/3GHG.pdb,J1,"50,51,52,53,54,56,218,219,221","15,16,17,18,19,21,183,184,186",B:1:SG-B:12:SG,"{""source_candidate_csv"": ""results/boltz_predictions_raw3ghg_template_msa_top30/source_candidates_top30.csv"", ""source_candidate_raw_id"": ""Patch_A_L12_colabdesign_chunk_seed0060_n005_raw_0003"", ""source_template_chain_id"": ""J"", ""template_skip_reason"": """", ""uses_disulfide_bond_constraint"": true, ""uses_pocket_constraints"": true, ""uses_template"": true}"
Patch_A_boltz_00020_seed3,Patch_A_L12_colabdesign_chunk_seed0060_n005_raw_0003,CYYYDDGWAIYC,Patch_A,3,results/boltz_predictions_raw3ghg_template_msa_top30/inputs/yaml/Patch_A_boltz_00020_seed3.yaml,results/boltz_predictions_raw3ghg_template_msa_top30/outputs/Patch_A_boltz_00020_seed3,boltz predict results/boltz_predictions_raw3ghg_template_msa_top30/inputs/yaml/Patch_A_boltz_00020_seed3.yaml --out_dir results/boltz_predictions_raw3ghg_template_msa_top30/outputs/Patch_A_boltz_00020_seed3 --model boltz2 --seed 3 --output_format pdb --write_full_pae --use_msa_server --use_potentials,pending_external_model,server,A,B,data/structures/raw/3GHG.pdb,J1,"50,51,52,53,54,56,218,219,221","15,16,17,18,19,21,183,184,186",B:1:SG-B:12:SG,"{""source_candidate_csv"": ""results/boltz_predictions_raw3ghg_template_msa_top30/source_candidates_top30.csv"", ""source_candidate_raw_id"": ""Patch_A_L12_colabdesign_chunk_seed0060_n005_raw_0003"", ""source_template_chain_id"": ""J"", ""template_skip_reason"": """", ""uses_disulfide_bond_constraint"": true, ""uses_pocket_constraints"": true, ""uses_template"": true}"
Patch_A_boltz_00021_seed1,Patch_A_L14_colabdesign_chunk_seed0050_n005_raw_0002,CIIHYYSHPNGNDC,Patch_A,1,results/boltz_predictions_raw3ghg_template_msa_top30/inputs/yaml/Patch_A_boltz_00021_seed1.yaml,results/boltz_predictions_raw3ghg_template_msa_top30/outputs/Patch_A_boltz_00021_seed1,boltz predict results/boltz_predictions_raw3ghg_template_msa_top30/inputs/yaml/Patch_A_boltz_00021_seed1.yaml --out_dir results/boltz_predictions_raw3ghg_template_msa_top30/outputs/Patch_A_boltz_00021_seed1 --model boltz2 --seed 1 --output_format pdb --write_full_pae --use_msa_server --use_potentials,pending_external_model,server,A,B,data/structures/raw/3GHG.pdb,J1,"50,51,52,53,54,56,218,219,221","15,16,17,18,19,21,183,184,186",B:1:SG-B:14:SG,"{""source_candidate_csv"": ""results/boltz_predictions_raw3ghg_template_msa_top30/source_candidates_top30.csv"", ""source_candidate_raw_id"": ""Patch_A_L14_colabdesign_chunk_seed0050_n005_raw_0002"", ""source_template_chain_id"": ""J"", ""template_skip_reason"": """", ""uses_disulfide_bond_constraint"": true, ""uses_pocket_constraints"": true, ""uses_template"": true}"
Patch_A_boltz_00021_seed2,Patch_A_L14_colabdesign_chunk_seed0050_n005_raw_0002,CIIHYYSHPNGNDC,Patch_A,2,results/boltz_predictions_raw3ghg_template_msa_top30/inputs/yaml/Patch_A_boltz_00021_seed2.yaml,results/boltz_predictions_raw3ghg_template_msa_top30/outputs/Patch_A_boltz_00021_seed2,boltz predict results/boltz_predictions_raw3ghg_template_msa_top30/inputs/yaml/Patch_A_boltz_00021_seed2.yaml --out_dir results/boltz_predictions_raw3ghg_template_msa_top30/outputs/Patch_A_boltz_00021_seed2 --model boltz2 --seed 2 --output_format pdb --write_full_pae --use_msa_server --use_potentials,pending_external_model,server,A,B,data/structures/raw/3GHG.pdb,J1,"50,51,52,53,54,56,218,219,221","15,16,17,18,19,21,183,184,186",B:1:SG-B:14:SG,"{""source_candidate_csv"": ""results/boltz_predictions_raw3ghg_template_msa_top30/source_candidates_top30.csv"", ""source_candidate_raw_id"": ""Patch_A_L14_colabdesign_chunk_seed0050_n005_raw_0002"", ""source_template_chain_id"": ""J"", ""template_skip_reason"": """", ""uses_disulfide_bond_constraint"": true, ""uses_pocket_constraints"": true, ""uses_template"": true}"
Patch_A_boltz_00021_seed3,Patch_A_L14_colabdesign_chunk_seed0050_n005_raw_0002,CIIHYYSHPNGNDC,Patch_A,3,results/boltz_predictions_raw3ghg_template_msa_top30/inputs/yaml/Patch_A_boltz_00021_seed3.yaml,results/boltz_predictions_raw3ghg_template_msa_top30/outputs/Patch_A_boltz_00021_seed3,boltz predict results/boltz_predictions_raw3ghg_template_msa_top30/inputs/yaml/Patch_A_boltz_00021_seed3.yaml --out_dir results/boltz_predictions_raw3ghg_template_msa_top30/outputs/Patch_A_boltz_00021_seed3 --model boltz2 --seed 3 --output_format pdb --write_full_pae --use_msa_server --use_potentials,pending_external_model,server,A,B,data/structures/raw/3GHG.pdb,J1,"50,51,52,53,54,56,218,219,221","15,16,17,18,19,21,183,184,186",B:1:SG-B:14:SG,"{""source_candidate_csv"": ""results/boltz_predictions_raw3ghg_template_msa_top30/source_candidates_top30.csv"", ""source_candidate_raw_id"": ""Patch_A_L14_colabdesign_chunk_seed0050_n005_raw_0002"", ""source_template_chain_id"": ""J"", ""template_skip_reason"": """", ""uses_disulfide_bond_constraint"": true, ""uses_pocket_constraints"": true, ""uses_template"": true}"
Patch_A_boltz_00022_seed1,Patch_A_L12_colabdesign_chunk_seed0010_n005_raw_0004,CIWIDDNHPFHC,Patch_A,1,results/boltz_predictions_raw3ghg_template_msa_top30/inputs/yaml/Patch_A_boltz_00022_seed1.yaml,results/boltz_predictions_raw3ghg_template_msa_top30/outputs/Patch_A_boltz_00022_seed1,boltz predict results/boltz_predictions_raw3ghg_template_msa_top30/inputs/yaml/Patch_A_boltz_00022_seed1.yaml --out_dir results/boltz_predictions_raw3ghg_template_msa_top30/outputs/Patch_A_boltz_00022_seed1 --model boltz2 --seed 1 --output_format pdb --write_full_pae --use_msa_server --use_potentials,pending_external_model,server,A,B,data/structures/raw/3GHG.pdb,J1,"50,51,52,53,54,56,218,219,221","15,16,17,18,19,21,183,184,186",B:1:SG-B:12:SG,"{""source_candidate_csv"": ""results/boltz_predictions_raw3ghg_template_msa_top30/source_candidates_top30.csv"", ""source_candidate_raw_id"": ""Patch_A_L12_colabdesign_chunk_seed0010_n005_raw_0004"", ""source_template_chain_id"": ""J"", ""template_skip_reason"": """", ""uses_disulfide_bond_constraint"": true, ""uses_pocket_constraints"": true, ""uses_template"": true}"
Patch_A_boltz_00022_seed2,Patch_A_L12_colabdesign_chunk_seed0010_n005_raw_0004,CIWIDDNHPFHC,Patch_A,2,results/boltz_predictions_raw3ghg_template_msa_top30/inputs/yaml/Patch_A_boltz_00022_seed2.yaml,results/boltz_predictions_raw3ghg_template_msa_top30/outputs/Patch_A_boltz_00022_seed2,boltz predict results/boltz_predictions_raw3ghg_template_msa_top30/inputs/yaml/Patch_A_boltz_00022_seed2.yaml --out_dir results/boltz_predictions_raw3ghg_template_msa_top30/outputs/Patch_A_boltz_00022_seed2 --model boltz2 --seed 2 --output_format pdb --write_full_pae --use_msa_server --use_potentials,pending_external_model,server,A,B,data/structures/raw/3GHG.pdb,J1,"50,51,52,53,54,56,218,219,221","15,16,17,18,19,21,183,184,186",B:1:SG-B:12:SG,"{""source_candidate_csv"": ""results/boltz_predictions_raw3ghg_template_msa_top30/source_candidates_top30.csv"", ""source_candidate_raw_id"": ""Patch_A_L12_colabdesign_chunk_seed0010_n005_raw_0004"", ""source_template_chain_id"": ""J"", ""template_skip_reason"": """", ""uses_disulfide_bond_constraint"": true, ""uses_pocket_constraints"": true, ""uses_template"": true}"
Patch_A_boltz_00022_seed3,Patch_A_L12_colabdesign_chunk_seed0010_n005_raw_0004,CIWIDDNHPFHC,Patch_A,3,results/boltz_predictions_raw3ghg_template_msa_top30/inputs/yaml/Patch_A_boltz_00022_seed3.yaml,results/boltz_predictions_raw3ghg_template_msa_top30/outputs/Patch_A_boltz_00022_seed3,boltz predict results/boltz_predictions_raw3ghg_template_msa_top30/inputs/yaml/Patch_A_boltz_00022_seed3.yaml --out_dir results/boltz_predictions_raw3ghg_template_msa_top30/outputs/Patch_A_boltz_00022_seed3 --model boltz2 --seed 3 --output_format pdb --write_full_pae --use_msa_server --use_potentials,pending_external_model,server,A,B,data/structures/raw/3GHG.pdb,J1,"50,51,52,53,54,56,218,219,221","15,16,17,18,19,21,183,184,186",B:1:SG-B:12:SG,"{""source_candidate_csv"": ""results/boltz_predictions_raw3ghg_template_msa_top30/source_candidates_top30.csv"", ""source_candidate_raw_id"": ""Patch_A_L12_colabdesign_chunk_seed0010_n005_raw_0004"", ""source_template_chain_id"": ""J"", ""template_skip_reason"": """", ""uses_disulfide_bond_constraint"": true, ""uses_pocket_constraints"": true, ""uses_template"": true}"
Patch_A_boltz_00023_seed1,Patch_A_L12_colabdesign_chunk_seed0090_n005_raw_0004,CHQDATYYIFPC,Patch_A,1,results/boltz_predictions_raw3ghg_template_msa_top30/inputs/yaml/Patch_A_boltz_00023_seed1.yaml,results/boltz_predictions_raw3ghg_template_msa_top30/outputs/Patch_A_boltz_00023_seed1,boltz predict results/boltz_predictions_raw3ghg_template_msa_top30/inputs/yaml/Patch_A_boltz_00023_seed1.yaml --out_dir results/boltz_predictions_raw3ghg_template_msa_top30/outputs/Patch_A_boltz_00023_seed1 --model boltz2 --seed 1 --output_format pdb --write_full_pae --use_msa_server --use_potentials,pending_external_model,server,A,B,data/structures/raw/3GHG.pdb,J1,"50,51,52,53,54,56,218,219,221","15,16,17,18,19,21,183,184,186",B:1:SG-B:12:SG,"{""source_candidate_csv"": ""results/boltz_predictions_raw3ghg_template_msa_top30/source_candidates_top30.csv"", ""source_candidate_raw_id"": ""Patch_A_L12_colabdesign_chunk_seed0090_n005_raw_0004"", ""source_template_chain_id"": ""J"", ""template_skip_reason"": """", ""uses_disulfide_bond_constraint"": true, ""uses_pocket_constraints"": true, ""uses_template"": true}"
Patch_A_boltz_00023_seed2,Patch_A_L12_colabdesign_chunk_seed0090_n005_raw_0004,CHQDATYYIFPC,Patch_A,2,results/boltz_predictions_raw3ghg_template_msa_top30/inputs/yaml/Patch_A_boltz_00023_seed2.yaml,results/boltz_predictions_raw3ghg_template_msa_top30/outputs/Patch_A_boltz_00023_seed2,boltz predict results/boltz_predictions_raw3ghg_template_msa_top30/inputs/yaml/Patch_A_boltz_00023_seed2.yaml --out_dir results/boltz_predictions_raw3ghg_template_msa_top30/outputs/Patch_A_boltz_00023_seed2 --model boltz2 --seed 2 --output_format pdb --write_full_pae --use_msa_server --use_potentials,pending_external_model,server,A,B,data/structures/raw/3GHG.pdb,J1,"50,51,52,53,54,56,218,219,221","15,16,17,18,19,21,183,184,186",B:1:SG-B:12:SG,"{""source_candidate_csv"": ""results/boltz_predictions_raw3ghg_template_msa_top30/source_candidates_top30.csv"", ""source_candidate_raw_id"": ""Patch_A_L12_colabdesign_chunk_seed0090_n005_raw_0004"", ""source_template_chain_id"": ""J"", ""template_skip_reason"": """", ""uses_disulfide_bond_constraint"": true, ""uses_pocket_constraints"": true, ""uses_template"": true}"
Patch_A_boltz_00023_seed3,Patch_A_L12_colabdesign_chunk_seed0090_n005_raw_0004,CHQDATYYIFPC,Patch_A,3,results/boltz_predictions_raw3ghg_template_msa_top30/inputs/yaml/Patch_A_boltz_00023_seed3.yaml,results/boltz_predictions_raw3ghg_template_msa_top30/outputs/Patch_A_boltz_00023_seed3,boltz predict results/boltz_predictions_raw3ghg_template_msa_top30/inputs/yaml/Patch_A_boltz_00023_seed3.yaml --out_dir results/boltz_predictions_raw3ghg_template_msa_top30/outputs/Patch_A_boltz_00023_seed3 --model boltz2 --seed 3 --output_format pdb --write_full_pae --use_msa_server --use_potentials,pending_external_model,server,A,B,data/structures/raw/3GHG.pdb,J1,"50,51,52,53,54,56,218,219,221","15,16,17,18,19,21,183,184,186",B:1:SG-B:12:SG,"{""source_candidate_csv"": ""results/boltz_predictions_raw3ghg_template_msa_top30/source_candidates_top30.csv"", ""source_candidate_raw_id"": ""Patch_A_L12_colabdesign_chunk_seed0090_n005_raw_0004"", ""source_template_chain_id"": ""J"", ""template_skip_reason"": """", ""uses_disulfide_bond_constraint"": true, ""uses_pocket_constraints"": true, ""uses_template"": true}"
Patch_A_boltz_00024_seed1,Patch_A_L18_colabdesign_chunk_seed0080_n005_raw_0005,CENAWQSTYAYGANEEQC,Patch_A,1,results/boltz_predictions_raw3ghg_template_msa_top30/inputs/yaml/Patch_A_boltz_00024_seed1.yaml,results/boltz_predictions_raw3ghg_template_msa_top30/outputs/Patch_A_boltz_00024_seed1,boltz predict results/boltz_predictions_raw3ghg_template_msa_top30/inputs/yaml/Patch_A_boltz_00024_seed1.yaml --out_dir results/boltz_predictions_raw3ghg_template_msa_top30/outputs/Patch_A_boltz_00024_seed1 --model boltz2 --seed 1 --output_format pdb --write_full_pae --use_msa_server --use_potentials,pending_external_model,server,A,B,data/structures/raw/3GHG.pdb,J1,"50,51,52,53,54,56,218,219,221","15,16,17,18,19,21,183,184,186",B:1:SG-B:18:SG,"{""source_candidate_csv"": ""results/boltz_predictions_raw3ghg_template_msa_top30/source_candidates_top30.csv"", ""source_candidate_raw_id"": ""Patch_A_L18_colabdesign_chunk_seed0080_n005_raw_0005"", ""source_template_chain_id"": ""J"", ""template_skip_reason"": """", ""uses_disulfide_bond_constraint"": true, ""uses_pocket_constraints"": true, ""uses_template"": true}"
Patch_A_boltz_00024_seed2,Patch_A_L18_colabdesign_chunk_seed0080_n005_raw_0005,CENAWQSTYAYGANEEQC,Patch_A,2,results/boltz_predictions_raw3ghg_template_msa_top30/inputs/yaml/Patch_A_boltz_00024_seed2.yaml,results/boltz_predictions_raw3ghg_template_msa_top30/outputs/Patch_A_boltz_00024_seed2,boltz predict results/boltz_predictions_raw3ghg_template_msa_top30/inputs/yaml/Patch_A_boltz_00024_seed2.yaml --out_dir results/boltz_predictions_raw3ghg_template_msa_top30/outputs/Patch_A_boltz_00024_seed2 --model boltz2 --seed 2 --output_format pdb --write_full_pae --use_msa_server --use_potentials,pending_external_model,server,A,B,data/structures/raw/3GHG.pdb,J1,"50,51,52,53,54,56,218,219,221","15,16,17,18,19,21,183,184,186",B:1:SG-B:18:SG,"{""source_candidate_csv"": ""results/boltz_predictions_raw3ghg_template_msa_top30/source_candidates_top30.csv"", ""source_candidate_raw_id"": ""Patch_A_L18_colabdesign_chunk_seed0080_n005_raw_0005"", ""source_template_chain_id"": ""J"", ""template_skip_reason"": """", ""uses_disulfide_bond_constraint"": true, ""uses_pocket_constraints"": true, ""uses_template"": true}"
Patch_A_boltz_00024_seed3,Patch_A_L18_colabdesign_chunk_seed0080_n005_raw_0005,CENAWQSTYAYGANEEQC,Patch_A,3,results/boltz_predictions_raw3ghg_template_msa_top30/inputs/yaml/Patch_A_boltz_00024_seed3.yaml,results/boltz_predictions_raw3ghg_template_msa_top30/outputs/Patch_A_boltz_00024_seed3,boltz predict results/boltz_predictions_raw3ghg_template_msa_top30/inputs/yaml/Patch_A_boltz_00024_seed3.yaml --out_dir results/boltz_predictions_raw3ghg_template_msa_top30/outputs/Patch_A_boltz_00024_seed3 --model boltz2 --seed 3 --output_format pdb --write_full_pae --use_msa_server --use_potentials,pending_external_model,server,A,B,data/structures/raw/3GHG.pdb,J1,"50,51,52,53,54,56,218,219,221","15,16,17,18,19,21,183,184,186",B:1:SG-B:18:SG,"{""source_candidate_csv"": ""results/boltz_predictions_raw3ghg_template_msa_top30/source_candidates_top30.csv"", ""source_candidate_raw_id"": ""Patch_A_L18_colabdesign_chunk_seed0080_n005_raw_0005"", ""source_template_chain_id"": ""J"", ""template_skip_reason"": """", ""uses_disulfide_bond_constraint"": true, ""uses_pocket_constraints"": true, ""uses_template"": true}"
Patch_A_boltz_00025_seed1,Patch_A_L12_colabdesign_chunk_seed0095_n005_raw_0005,CAVVGTDHYYYC,Patch_A,1,results/boltz_predictions_raw3ghg_template_msa_top30/inputs/yaml/Patch_A_boltz_00025_seed1.yaml,results/boltz_predictions_raw3ghg_template_msa_top30/outputs/Patch_A_boltz_00025_seed1,boltz predict results/boltz_predictions_raw3ghg_template_msa_top30/inputs/yaml/Patch_A_boltz_00025_seed1.yaml --out_dir results/boltz_predictions_raw3ghg_template_msa_top30/outputs/Patch_A_boltz_00025_seed1 --model boltz2 --seed 1 --output_format pdb --write_full_pae --use_msa_server --use_potentials,pending_external_model,server,A,B,data/structures/raw/3GHG.pdb,J1,"50,51,52,53,54,56,218,219,221","15,16,17,18,19,21,183,184,186",B:1:SG-B:12:SG,"{""source_candidate_csv"": ""results/boltz_predictions_raw3ghg_template_msa_top30/source_candidates_top30.csv"", ""source_candidate_raw_id"": ""Patch_A_L12_colabdesign_chunk_seed0095_n005_raw_0005"", ""source_template_chain_id"": ""J"", ""template_skip_reason"": """", ""uses_disulfide_bond_constraint"": true, ""uses_pocket_constraints"": true, ""uses_template"": true}"
Patch_A_boltz_00025_seed2,Patch_A_L12_colabdesign_chunk_seed0095_n005_raw_0005,CAVVGTDHYYYC,Patch_A,2,results/boltz_predictions_raw3ghg_template_msa_top30/inputs/yaml/Patch_A_boltz_00025_seed2.yaml,results/boltz_predictions_raw3ghg_template_msa_top30/outputs/Patch_A_boltz_00025_seed2,boltz predict results/boltz_predictions_raw3ghg_template_msa_top30/inputs/yaml/Patch_A_boltz_00025_seed2.yaml --out_dir results/boltz_predictions_raw3ghg_template_msa_top30/outputs/Patch_A_boltz_00025_seed2 --model boltz2 --seed 2 --output_format pdb --write_full_pae --use_msa_server --use_potentials,pending_external_model,server,A,B,data/structures/raw/3GHG.pdb,J1,"50,51,52,53,54,56,218,219,221","15,16,17,18,19,21,183,184,186",B:1:SG-B:12:SG,"{""source_candidate_csv"": ""results/boltz_predictions_raw3ghg_template_msa_top30/source_candidates_top30.csv"", ""source_candidate_raw_id"": ""Patch_A_L12_colabdesign_chunk_seed0095_n005_raw_0005"", ""source_template_chain_id"": ""J"", ""template_skip_reason"": """", ""uses_disulfide_bond_constraint"": true, ""uses_pocket_constraints"": true, ""uses_template"": true}"
Patch_A_boltz_00025_seed3,Patch_A_L12_colabdesign_chunk_seed0095_n005_raw_0005,CAVVGTDHYYYC,Patch_A,3,results/boltz_predictions_raw3ghg_template_msa_top30/inputs/yaml/Patch_A_boltz_00025_seed3.yaml,results/boltz_predictions_raw3ghg_template_msa_top30/outputs/Patch_A_boltz_00025_seed3,boltz predict results/boltz_predictions_raw3ghg_template_msa_top30/inputs/yaml/Patch_A_boltz_00025_seed3.yaml --out_dir results/boltz_predictions_raw3ghg_template_msa_top30/outputs/Patch_A_boltz_00025_seed3 --model boltz2 --seed 3 --output_format pdb --write_full_pae --use_msa_server --use_potentials,pending_external_model,server,A,B,data/structures/raw/3GHG.pdb,J1,"50,51,52,53,54,56,218,219,221","15,16,17,18,19,21,183,184,186",B:1:SG-B:12:SG,"{""source_candidate_csv"": ""results/boltz_predictions_raw3ghg_template_msa_top30/source_candidates_top30.csv"", ""source_candidate_raw_id"": ""Patch_A_L12_colabdesign_chunk_seed0095_n005_raw_0005"", ""source_template_chain_id"": ""J"", ""template_skip_reason"": """", ""uses_disulfide_bond_constraint"": true, ""uses_pocket_constraints"": true, ""uses_template"": true}"
Patch_A_boltz_00026_seed1,Patch_A_L12_colabdesign_chunk_seed0045_n005_raw_0002,CYFKDYNSIPVC,Patch_A,1,results/boltz_predictions_raw3ghg_template_msa_top30/inputs/yaml/Patch_A_boltz_00026_seed1.yaml,results/boltz_predictions_raw3ghg_template_msa_top30/outputs/Patch_A_boltz_00026_seed1,boltz predict results/boltz_predictions_raw3ghg_template_msa_top30/inputs/yaml/Patch_A_boltz_00026_seed1.yaml --out_dir results/boltz_predictions_raw3ghg_template_msa_top30/outputs/Patch_A_boltz_00026_seed1 --model boltz2 --seed 1 --output_format pdb --write_full_pae --use_msa_server --use_potentials,pending_external_model,server,A,B,data/structures/raw/3GHG.pdb,J1,"50,51,52,53,54,56,218,219,221","15,16,17,18,19,21,183,184,186",B:1:SG-B:12:SG,"{""source_candidate_csv"": ""results/boltz_predictions_raw3ghg_template_msa_top30/source_candidates_top30.csv"", ""source_candidate_raw_id"": ""Patch_A_L12_colabdesign_chunk_seed0045_n005_raw_0002"", ""source_template_chain_id"": ""J"", ""template_skip_reason"": """", ""uses_disulfide_bond_constraint"": true, ""uses_pocket_constraints"": true, ""uses_template"": true}"
Patch_A_boltz_00026_seed2,Patch_A_L12_colabdesign_chunk_seed0045_n005_raw_0002,CYFKDYNSIPVC,Patch_A,2,results/boltz_predictions_raw3ghg_template_msa_top30/inputs/yaml/Patch_A_boltz_00026_seed2.yaml,results/boltz_predictions_raw3ghg_template_msa_top30/outputs/Patch_A_boltz_00026_seed2,boltz predict results/boltz_predictions_raw3ghg_template_msa_top30/inputs/yaml/Patch_A_boltz_00026_seed2.yaml --out_dir results/boltz_predictions_raw3ghg_template_msa_top30/outputs/Patch_A_boltz_00026_seed2 --model boltz2 --seed 2 --output_format pdb --write_full_pae --use_msa_server --use_potentials,pending_external_model,server,A,B,data/structures/raw/3GHG.pdb,J1,"50,51,52,53,54,56,218,219,221","15,16,17,18,19,21,183,184,186",B:1:SG-B:12:SG,"{""source_candidate_csv"": ""results/boltz_predictions_raw3ghg_template_msa_top30/source_candidates_top30.csv"", ""source_candidate_raw_id"": ""Patch_A_L12_colabdesign_chunk_seed0045_n005_raw_0002"", ""source_template_chain_id"": ""J"", ""template_skip_reason"": """", ""uses_disulfide_bond_constraint"": true, ""uses_pocket_constraints"": true, ""uses_template"": true}"
Patch_A_boltz_00026_seed3,Patch_A_L12_colabdesign_chunk_seed0045_n005_raw_0002,CYFKDYNSIPVC,Patch_A,3,results/boltz_predictions_raw3ghg_template_msa_top30/inputs/yaml/Patch_A_boltz_00026_seed3.yaml,results/boltz_predictions_raw3ghg_template_msa_top30/outputs/Patch_A_boltz_00026_seed3,boltz predict results/boltz_predictions_raw3ghg_template_msa_top30/inputs/yaml/Patch_A_boltz_00026_seed3.yaml --out_dir results/boltz_predictions_raw3ghg_template_msa_top30/outputs/Patch_A_boltz_00026_seed3 --model boltz2 --seed 3 --output_format pdb --write_full_pae --use_msa_server --use_potentials,pending_external_model,server,A,B,data/structures/raw/3GHG.pdb,J1,"50,51,52,53,54,56,218,219,221","15,16,17,18,19,21,183,184,186",B:1:SG-B:12:SG,"{""source_candidate_csv"": ""results/boltz_predictions_raw3ghg_template_msa_top30/source_candidates_top30.csv"", ""source_candidate_raw_id"": ""Patch_A_L12_colabdesign_chunk_seed0045_n005_raw_0002"", ""source_template_chain_id"": ""J"", ""template_skip_reason"": """", ""uses_disulfide_bond_constraint"": true, ""uses_pocket_constraints"": true, ""uses_template"": true}"
Patch_A_boltz_00027_seed1,Patch_A_L16_colabdesign_chunk_seed0000_n005_raw_0005,CFKQEYPGGGITYYYC,Patch_A,1,results/boltz_predictions_raw3ghg_template_msa_top30/inputs/yaml/Patch_A_boltz_00027_seed1.yaml,results/boltz_predictions_raw3ghg_template_msa_top30/outputs/Patch_A_boltz_00027_seed1,boltz predict results/boltz_predictions_raw3ghg_template_msa_top30/inputs/yaml/Patch_A_boltz_00027_seed1.yaml --out_dir results/boltz_predictions_raw3ghg_template_msa_top30/outputs/Patch_A_boltz_00027_seed1 --model boltz2 --seed 1 --output_format pdb --write_full_pae --use_msa_server --use_potentials,pending_external_model,server,A,B,data/structures/raw/3GHG.pdb,J1,"50,51,52,53,54,56,218,219,221","15,16,17,18,19,21,183,184,186",B:1:SG-B:16:SG,"{""source_candidate_csv"": ""results/boltz_predictions_raw3ghg_template_msa_top30/source_candidates_top30.csv"", ""source_candidate_raw_id"": ""Patch_A_L16_colabdesign_chunk_seed0000_n005_raw_0005"", ""source_template_chain_id"": ""J"", ""template_skip_reason"": """", ""uses_disulfide_bond_constraint"": true, ""uses_pocket_constraints"": true, ""uses_template"": true}"
Patch_A_boltz_00027_seed2,Patch_A_L16_colabdesign_chunk_seed0000_n005_raw_0005,CFKQEYPGGGITYYYC,Patch_A,2,results/boltz_predictions_raw3ghg_template_msa_top30/inputs/yaml/Patch_A_boltz_00027_seed2.yaml,results/boltz_predictions_raw3ghg_template_msa_top30/outputs/Patch_A_boltz_00027_seed2,boltz predict results/boltz_predictions_raw3ghg_template_msa_top30/inputs/yaml/Patch_A_boltz_00027_seed2.yaml --out_dir results/boltz_predictions_raw3ghg_template_msa_top30/outputs/Patch_A_boltz_00027_seed2 --model boltz2 --seed 2 --output_format pdb --write_full_pae --use_msa_server --use_potentials,pending_external_model,server,A,B,data/structures/raw/3GHG.pdb,J1,"50,51,52,53,54,56,218,219,221","15,16,17,18,19,21,183,184,186",B:1:SG-B:16:SG,"{""source_candidate_csv"": ""results/boltz_predictions_raw3ghg_template_msa_top30/source_candidates_top30.csv"", ""source_candidate_raw_id"": ""Patch_A_L16_colabdesign_chunk_seed0000_n005_raw_0005"", ""source_template_chain_id"": ""J"", ""template_skip_reason"": """", ""uses_disulfide_bond_constraint"": true, ""uses_pocket_constraints"": true, ""uses_template"": true}"
Patch_A_boltz_00027_seed3,Patch_A_L16_colabdesign_chunk_seed0000_n005_raw_0005,CFKQEYPGGGITYYYC,Patch_A,3,results/boltz_predictions_raw3ghg_template_msa_top30/inputs/yaml/Patch_A_boltz_00027_seed3.yaml,results/boltz_predictions_raw3ghg_template_msa_top30/outputs/Patch_A_boltz_00027_seed3,boltz predict results/boltz_predictions_raw3ghg_template_msa_top30/inputs/yaml/Patch_A_boltz_00027_seed3.yaml --out_dir results/boltz_predictions_raw3ghg_template_msa_top30/outputs/Patch_A_boltz_00027_seed3 --model boltz2 --seed 3 --output_format pdb --write_full_pae --use_msa_server --use_potentials,pending_external_model,server,A,B,data/structures/raw/3GHG.pdb,J1,"50,51,52,53,54,56,218,219,221","15,16,17,18,19,21,183,184,186",B:1:SG-B:16:SG,"{""source_candidate_csv"": ""results/boltz_predictions_raw3ghg_template_msa_top30/source_candidates_top30.csv"", ""source_candidate_raw_id"": ""Patch_A_L16_colabdesign_chunk_seed0000_n005_raw_0005"", ""source_template_chain_id"": ""J"", ""template_skip_reason"": """", ""uses_disulfide_bond_constraint"": true, ""uses_pocket_constraints"": true, ""uses_template"": true}"
Patch_A_boltz_00028_seed1,Patch_A_L14_colabdesign_chunk_seed0030_n005_raw_0003,CAIGYHYVVDDSYC,Patch_A,1,results/boltz_predictions_raw3ghg_template_msa_top30/inputs/yaml/Patch_A_boltz_00028_seed1.yaml,results/boltz_predictions_raw3ghg_template_msa_top30/outputs/Patch_A_boltz_00028_seed1,boltz predict results/boltz_predictions_raw3ghg_template_msa_top30/inputs/yaml/Patch_A_boltz_00028_seed1.yaml --out_dir results/boltz_predictions_raw3ghg_template_msa_top30/outputs/Patch_A_boltz_00028_seed1 --model boltz2 --seed 1 --output_format pdb --write_full_pae --use_msa_server --use_potentials,pending_external_model,server,A,B,data/structures/raw/3GHG.pdb,J1,"50,51,52,53,54,56,218,219,221","15,16,17,18,19,21,183,184,186",B:1:SG-B:14:SG,"{""source_candidate_csv"": ""results/boltz_predictions_raw3ghg_template_msa_top30/source_candidates_top30.csv"", ""source_candidate_raw_id"": ""Patch_A_L14_colabdesign_chunk_seed0030_n005_raw_0003"", ""source_template_chain_id"": ""J"", ""template_skip_reason"": """", ""uses_disulfide_bond_constraint"": true, ""uses_pocket_constraints"": true, ""uses_template"": true}"
Patch_A_boltz_00028_seed2,Patch_A_L14_colabdesign_chunk_seed0030_n005_raw_0003,CAIGYHYVVDDSYC,Patch_A,2,results/boltz_predictions_raw3ghg_template_msa_top30/inputs/yaml/Patch_A_boltz_00028_seed2.yaml,results/boltz_predictions_raw3ghg_template_msa_top30/outputs/Patch_A_boltz_00028_seed2,boltz predict results/boltz_predictions_raw3ghg_template_msa_top30/inputs/yaml/Patch_A_boltz_00028_seed2.yaml --out_dir results/boltz_predictions_raw3ghg_template_msa_top30/outputs/Patch_A_boltz_00028_seed2 --model boltz2 --seed 2 --output_format pdb --write_full_pae --use_msa_server --use_potentials,pending_external_model,server,A,B,data/structures/raw/3GHG.pdb,J1,"50,51,52,53,54,56,218,219,221","15,16,17,18,19,21,183,184,186",B:1:SG-B:14:SG,"{""source_candidate_csv"": ""results/boltz_predictions_raw3ghg_template_msa_top30/source_candidates_top30.csv"", ""source_candidate_raw_id"": ""Patch_A_L14_colabdesign_chunk_seed0030_n005_raw_0003"", ""source_template_chain_id"": ""J"", ""template_skip_reason"": """", ""uses_disulfide_bond_constraint"": true, ""uses_pocket_constraints"": true, ""uses_template"": true}"
Patch_A_boltz_00028_seed3,Patch_A_L14_colabdesign_chunk_seed0030_n005_raw_0003,CAIGYHYVVDDSYC,Patch_A,3,results/boltz_predictions_raw3ghg_template_msa_top30/inputs/yaml/Patch_A_boltz_00028_seed3.yaml,results/boltz_predictions_raw3ghg_template_msa_top30/outputs/Patch_A_boltz_00028_seed3,boltz predict results/boltz_predictions_raw3ghg_template_msa_top30/inputs/yaml/Patch_A_boltz_00028_seed3.yaml --out_dir results/boltz_predictions_raw3ghg_template_msa_top30/outputs/Patch_A_boltz_00028_seed3 --model boltz2 --seed 3 --output_format pdb --write_full_pae --use_msa_server --use_potentials,pending_external_model,server,A,B,data/structures/raw/3GHG.pdb,J1,"50,51,52,53,54,56,218,219,221","15,16,17,18,19,21,183,184,186",B:1:SG-B:14:SG,"{""source_candidate_csv"": ""results/boltz_predictions_raw3ghg_template_msa_top30/source_candidates_top30.csv"", ""source_candidate_raw_id"": ""Patch_A_L14_colabdesign_chunk_seed0030_n005_raw_0003"", ""source_template_chain_id"": ""J"", ""template_skip_reason"": """", ""uses_disulfide_bond_constraint"": true, ""uses_pocket_constraints"": true, ""uses_template"": true}"
Patch_A_boltz_00029_seed1,Patch_A_L12_colabdesign_chunk_seed0070_n005_raw_0005,CPHYIDGKHVLC,Patch_A,1,results/boltz_predictions_raw3ghg_template_msa_top30/inputs/yaml/Patch_A_boltz_00029_seed1.yaml,results/boltz_predictions_raw3ghg_template_msa_top30/outputs/Patch_A_boltz_00029_seed1,boltz predict results/boltz_predictions_raw3ghg_template_msa_top30/inputs/yaml/Patch_A_boltz_00029_seed1.yaml --out_dir results/boltz_predictions_raw3ghg_template_msa_top30/outputs/Patch_A_boltz_00029_seed1 --model boltz2 --seed 1 --output_format pdb --write_full_pae --use_msa_server --use_potentials,pending_external_model,server,A,B,data/structures/raw/3GHG.pdb,J1,"50,51,52,53,54,56,218,219,221","15,16,17,18,19,21,183,184,186",B:1:SG-B:12:SG,"{""source_candidate_csv"": ""results/boltz_predictions_raw3ghg_template_msa_top30/source_candidates_top30.csv"", ""source_candidate_raw_id"": ""Patch_A_L12_colabdesign_chunk_seed0070_n005_raw_0005"", ""source_template_chain_id"": ""J"", ""template_skip_reason"": """", ""uses_disulfide_bond_constraint"": true, ""uses_pocket_constraints"": true, ""uses_template"": true}"
Patch_A_boltz_00029_seed2,Patch_A_L12_colabdesign_chunk_seed0070_n005_raw_0005,CPHYIDGKHVLC,Patch_A,2,results/boltz_predictions_raw3ghg_template_msa_top30/inputs/yaml/Patch_A_boltz_00029_seed2.yaml,results/boltz_predictions_raw3ghg_template_msa_top30/outputs/Patch_A_boltz_00029_seed2,boltz predict results/boltz_predictions_raw3ghg_template_msa_top30/inputs/yaml/Patch_A_boltz_00029_seed2.yaml --out_dir results/boltz_predictions_raw3ghg_template_msa_top30/outputs/Patch_A_boltz_00029_seed2 --model boltz2 --seed 2 --output_format pdb --write_full_pae --use_msa_server --use_potentials,pending_external_model,server,A,B,data/structures/raw/3GHG.pdb,J1,"50,51,52,53,54,56,218,219,221","15,16,17,18,19,21,183,184,186",B:1:SG-B:12:SG,"{""source_candidate_csv"": ""results/boltz_predictions_raw3ghg_template_msa_top30/source_candidates_top30.csv"", ""source_candidate_raw_id"": ""Patch_A_L12_colabdesign_chunk_seed0070_n005_raw_0005"", ""source_template_chain_id"": ""J"", ""template_skip_reason"": """", ""uses_disulfide_bond_constraint"": true, ""uses_pocket_constraints"": true, ""uses_template"": true}"
Patch_A_boltz_00029_seed3,Patch_A_L12_colabdesign_chunk_seed0070_n005_raw_0005,CPHYIDGKHVLC,Patch_A,3,results/boltz_predictions_raw3ghg_template_msa_top30/inputs/yaml/Patch_A_boltz_00029_seed3.yaml,results/boltz_predictions_raw3ghg_template_msa_top30/outputs/Patch_A_boltz_00029_seed3,boltz predict results/boltz_predictions_raw3ghg_template_msa_top30/inputs/yaml/Patch_A_boltz_00029_seed3.yaml --out_dir results/boltz_predictions_raw3ghg_template_msa_top30/outputs/Patch_A_boltz_00029_seed3 --model boltz2 --seed 3 --output_format pdb --write_full_pae --use_msa_server --use_potentials,pending_external_model,server,A,B,data/structures/raw/3GHG.pdb,J1,"50,51,52,53,54,56,218,219,221","15,16,17,18,19,21,183,184,186",B:1:SG-B:12:SG,"{""source_candidate_csv"": ""results/boltz_predictions_raw3ghg_template_msa_top30/source_candidates_top30.csv"", ""source_candidate_raw_id"": ""Patch_A_L12_colabdesign_chunk_seed0070_n005_raw_0005"", ""source_template_chain_id"": ""J"", ""template_skip_reason"": """", ""uses_disulfide_bond_constraint"": true, ""uses_pocket_constraints"": true, ""uses_template"": true}"
Patch_A_boltz_00030_seed1,Patch_A_L12_colabdesign_chunk_seed0055_n005_raw_0001,CYQNPDYVIYTC,Patch_A,1,results/boltz_predictions_raw3ghg_template_msa_top30/inputs/yaml/Patch_A_boltz_00030_seed1.yaml,results/boltz_predictions_raw3ghg_template_msa_top30/outputs/Patch_A_boltz_00030_seed1,boltz predict results/boltz_predictions_raw3ghg_template_msa_top30/inputs/yaml/Patch_A_boltz_00030_seed1.yaml --out_dir results/boltz_predictions_raw3ghg_template_msa_top30/outputs/Patch_A_boltz_00030_seed1 --model boltz2 --seed 1 --output_format pdb --write_full_pae --use_msa_server --use_potentials,pending_external_model,server,A,B,data/structures/raw/3GHG.pdb,J1,"50,51,52,53,54,56,218,219,221","15,16,17,18,19,21,183,184,186",B:1:SG-B:12:SG,"{""source_candidate_csv"": ""results/boltz_predictions_raw3ghg_template_msa_top30/source_candidates_top30.csv"", ""source_candidate_raw_id"": ""Patch_A_L12_colabdesign_chunk_seed0055_n005_raw_0001"", ""source_template_chain_id"": ""J"", ""template_skip_reason"": """", ""uses_disulfide_bond_constraint"": true, ""uses_pocket_constraints"": true, ""uses_template"": true}"
Patch_A_boltz_00030_seed2,Patch_A_L12_colabdesign_chunk_seed0055_n005_raw_0001,CYQNPDYVIYTC,Patch_A,2,results/boltz_predictions_raw3ghg_template_msa_top30/inputs/yaml/Patch_A_boltz_00030_seed2.yaml,results/boltz_predictions_raw3ghg_template_msa_top30/outputs/Patch_A_boltz_00030_seed2,boltz predict results/boltz_predictions_raw3ghg_template_msa_top30/inputs/yaml/Patch_A_boltz_00030_seed2.yaml --out_dir results/boltz_predictions_raw3ghg_template_msa_top30/outputs/Patch_A_boltz_00030_seed2 --model boltz2 --seed 2 --output_format pdb --write_full_pae --use_msa_server --use_potentials,pending_external_model,server,A,B,data/structures/raw/3GHG.pdb,J1,"50,51,52,53,54,56,218,219,221","15,16,17,18,19,21,183,184,186",B:1:SG-B:12:SG,"{""source_candidate_csv"": ""results/boltz_predictions_raw3ghg_template_msa_top30/source_candidates_top30.csv"", ""source_candidate_raw_id"": ""Patch_A_L12_colabdesign_chunk_seed0055_n005_raw_0001"", ""source_template_chain_id"": ""J"", ""template_skip_reason"": """", ""uses_disulfide_bond_constraint"": true, ""uses_pocket_constraints"": true, ""uses_template"": true}"
Patch_A_boltz_00030_seed3,Patch_A_L12_colabdesign_chunk_seed0055_n005_raw_0001,CYQNPDYVIYTC,Patch_A,3,results/boltz_predictions_raw3ghg_template_msa_top30/inputs/yaml/Patch_A_boltz_00030_seed3.yaml,results/boltz_predictions_raw3ghg_template_msa_top30/outputs/Patch_A_boltz_00030_seed3,boltz predict results/boltz_predictions_raw3ghg_template_msa_top30/inputs/yaml/Patch_A_boltz_00030_seed3.yaml --out_dir results/boltz_predictions_raw3ghg_template_msa_top30/outputs/Patch_A_boltz_00030_seed3 --model boltz2 --seed 3 --output_format pdb --write_full_pae --use_msa_server --use_potentials,pending_external_model,server,A,B,data/structures/raw/3GHG.pdb,J1,"50,51,52,53,54,56,218,219,221","15,16,17,18,19,21,183,184,186",B:1:SG-B:12:SG,"{""source_candidate_csv"": ""results/boltz_predictions_raw3ghg_template_msa_top30/source_candidates_top30.csv"", ""source_candidate_raw_id"": ""Patch_A_L12_colabdesign_chunk_seed0055_n005_raw_0001"", ""source_template_chain_id"": ""J"", ""template_skip_reason"": """", ""uses_disulfide_bond_constraint"": true, ""uses_pocket_constraints"": true, ""uses_template"": true}"
