boltz_job_id,peptide_id,core_sequence,patch_id,seed,iptm,ptm,complex_plddt,interface_pae,peptide_plddt,interface_contacts,patch_contact_count,patch_consistency_flag,cys_sg_distance,cys_cys_geometry,confidence_json,structure_file,notes
Patch_A_boltz_00001_seed1,Patch_A_L14_colabdesign_chunk_seed0000_n005_raw_0004,CEPTEDGRHYWGFC,Patch_A,1,0.4141,0.4009,53.05,27.667,37.8,25,7,pass,1.336,fail,results/boltz_predictions_raw3ghg_template_msa_top30/outputs/Patch_A_boltz_00001_seed1/boltz_results_Patch_A_boltz_00001_seed1/predictions/Patch_A_boltz_00001_seed1/confidence_Patch_A_boltz_00001_seed1_model_0.json,results/boltz_predictions_raw3ghg_template_msa_top30/outputs/Patch_A_boltz_00001_seed1/boltz_results_Patch_A_boltz_00001_seed1/predictions/Patch_A_boltz_00001_seed1/Patch_A_boltz_00001_seed1_model_0.pdb,parsed_real_boltz_output
Patch_A_boltz_00001_seed2,Patch_A_L14_colabdesign_chunk_seed0000_n005_raw_0004,CEPTEDGRHYWGFC,Patch_A,2,0.4528,0.3723,54.43,29.893,41.83,40,6,pass,1.549,fail,results/boltz_predictions_raw3ghg_template_msa_top30/outputs/Patch_A_boltz_00001_seed2/boltz_results_Patch_A_boltz_00001_seed2/predictions/Patch_A_boltz_00001_seed2/confidence_Patch_A_boltz_00001_seed2_model_0.json,results/boltz_predictions_raw3ghg_template_msa_top30/outputs/Patch_A_boltz_00001_seed2/boltz_results_Patch_A_boltz_00001_seed2/predictions/Patch_A_boltz_00001_seed2/Patch_A_boltz_00001_seed2_model_0.pdb,parsed_real_boltz_output
Patch_A_boltz_00001_seed3,Patch_A_L14_colabdesign_chunk_seed0000_n005_raw_0004,CEPTEDGRHYWGFC,Patch_A,3,0.4741,0.3617,52.76,30.122,36.7,31,4,pass,1.078,fail,results/boltz_predictions_raw3ghg_template_msa_top30/outputs/Patch_A_boltz_00001_seed3/boltz_results_Patch_A_boltz_00001_seed3/predictions/Patch_A_boltz_00001_seed3/confidence_Patch_A_boltz_00001_seed3_model_0.json,results/boltz_predictions_raw3ghg_template_msa_top30/outputs/Patch_A_boltz_00001_seed3/boltz_results_Patch_A_boltz_00001_seed3/predictions/Patch_A_boltz_00001_seed3/Patch_A_boltz_00001_seed3_model_0.pdb,parsed_real_boltz_output
Patch_A_boltz_00002_seed1,Patch_A_L16_colabdesign_chunk_seed0065_n005_raw_0005,CYMRTNEYYHPPWKIC,Patch_A,1,0.2907,0.373,53.71,28.598,42.85,86,6,pass,1.267,fail,results/boltz_predictions_raw3ghg_template_msa_top30/outputs/Patch_A_boltz_00002_seed1/boltz_results_Patch_A_boltz_00002_seed1/predictions/Patch_A_boltz_00002_seed1/confidence_Patch_A_boltz_00002_seed1_model_0.json,results/boltz_predictions_raw3ghg_template_msa_top30/outputs/Patch_A_boltz_00002_seed1/boltz_results_Patch_A_boltz_00002_seed1/predictions/Patch_A_boltz_00002_seed1/Patch_A_boltz_00002_seed1_model_0.pdb,parsed_real_boltz_output
Patch_A_boltz_00002_seed2,Patch_A_L16_colabdesign_chunk_seed0065_n005_raw_0005,CYMRTNEYYHPPWKIC,Patch_A,2,0.3825,0.3753,54.93,30.029,46.43,53,5,pass,1.681,fail,results/boltz_predictions_raw3ghg_template_msa_top30/outputs/Patch_A_boltz_00002_seed2/boltz_results_Patch_A_boltz_00002_seed2/predictions/Patch_A_boltz_00002_seed2/confidence_Patch_A_boltz_00002_seed2_model_0.json,results/boltz_predictions_raw3ghg_template_msa_top30/outputs/Patch_A_boltz_00002_seed2/boltz_results_Patch_A_boltz_00002_seed2/predictions/Patch_A_boltz_00002_seed2/Patch_A_boltz_00002_seed2_model_0.pdb,parsed_real_boltz_output
Patch_A_boltz_00002_seed3,Patch_A_L16_colabdesign_chunk_seed0065_n005_raw_0005,CYMRTNEYYHPPWKIC,Patch_A,3,0.3693,0.3578,52.6,30.315,37.31,62,6,pass,0.749,fail,results/boltz_predictions_raw3ghg_template_msa_top30/outputs/Patch_A_boltz_00002_seed3/boltz_results_Patch_A_boltz_00002_seed3/predictions/Patch_A_boltz_00002_seed3/confidence_Patch_A_boltz_00002_seed3_model_0.json,results/boltz_predictions_raw3ghg_template_msa_top30/outputs/Patch_A_boltz_00002_seed3/boltz_results_Patch_A_boltz_00002_seed3/predictions/Patch_A_boltz_00002_seed3/Patch_A_boltz_00002_seed3_model_0.pdb,parsed_real_boltz_output
Patch_A_boltz_00003_seed1,Patch_A_L18_colabdesign_chunk_seed0050_n005_raw_0005,CHTPNNNNERPYTYVYIC,Patch_A,1,0.4785,0.3783,53.74,27.107,50.88,60,6,pass,1.194,fail,results/boltz_predictions_raw3ghg_template_msa_top30/outputs/Patch_A_boltz_00003_seed1/boltz_results_Patch_A_boltz_00003_seed1/predictions/Patch_A_boltz_00003_seed1/confidence_Patch_A_boltz_00003_seed1_model_0.json,results/boltz_predictions_raw3ghg_template_msa_top30/outputs/Patch_A_boltz_00003_seed1/boltz_results_Patch_A_boltz_00003_seed1/predictions/Patch_A_boltz_00003_seed1/Patch_A_boltz_00003_seed1_model_0.pdb,parsed_real_boltz_output
Patch_A_boltz_00003_seed2,Patch_A_L18_colabdesign_chunk_seed0050_n005_raw_0005,CHTPNNNNERPYTYVYIC,Patch_A,2,0.3897,0.363,53.24,30.135,44.88,39,5,pass,2.162,pass,results/boltz_predictions_raw3ghg_template_msa_top30/outputs/Patch_A_boltz_00003_seed2/boltz_results_Patch_A_boltz_00003_seed2/predictions/Patch_A_boltz_00003_seed2/confidence_Patch_A_boltz_00003_seed2_model_0.json,results/boltz_predictions_raw3ghg_template_msa_top30/outputs/Patch_A_boltz_00003_seed2/boltz_results_Patch_A_boltz_00003_seed2/predictions/Patch_A_boltz_00003_seed2/Patch_A_boltz_00003_seed2_model_0.pdb,parsed_real_boltz_output
Patch_A_boltz_00003_seed3,Patch_A_L18_colabdesign_chunk_seed0050_n005_raw_0005,CHTPNNNNERPYTYVYIC,Patch_A,3,0.4452,0.359,53.38,30.053,50.6,36,5,pass,1.755,fail,results/boltz_predictions_raw3ghg_template_msa_top30/outputs/Patch_A_boltz_00003_seed3/boltz_results_Patch_A_boltz_00003_seed3/predictions/Patch_A_boltz_00003_seed3/confidence_Patch_A_boltz_00003_seed3_model_0.json,results/boltz_predictions_raw3ghg_template_msa_top30/outputs/Patch_A_boltz_00003_seed3/boltz_results_Patch_A_boltz_00003_seed3/predictions/Patch_A_boltz_00003_seed3/Patch_A_boltz_00003_seed3_model_0.pdb,parsed_real_boltz_output
Patch_A_boltz_00004_seed1,Patch_A_L18_colabdesign_chunk_seed0015_n005_raw_0005,CYIPPYWGLDYGDTKLTC,Patch_A,1,0.4206,0.3733,53.72,30.014,42.21,31,6,pass,1.176,fail,results/boltz_predictions_raw3ghg_template_msa_top30/outputs/Patch_A_boltz_00004_seed1/boltz_results_Patch_A_boltz_00004_seed1/predictions/Patch_A_boltz_00004_seed1/confidence_Patch_A_boltz_00004_seed1_model_0.json,results/boltz_predictions_raw3ghg_template_msa_top30/outputs/Patch_A_boltz_00004_seed1/boltz_results_Patch_A_boltz_00004_seed1/predictions/Patch_A_boltz_00004_seed1/Patch_A_boltz_00004_seed1_model_0.pdb,parsed_real_boltz_output
Patch_A_boltz_00004_seed2,Patch_A_L18_colabdesign_chunk_seed0015_n005_raw_0005,CYIPPYWGLDYGDTKLTC,Patch_A,2,0.4218,0.3663,54.81,30.068,44.92,25,4,pass,1.037,fail,results/boltz_predictions_raw3ghg_template_msa_top30/outputs/Patch_A_boltz_00004_seed2/boltz_results_Patch_A_boltz_00004_seed2/predictions/Patch_A_boltz_00004_seed2/confidence_Patch_A_boltz_00004_seed2_model_0.json,results/boltz_predictions_raw3ghg_template_msa_top30/outputs/Patch_A_boltz_00004_seed2/boltz_results_Patch_A_boltz_00004_seed2/predictions/Patch_A_boltz_00004_seed2/Patch_A_boltz_00004_seed2_model_0.pdb,parsed_real_boltz_output
Patch_A_boltz_00004_seed3,Patch_A_L18_colabdesign_chunk_seed0015_n005_raw_0005,CYIPPYWGLDYGDTKLTC,Patch_A,3,0.3351,0.3646,53.99,30.382,47.43,40,6,pass,1.948,pass,results/boltz_predictions_raw3ghg_template_msa_top30/outputs/Patch_A_boltz_00004_seed3/boltz_results_Patch_A_boltz_00004_seed3/predictions/Patch_A_boltz_00004_seed3/confidence_Patch_A_boltz_00004_seed3_model_0.json,results/boltz_predictions_raw3ghg_template_msa_top30/outputs/Patch_A_boltz_00004_seed3/boltz_results_Patch_A_boltz_00004_seed3/predictions/Patch_A_boltz_00004_seed3/Patch_A_boltz_00004_seed3_model_0.pdb,parsed_real_boltz_output
Patch_A_boltz_00005_seed1,Patch_A_L12_colabdesign_chunk_seed0020_n005_raw_0002,CKVNDWTPIVYC,Patch_A,1,0.3515,0.3722,53.06,28.167,36.88,40,1,pass,0.887,fail,results/boltz_predictions_raw3ghg_template_msa_top30/outputs/Patch_A_boltz_00005_seed1/boltz_results_Patch_A_boltz_00005_seed1/predictions/Patch_A_boltz_00005_seed1/confidence_Patch_A_boltz_00005_seed1_model_0.json,results/boltz_predictions_raw3ghg_template_msa_top30/outputs/Patch_A_boltz_00005_seed1/boltz_results_Patch_A_boltz_00005_seed1/predictions/Patch_A_boltz_00005_seed1/Patch_A_boltz_00005_seed1_model_0.pdb,parsed_real_boltz_output
Patch_A_boltz_00005_seed2,Patch_A_L12_colabdesign_chunk_seed0020_n005_raw_0002,CKVNDWTPIVYC,Patch_A,2,0.3789,0.3719,53.61,30.208,39.96,14,5,pass,1.306,fail,results/boltz_predictions_raw3ghg_template_msa_top30/outputs/Patch_A_boltz_00005_seed2/boltz_results_Patch_A_boltz_00005_seed2/predictions/Patch_A_boltz_00005_seed2/confidence_Patch_A_boltz_00005_seed2_model_0.json,results/boltz_predictions_raw3ghg_template_msa_top30/outputs/Patch_A_boltz_00005_seed2/boltz_results_Patch_A_boltz_00005_seed2/predictions/Patch_A_boltz_00005_seed2/Patch_A_boltz_00005_seed2_model_0.pdb,parsed_real_boltz_output
Patch_A_boltz_00005_seed3,Patch_A_L12_colabdesign_chunk_seed0020_n005_raw_0002,CKVNDWTPIVYC,Patch_A,3,0.3756,0.3781,52.64,29.832,38.81,28,1,pass,1.798,fail,results/boltz_predictions_raw3ghg_template_msa_top30/outputs/Patch_A_boltz_00005_seed3/boltz_results_Patch_A_boltz_00005_seed3/predictions/Patch_A_boltz_00005_seed3/confidence_Patch_A_boltz_00005_seed3_model_0.json,results/boltz_predictions_raw3ghg_template_msa_top30/outputs/Patch_A_boltz_00005_seed3/boltz_results_Patch_A_boltz_00005_seed3/predictions/Patch_A_boltz_00005_seed3/Patch_A_boltz_00005_seed3_model_0.pdb,parsed_real_boltz_output
Patch_A_boltz_00006_seed1,Patch_A_L12_colabdesign_chunk_seed0030_n005_raw_0003,CYYQNDNSIHVC,Patch_A,1,0.4341,0.3667,53.52,27.658,49.09,60,7,pass,1.267,fail,results/boltz_predictions_raw3ghg_template_msa_top30/outputs/Patch_A_boltz_00006_seed1/boltz_results_Patch_A_boltz_00006_seed1/predictions/Patch_A_boltz_00006_seed1/confidence_Patch_A_boltz_00006_seed1_model_0.json,results/boltz_predictions_raw3ghg_template_msa_top30/outputs/Patch_A_boltz_00006_seed1/boltz_results_Patch_A_boltz_00006_seed1/predictions/Patch_A_boltz_00006_seed1/Patch_A_boltz_00006_seed1_model_0.pdb,parsed_real_boltz_output
Patch_A_boltz_00006_seed2,Patch_A_L12_colabdesign_chunk_seed0030_n005_raw_0003,CYYQNDNSIHVC,Patch_A,2,0.5368,0.3661,54.13,30.091,48.77,25,5,pass,2.364,pass,results/boltz_predictions_raw3ghg_template_msa_top30/outputs/Patch_A_boltz_00006_seed2/boltz_results_Patch_A_boltz_00006_seed2/predictions/Patch_A_boltz_00006_seed2/confidence_Patch_A_boltz_00006_seed2_model_0.json,results/boltz_predictions_raw3ghg_template_msa_top30/outputs/Patch_A_boltz_00006_seed2/boltz_results_Patch_A_boltz_00006_seed2/predictions/Patch_A_boltz_00006_seed2/Patch_A_boltz_00006_seed2_model_0.pdb,parsed_real_boltz_output
Patch_A_boltz_00006_seed3,Patch_A_L12_colabdesign_chunk_seed0030_n005_raw_0003,CYYQNDNSIHVC,Patch_A,3,0.3905,0.3637,53.79,30.133,46.19,20,4,pass,3.191,fail,results/boltz_predictions_raw3ghg_template_msa_top30/outputs/Patch_A_boltz_00006_seed3/boltz_results_Patch_A_boltz_00006_seed3/predictions/Patch_A_boltz_00006_seed3/confidence_Patch_A_boltz_00006_seed3_model_0.json,results/boltz_predictions_raw3ghg_template_msa_top30/outputs/Patch_A_boltz_00006_seed3/boltz_results_Patch_A_boltz_00006_seed3/predictions/Patch_A_boltz_00006_seed3/Patch_A_boltz_00006_seed3_model_0.pdb,parsed_real_boltz_output
Patch_A_boltz_00007_seed1,Patch_A_L16_colabdesign_chunk_seed0070_n005_raw_0003,CYNPVGEEWPIYYVQC,Patch_A,1,0.3271,0.3681,52.82,30.308,34.7,49,6,pass,1.524,fail,results/boltz_predictions_raw3ghg_template_msa_top30/outputs/Patch_A_boltz_00007_seed1/boltz_results_Patch_A_boltz_00007_seed1/predictions/Patch_A_boltz_00007_seed1/confidence_Patch_A_boltz_00007_seed1_model_0.json,results/boltz_predictions_raw3ghg_template_msa_top30/outputs/Patch_A_boltz_00007_seed1/boltz_results_Patch_A_boltz_00007_seed1/predictions/Patch_A_boltz_00007_seed1/Patch_A_boltz_00007_seed1_model_0.pdb,parsed_real_boltz_output
Patch_A_boltz_00007_seed2,Patch_A_L16_colabdesign_chunk_seed0070_n005_raw_0003,CYNPVGEEWPIYYVQC,Patch_A,2,0.3638,0.3729,53.36,30.168,37.91,37,6,pass,2.889,fail,results/boltz_predictions_raw3ghg_template_msa_top30/outputs/Patch_A_boltz_00007_seed2/boltz_results_Patch_A_boltz_00007_seed2/predictions/Patch_A_boltz_00007_seed2/confidence_Patch_A_boltz_00007_seed2_model_0.json,results/boltz_predictions_raw3ghg_template_msa_top30/outputs/Patch_A_boltz_00007_seed2/boltz_results_Patch_A_boltz_00007_seed2/predictions/Patch_A_boltz_00007_seed2/Patch_A_boltz_00007_seed2_model_0.pdb,parsed_real_boltz_output
Patch_A_boltz_00007_seed3,Patch_A_L16_colabdesign_chunk_seed0070_n005_raw_0003,CYNPVGEEWPIYYVQC,Patch_A,3,0.4236,0.3706,53.35,30.218,35.82,56,5,pass,1.245,fail,results/boltz_predictions_raw3ghg_template_msa_top30/outputs/Patch_A_boltz_00007_seed3/boltz_results_Patch_A_boltz_00007_seed3/predictions/Patch_A_boltz_00007_seed3/confidence_Patch_A_boltz_00007_seed3_model_0.json,results/boltz_predictions_raw3ghg_template_msa_top30/outputs/Patch_A_boltz_00007_seed3/boltz_results_Patch_A_boltz_00007_seed3/predictions/Patch_A_boltz_00007_seed3/Patch_A_boltz_00007_seed3_model_0.pdb,parsed_real_boltz_output
Patch_A_boltz_00008_seed1,Patch_A_L12_colabdesign_chunk_seed0035_n005_raw_0003,CWQSYRDGTVIC,Patch_A,1,0.4505,0.3765,54.25,27.297,44.4,42,7,pass,3.238,fail,results/boltz_predictions_raw3ghg_template_msa_top30/outputs/Patch_A_boltz_00008_seed1/boltz_results_Patch_A_boltz_00008_seed1/predictions/Patch_A_boltz_00008_seed1/confidence_Patch_A_boltz_00008_seed1_model_0.json,results/boltz_predictions_raw3ghg_template_msa_top30/outputs/Patch_A_boltz_00008_seed1/boltz_results_Patch_A_boltz_00008_seed1/predictions/Patch_A_boltz_00008_seed1/Patch_A_boltz_00008_seed1_model_0.pdb,parsed_real_boltz_output
Patch_A_boltz_00008_seed2,Patch_A_L12_colabdesign_chunk_seed0035_n005_raw_0003,CWQSYRDGTVIC,Patch_A,2,0.3252,0.363,53.59,30.464,44.26,29,4,pass,1.133,fail,results/boltz_predictions_raw3ghg_template_msa_top30/outputs/Patch_A_boltz_00008_seed2/boltz_results_Patch_A_boltz_00008_seed2/predictions/Patch_A_boltz_00008_seed2/confidence_Patch_A_boltz_00008_seed2_model_0.json,results/boltz_predictions_raw3ghg_template_msa_top30/outputs/Patch_A_boltz_00008_seed2/boltz_results_Patch_A_boltz_00008_seed2/predictions/Patch_A_boltz_00008_seed2/Patch_A_boltz_00008_seed2_model_0.pdb,parsed_real_boltz_output
Patch_A_boltz_00008_seed3,Patch_A_L12_colabdesign_chunk_seed0035_n005_raw_0003,CWQSYRDGTVIC,Patch_A,3,0.3056,0.3563,53.14,30.488,44.2,20,3,pass,1.386,fail,results/boltz_predictions_raw3ghg_template_msa_top30/outputs/Patch_A_boltz_00008_seed3/boltz_results_Patch_A_boltz_00008_seed3/predictions/Patch_A_boltz_00008_seed3/confidence_Patch_A_boltz_00008_seed3_model_0.json,results/boltz_predictions_raw3ghg_template_msa_top30/outputs/Patch_A_boltz_00008_seed3/boltz_results_Patch_A_boltz_00008_seed3/predictions/Patch_A_boltz_00008_seed3/Patch_A_boltz_00008_seed3_model_0.pdb,parsed_real_boltz_output
Patch_A_boltz_00009_seed1,Patch_A_L18_colabdesign_chunk_seed0010_n005_raw_0005,CVWYHPTDQQGDRQDYIC,Patch_A,1,0.4327,0.3686,55.17,29.985,40.82,52,5,pass,3.078,fail,results/boltz_predictions_raw3ghg_template_msa_top30/outputs/Patch_A_boltz_00009_seed1/boltz_results_Patch_A_boltz_00009_seed1/predictions/Patch_A_boltz_00009_seed1/confidence_Patch_A_boltz_00009_seed1_model_0.json,results/boltz_predictions_raw3ghg_template_msa_top30/outputs/Patch_A_boltz_00009_seed1/boltz_results_Patch_A_boltz_00009_seed1/predictions/Patch_A_boltz_00009_seed1/Patch_A_boltz_00009_seed1_model_0.pdb,parsed_real_boltz_output
Patch_A_boltz_00009_seed2,Patch_A_L18_colabdesign_chunk_seed0010_n005_raw_0005,CVWYHPTDQQGDRQDYIC,Patch_A,2,0.3957,0.3641,54.62,30.195,41.23,43,4,pass,3.869,fail,results/boltz_predictions_raw3ghg_template_msa_top30/outputs/Patch_A_boltz_00009_seed2/boltz_results_Patch_A_boltz_00009_seed2/predictions/Patch_A_boltz_00009_seed2/confidence_Patch_A_boltz_00009_seed2_model_0.json,results/boltz_predictions_raw3ghg_template_msa_top30/outputs/Patch_A_boltz_00009_seed2/boltz_results_Patch_A_boltz_00009_seed2/predictions/Patch_A_boltz_00009_seed2/Patch_A_boltz_00009_seed2_model_0.pdb,parsed_real_boltz_output
Patch_A_boltz_00009_seed3,Patch_A_L18_colabdesign_chunk_seed0010_n005_raw_0005,CVWYHPTDQQGDRQDYIC,Patch_A,3,0.3658,0.3675,55.1,30.106,48.81,55,2,pass,5.003,fail,results/boltz_predictions_raw3ghg_template_msa_top30/outputs/Patch_A_boltz_00009_seed3/boltz_results_Patch_A_boltz_00009_seed3/predictions/Patch_A_boltz_00009_seed3/confidence_Patch_A_boltz_00009_seed3_model_0.json,results/boltz_predictions_raw3ghg_template_msa_top30/outputs/Patch_A_boltz_00009_seed3/boltz_results_Patch_A_boltz_00009_seed3/predictions/Patch_A_boltz_00009_seed3/Patch_A_boltz_00009_seed3_model_0.pdb,parsed_real_boltz_output
Patch_A_boltz_00010_seed1,Patch_A_L14_colabdesign_chunk_seed0050_n005_raw_0001,CHYRPGHDYQVYVC,Patch_A,1,0.3464,0.3677,52.96,28.577,42.04,43,7,pass,1.636,fail,results/boltz_predictions_raw3ghg_template_msa_top30/outputs/Patch_A_boltz_00010_seed1/boltz_results_Patch_A_boltz_00010_seed1/predictions/Patch_A_boltz_00010_seed1/confidence_Patch_A_boltz_00010_seed1_model_0.json,results/boltz_predictions_raw3ghg_template_msa_top30/outputs/Patch_A_boltz_00010_seed1/boltz_results_Patch_A_boltz_00010_seed1/predictions/Patch_A_boltz_00010_seed1/Patch_A_boltz_00010_seed1_model_0.pdb,parsed_real_boltz_output
Patch_A_boltz_00010_seed2,Patch_A_L14_colabdesign_chunk_seed0050_n005_raw_0001,CHYRPGHDYQVYVC,Patch_A,2,0.3772,0.3671,53.38,30.356,45.66,30,4,pass,1.037,fail,results/boltz_predictions_raw3ghg_template_msa_top30/outputs/Patch_A_boltz_00010_seed2/boltz_results_Patch_A_boltz_00010_seed2/predictions/Patch_A_boltz_00010_seed2/confidence_Patch_A_boltz_00010_seed2_model_0.json,results/boltz_predictions_raw3ghg_template_msa_top30/outputs/Patch_A_boltz_00010_seed2/boltz_results_Patch_A_boltz_00010_seed2/predictions/Patch_A_boltz_00010_seed2/Patch_A_boltz_00010_seed2_model_0.pdb,parsed_real_boltz_output
Patch_A_boltz_00010_seed3,Patch_A_L14_colabdesign_chunk_seed0050_n005_raw_0001,CHYRPGHDYQVYVC,Patch_A,3,0.415,0.3642,53.36,30.087,43.49,40,4,pass,2.611,fail,results/boltz_predictions_raw3ghg_template_msa_top30/outputs/Patch_A_boltz_00010_seed3/boltz_results_Patch_A_boltz_00010_seed3/predictions/Patch_A_boltz_00010_seed3/confidence_Patch_A_boltz_00010_seed3_model_0.json,results/boltz_predictions_raw3ghg_template_msa_top30/outputs/Patch_A_boltz_00010_seed3/boltz_results_Patch_A_boltz_00010_seed3/predictions/Patch_A_boltz_00010_seed3/Patch_A_boltz_00010_seed3_model_0.pdb,parsed_real_boltz_output
Patch_A_boltz_00011_seed1,Patch_A_L14_colabdesign_chunk_seed0075_n005_raw_0005,CHINRYPDNSYIYC,Patch_A,1,0.3581,0.3809,54.16,28.06,37.45,53,7,pass,2.906,fail,results/boltz_predictions_raw3ghg_template_msa_top30/outputs/Patch_A_boltz_00011_seed1/boltz_results_Patch_A_boltz_00011_seed1/predictions/Patch_A_boltz_00011_seed1/confidence_Patch_A_boltz_00011_seed1_model_0.json,results/boltz_predictions_raw3ghg_template_msa_top30/outputs/Patch_A_boltz_00011_seed1/boltz_results_Patch_A_boltz_00011_seed1/predictions/Patch_A_boltz_00011_seed1/Patch_A_boltz_00011_seed1_model_0.pdb,parsed_real_boltz_output
Patch_A_boltz_00011_seed2,Patch_A_L14_colabdesign_chunk_seed0075_n005_raw_0005,CHINRYPDNSYIYC,Patch_A,2,0.3434,0.3707,54.55,30.389,36.41,41,3,pass,2.818,fail,results/boltz_predictions_raw3ghg_template_msa_top30/outputs/Patch_A_boltz_00011_seed2/boltz_results_Patch_A_boltz_00011_seed2/predictions/Patch_A_boltz_00011_seed2/confidence_Patch_A_boltz_00011_seed2_model_0.json,results/boltz_predictions_raw3ghg_template_msa_top30/outputs/Patch_A_boltz_00011_seed2/boltz_results_Patch_A_boltz_00011_seed2/predictions/Patch_A_boltz_00011_seed2/Patch_A_boltz_00011_seed2_model_0.pdb,parsed_real_boltz_output
Patch_A_boltz_00011_seed3,Patch_A_L14_colabdesign_chunk_seed0075_n005_raw_0005,CHINRYPDNSYIYC,Patch_A,3,0.3733,0.3644,52.92,29.931,33.93,77,4,pass,2.533,fail,results/boltz_predictions_raw3ghg_template_msa_top30/outputs/Patch_A_boltz_00011_seed3/boltz_results_Patch_A_boltz_00011_seed3/predictions/Patch_A_boltz_00011_seed3/confidence_Patch_A_boltz_00011_seed3_model_0.json,results/boltz_predictions_raw3ghg_template_msa_top30/outputs/Patch_A_boltz_00011_seed3/boltz_results_Patch_A_boltz_00011_seed3/predictions/Patch_A_boltz_00011_seed3/Patch_A_boltz_00011_seed3_model_0.pdb,parsed_real_boltz_output
Patch_B_boltz_00012_seed1,Patch_B_L12_colabdesign_chunk_seed0015_n005_raw_0005,CPDNHTHVGMRC,Patch_B,1,0.4685,0.3649,54.03,29.508,50.36,31,7,pass,0.719,fail,results/boltz_predictions_raw3ghg_template_msa_top30/outputs/Patch_B_boltz_00012_seed1/boltz_results_Patch_B_boltz_00012_seed1/predictions/Patch_B_boltz_00012_seed1/confidence_Patch_B_boltz_00012_seed1_model_0.json,results/boltz_predictions_raw3ghg_template_msa_top30/outputs/Patch_B_boltz_00012_seed1/boltz_results_Patch_B_boltz_00012_seed1/predictions/Patch_B_boltz_00012_seed1/Patch_B_boltz_00012_seed1_model_0.pdb,parsed_real_boltz_output
Patch_B_boltz_00012_seed2,Patch_B_L12_colabdesign_chunk_seed0015_n005_raw_0005,CPDNHTHVGMRC,Patch_B,2,0.4374,0.3671,53.25,29.29,50.04,39,7,pass,1.383,fail,results/boltz_predictions_raw3ghg_template_msa_top30/outputs/Patch_B_boltz_00012_seed2/boltz_results_Patch_B_boltz_00012_seed2/predictions/Patch_B_boltz_00012_seed2/confidence_Patch_B_boltz_00012_seed2_model_0.json,results/boltz_predictions_raw3ghg_template_msa_top30/outputs/Patch_B_boltz_00012_seed2/boltz_results_Patch_B_boltz_00012_seed2/predictions/Patch_B_boltz_00012_seed2/Patch_B_boltz_00012_seed2_model_0.pdb,parsed_real_boltz_output
Patch_B_boltz_00012_seed3,Patch_B_L12_colabdesign_chunk_seed0015_n005_raw_0005,CPDNHTHVGMRC,Patch_B,3,0.482,0.3635,53.49,29.407,46.75,43,8,pass,1.415,fail,results/boltz_predictions_raw3ghg_template_msa_top30/outputs/Patch_B_boltz_00012_seed3/boltz_results_Patch_B_boltz_00012_seed3/predictions/Patch_B_boltz_00012_seed3/confidence_Patch_B_boltz_00012_seed3_model_0.json,results/boltz_predictions_raw3ghg_template_msa_top30/outputs/Patch_B_boltz_00012_seed3/boltz_results_Patch_B_boltz_00012_seed3/predictions/Patch_B_boltz_00012_seed3/Patch_B_boltz_00012_seed3_model_0.pdb,parsed_real_boltz_output
Patch_B_boltz_00013_seed1,Patch_B_L12_colabdesign_chunk_seed0025_n005_raw_0004,CRMRDGRPPNGC,Patch_B,1,0.508,0.3628,53.32,29.783,45.25,40,7,pass,5.909,fail,results/boltz_predictions_raw3ghg_template_msa_top30/outputs/Patch_B_boltz_00013_seed1/boltz_results_Patch_B_boltz_00013_seed1/predictions/Patch_B_boltz_00013_seed1/confidence_Patch_B_boltz_00013_seed1_model_0.json,results/boltz_predictions_raw3ghg_template_msa_top30/outputs/Patch_B_boltz_00013_seed1/boltz_results_Patch_B_boltz_00013_seed1/predictions/Patch_B_boltz_00013_seed1/Patch_B_boltz_00013_seed1_model_0.pdb,parsed_real_boltz_output
Patch_B_boltz_00013_seed2,Patch_B_L12_colabdesign_chunk_seed0025_n005_raw_0004,CRMRDGRPPNGC,Patch_B,2,0.6165,0.3874,53.54,28.612,43.88,37,6,pass,3.01,fail,results/boltz_predictions_raw3ghg_template_msa_top30/outputs/Patch_B_boltz_00013_seed2/boltz_results_Patch_B_boltz_00013_seed2/predictions/Patch_B_boltz_00013_seed2/confidence_Patch_B_boltz_00013_seed2_model_0.json,results/boltz_predictions_raw3ghg_template_msa_top30/outputs/Patch_B_boltz_00013_seed2/boltz_results_Patch_B_boltz_00013_seed2/predictions/Patch_B_boltz_00013_seed2/Patch_B_boltz_00013_seed2_model_0.pdb,parsed_real_boltz_output
Patch_B_boltz_00013_seed3,Patch_B_L12_colabdesign_chunk_seed0025_n005_raw_0004,CRMRDGRPPNGC,Patch_B,3,0.5242,0.3805,53.76,29.223,49.98,50,9,pass,1.385,fail,results/boltz_predictions_raw3ghg_template_msa_top30/outputs/Patch_B_boltz_00013_seed3/boltz_results_Patch_B_boltz_00013_seed3/predictions/Patch_B_boltz_00013_seed3/confidence_Patch_B_boltz_00013_seed3_model_0.json,results/boltz_predictions_raw3ghg_template_msa_top30/outputs/Patch_B_boltz_00013_seed3/boltz_results_Patch_B_boltz_00013_seed3/predictions/Patch_B_boltz_00013_seed3/Patch_B_boltz_00013_seed3_model_0.pdb,parsed_real_boltz_output
Patch_B_boltz_00014_seed1,Patch_B_L12_colabdesign_chunk_seed0020_n005_raw_0005,CWYPPDDPKYQC,Patch_B,1,0.3369,0.3594,53.81,30.183,54.6,24,3,pass,2.275,pass,results/boltz_predictions_raw3ghg_template_msa_top30/outputs/Patch_B_boltz_00014_seed1/boltz_results_Patch_B_boltz_00014_seed1/predictions/Patch_B_boltz_00014_seed1/confidence_Patch_B_boltz_00014_seed1_model_0.json,results/boltz_predictions_raw3ghg_template_msa_top30/outputs/Patch_B_boltz_00014_seed1/boltz_results_Patch_B_boltz_00014_seed1/predictions/Patch_B_boltz_00014_seed1/Patch_B_boltz_00014_seed1_model_0.pdb,parsed_real_boltz_output
Patch_B_boltz_00014_seed2,Patch_B_L12_colabdesign_chunk_seed0020_n005_raw_0005,CWYPPDDPKYQC,Patch_B,2,0.3814,0.3642,54.33,29.421,49.1,38,6,pass,4.587,fail,results/boltz_predictions_raw3ghg_template_msa_top30/outputs/Patch_B_boltz_00014_seed2/boltz_results_Patch_B_boltz_00014_seed2/predictions/Patch_B_boltz_00014_seed2/confidence_Patch_B_boltz_00014_seed2_model_0.json,results/boltz_predictions_raw3ghg_template_msa_top30/outputs/Patch_B_boltz_00014_seed2/boltz_results_Patch_B_boltz_00014_seed2/predictions/Patch_B_boltz_00014_seed2/Patch_B_boltz_00014_seed2_model_0.pdb,parsed_real_boltz_output
Patch_B_boltz_00014_seed3,Patch_B_L12_colabdesign_chunk_seed0020_n005_raw_0005,CWYPPDDPKYQC,Patch_B,3,0.4081,0.3726,54.04,29.43,55.5,42,4,pass,3.442,fail,results/boltz_predictions_raw3ghg_template_msa_top30/outputs/Patch_B_boltz_00014_seed3/boltz_results_Patch_B_boltz_00014_seed3/predictions/Patch_B_boltz_00014_seed3/confidence_Patch_B_boltz_00014_seed3_model_0.json,results/boltz_predictions_raw3ghg_template_msa_top30/outputs/Patch_B_boltz_00014_seed3/boltz_results_Patch_B_boltz_00014_seed3/predictions/Patch_B_boltz_00014_seed3/Patch_B_boltz_00014_seed3_model_0.pdb,parsed_real_boltz_output
Patch_A_boltz_00015_seed1,Patch_A_L14_colabdesign_chunk_seed0020_n005_raw_0004,CYFYYRPDNDHHLC,Patch_A,1,0.3612,0.38,54.97,27.835,39.88,45,5,pass,2.005,pass,results/boltz_predictions_raw3ghg_template_msa_top30/outputs/Patch_A_boltz_00015_seed1/boltz_results_Patch_A_boltz_00015_seed1/predictions/Patch_A_boltz_00015_seed1/confidence_Patch_A_boltz_00015_seed1_model_0.json,results/boltz_predictions_raw3ghg_template_msa_top30/outputs/Patch_A_boltz_00015_seed1/boltz_results_Patch_A_boltz_00015_seed1/predictions/Patch_A_boltz_00015_seed1/Patch_A_boltz_00015_seed1_model_0.pdb,parsed_real_boltz_output
Patch_A_boltz_00015_seed2,Patch_A_L14_colabdesign_chunk_seed0020_n005_raw_0004,CYFYYRPDNDHHLC,Patch_A,2,0.3743,0.364,53.06,30.259,35.09,45,3,pass,2.755,fail,results/boltz_predictions_raw3ghg_template_msa_top30/outputs/Patch_A_boltz_00015_seed2/boltz_results_Patch_A_boltz_00015_seed2/predictions/Patch_A_boltz_00015_seed2/confidence_Patch_A_boltz_00015_seed2_model_0.json,results/boltz_predictions_raw3ghg_template_msa_top30/outputs/Patch_A_boltz_00015_seed2/boltz_results_Patch_A_boltz_00015_seed2/predictions/Patch_A_boltz_00015_seed2/Patch_A_boltz_00015_seed2_model_0.pdb,parsed_real_boltz_output
Patch_A_boltz_00015_seed3,Patch_A_L14_colabdesign_chunk_seed0020_n005_raw_0004,CYFYYRPDNDHHLC,Patch_A,3,0.3804,0.3642,52.62,28.37,37.15,79,3,pass,3.086,fail,results/boltz_predictions_raw3ghg_template_msa_top30/outputs/Patch_A_boltz_00015_seed3/boltz_results_Patch_A_boltz_00015_seed3/predictions/Patch_A_boltz_00015_seed3/confidence_Patch_A_boltz_00015_seed3_model_0.json,results/boltz_predictions_raw3ghg_template_msa_top30/outputs/Patch_A_boltz_00015_seed3/boltz_results_Patch_A_boltz_00015_seed3/predictions/Patch_A_boltz_00015_seed3/Patch_A_boltz_00015_seed3_model_0.pdb,parsed_real_boltz_output
Patch_A_boltz_00016_seed1,Patch_A_L12_colabdesign_chunk_seed0035_n005_raw_0004,CYTNQDQVYIYC,Patch_A,1,0.4171,0.3753,53.85,27.543,42.79,38,4,pass,2.382,pass,results/boltz_predictions_raw3ghg_template_msa_top30/outputs/Patch_A_boltz_00016_seed1/boltz_results_Patch_A_boltz_00016_seed1/predictions/Patch_A_boltz_00016_seed1/confidence_Patch_A_boltz_00016_seed1_model_0.json,results/boltz_predictions_raw3ghg_template_msa_top30/outputs/Patch_A_boltz_00016_seed1/boltz_results_Patch_A_boltz_00016_seed1/predictions/Patch_A_boltz_00016_seed1/Patch_A_boltz_00016_seed1_model_0.pdb,parsed_real_boltz_output
Patch_A_boltz_00016_seed2,Patch_A_L12_colabdesign_chunk_seed0035_n005_raw_0004,CYTNQDQVYIYC,Patch_A,2,0.4156,0.3649,54.27,30.317,39.79,13,6,pass,3.01,fail,results/boltz_predictions_raw3ghg_template_msa_top30/outputs/Patch_A_boltz_00016_seed2/boltz_results_Patch_A_boltz_00016_seed2/predictions/Patch_A_boltz_00016_seed2/confidence_Patch_A_boltz_00016_seed2_model_0.json,results/boltz_predictions_raw3ghg_template_msa_top30/outputs/Patch_A_boltz_00016_seed2/boltz_results_Patch_A_boltz_00016_seed2/predictions/Patch_A_boltz_00016_seed2/Patch_A_boltz_00016_seed2_model_0.pdb,parsed_real_boltz_output
Patch_A_boltz_00016_seed3,Patch_A_L12_colabdesign_chunk_seed0035_n005_raw_0004,CYTNQDQVYIYC,Patch_A,3,0.3344,0.3667,53.33,30.182,41.58,45,2,pass,2.349,pass,results/boltz_predictions_raw3ghg_template_msa_top30/outputs/Patch_A_boltz_00016_seed3/boltz_results_Patch_A_boltz_00016_seed3/predictions/Patch_A_boltz_00016_seed3/confidence_Patch_A_boltz_00016_seed3_model_0.json,results/boltz_predictions_raw3ghg_template_msa_top30/outputs/Patch_A_boltz_00016_seed3/boltz_results_Patch_A_boltz_00016_seed3/predictions/Patch_A_boltz_00016_seed3/Patch_A_boltz_00016_seed3_model_0.pdb,parsed_real_boltz_output
Patch_A_boltz_00017_seed1,Patch_A_L12_colabdesign_chunk_seed0075_n005_raw_0001,CWHYLPRTYEMC,Patch_A,1,0.3509,0.3766,52.92,28.05,36.84,44,5,pass,2.012,pass,results/boltz_predictions_raw3ghg_template_msa_top30/outputs/Patch_A_boltz_00017_seed1/boltz_results_Patch_A_boltz_00017_seed1/predictions/Patch_A_boltz_00017_seed1/confidence_Patch_A_boltz_00017_seed1_model_0.json,results/boltz_predictions_raw3ghg_template_msa_top30/outputs/Patch_A_boltz_00017_seed1/boltz_results_Patch_A_boltz_00017_seed1/predictions/Patch_A_boltz_00017_seed1/Patch_A_boltz_00017_seed1_model_0.pdb,parsed_real_boltz_output
Patch_A_boltz_00017_seed2,Patch_A_L12_colabdesign_chunk_seed0075_n005_raw_0001,CWHYLPRTYEMC,Patch_A,2,0.3982,0.3623,53.6,30.164,38.23,39,5,pass,0.894,fail,results/boltz_predictions_raw3ghg_template_msa_top30/outputs/Patch_A_boltz_00017_seed2/boltz_results_Patch_A_boltz_00017_seed2/predictions/Patch_A_boltz_00017_seed2/confidence_Patch_A_boltz_00017_seed2_model_0.json,results/boltz_predictions_raw3ghg_template_msa_top30/outputs/Patch_A_boltz_00017_seed2/boltz_results_Patch_A_boltz_00017_seed2/predictions/Patch_A_boltz_00017_seed2/Patch_A_boltz_00017_seed2_model_0.pdb,parsed_real_boltz_output
Patch_A_boltz_00017_seed3,Patch_A_L12_colabdesign_chunk_seed0075_n005_raw_0001,CWHYLPRTYEMC,Patch_A,3,0.4563,0.3608,53.57,30.247,40.05,18,6,pass,0.764,fail,results/boltz_predictions_raw3ghg_template_msa_top30/outputs/Patch_A_boltz_00017_seed3/boltz_results_Patch_A_boltz_00017_seed3/predictions/Patch_A_boltz_00017_seed3/confidence_Patch_A_boltz_00017_seed3_model_0.json,results/boltz_predictions_raw3ghg_template_msa_top30/outputs/Patch_A_boltz_00017_seed3/boltz_results_Patch_A_boltz_00017_seed3/predictions/Patch_A_boltz_00017_seed3/Patch_A_boltz_00017_seed3_model_0.pdb,parsed_real_boltz_output
Patch_A_boltz_00018_seed1,Patch_A_L14_colabdesign_chunk_seed0065_n005_raw_0001,CYKPNPVYISDYIC,Patch_A,1,0.3384,0.3736,53.06,28.279,42.3,29,7,pass,1.315,fail,results/boltz_predictions_raw3ghg_template_msa_top30/outputs/Patch_A_boltz_00018_seed1/boltz_results_Patch_A_boltz_00018_seed1/predictions/Patch_A_boltz_00018_seed1/confidence_Patch_A_boltz_00018_seed1_model_0.json,results/boltz_predictions_raw3ghg_template_msa_top30/outputs/Patch_A_boltz_00018_seed1/boltz_results_Patch_A_boltz_00018_seed1/predictions/Patch_A_boltz_00018_seed1/Patch_A_boltz_00018_seed1_model_0.pdb,parsed_real_boltz_output
Patch_A_boltz_00018_seed2,Patch_A_L14_colabdesign_chunk_seed0065_n005_raw_0001,CYKPNPVYISDYIC,Patch_A,2,0.3749,0.3681,53.03,30.358,43.64,46,2,pass,1.613,fail,results/boltz_predictions_raw3ghg_template_msa_top30/outputs/Patch_A_boltz_00018_seed2/boltz_results_Patch_A_boltz_00018_seed2/predictions/Patch_A_boltz_00018_seed2/confidence_Patch_A_boltz_00018_seed2_model_0.json,results/boltz_predictions_raw3ghg_template_msa_top30/outputs/Patch_A_boltz_00018_seed2/boltz_results_Patch_A_boltz_00018_seed2/predictions/Patch_A_boltz_00018_seed2/Patch_A_boltz_00018_seed2_model_0.pdb,parsed_real_boltz_output
Patch_A_boltz_00018_seed3,Patch_A_L14_colabdesign_chunk_seed0065_n005_raw_0001,CYKPNPVYISDYIC,Patch_A,3,0.4812,0.3649,52.19,29.729,40.35,56,5,pass,1.067,fail,results/boltz_predictions_raw3ghg_template_msa_top30/outputs/Patch_A_boltz_00018_seed3/boltz_results_Patch_A_boltz_00018_seed3/predictions/Patch_A_boltz_00018_seed3/confidence_Patch_A_boltz_00018_seed3_model_0.json,results/boltz_predictions_raw3ghg_template_msa_top30/outputs/Patch_A_boltz_00018_seed3/boltz_results_Patch_A_boltz_00018_seed3/predictions/Patch_A_boltz_00018_seed3/Patch_A_boltz_00018_seed3_model_0.pdb,parsed_real_boltz_output
Patch_A_boltz_00019_seed1,Patch_A_L14_colabdesign_chunk_seed0010_n005_raw_0002,CPQNAPDYHVIWVC,Patch_A,1,0.3281,0.3761,53.8,28.181,39.31,34,6,pass,3.527,fail,results/boltz_predictions_raw3ghg_template_msa_top30/outputs/Patch_A_boltz_00019_seed1/boltz_results_Patch_A_boltz_00019_seed1/predictions/Patch_A_boltz_00019_seed1/confidence_Patch_A_boltz_00019_seed1_model_0.json,results/boltz_predictions_raw3ghg_template_msa_top30/outputs/Patch_A_boltz_00019_seed1/boltz_results_Patch_A_boltz_00019_seed1/predictions/Patch_A_boltz_00019_seed1/Patch_A_boltz_00019_seed1_model_0.pdb,parsed_real_boltz_output
Patch_A_boltz_00019_seed2,Patch_A_L14_colabdesign_chunk_seed0010_n005_raw_0002,CPQNAPDYHVIWVC,Patch_A,2,0.4257,0.3711,53.04,30.086,44.47,39,6,pass,1.61,fail,results/boltz_predictions_raw3ghg_template_msa_top30/outputs/Patch_A_boltz_00019_seed2/boltz_results_Patch_A_boltz_00019_seed2/predictions/Patch_A_boltz_00019_seed2/confidence_Patch_A_boltz_00019_seed2_model_0.json,results/boltz_predictions_raw3ghg_template_msa_top30/outputs/Patch_A_boltz_00019_seed2/boltz_results_Patch_A_boltz_00019_seed2/predictions/Patch_A_boltz_00019_seed2/Patch_A_boltz_00019_seed2_model_0.pdb,parsed_real_boltz_output
Patch_A_boltz_00019_seed3,Patch_A_L14_colabdesign_chunk_seed0010_n005_raw_0002,CPQNAPDYHVIWVC,Patch_A,3,0.4344,0.3569,52.77,30.252,40.84,54,4,pass,1.522,fail,results/boltz_predictions_raw3ghg_template_msa_top30/outputs/Patch_A_boltz_00019_seed3/boltz_results_Patch_A_boltz_00019_seed3/predictions/Patch_A_boltz_00019_seed3/confidence_Patch_A_boltz_00019_seed3_model_0.json,results/boltz_predictions_raw3ghg_template_msa_top30/outputs/Patch_A_boltz_00019_seed3/boltz_results_Patch_A_boltz_00019_seed3/predictions/Patch_A_boltz_00019_seed3/Patch_A_boltz_00019_seed3_model_0.pdb,parsed_real_boltz_output
Patch_A_boltz_00020_seed1,Patch_A_L12_colabdesign_chunk_seed0060_n005_raw_0003,CYYYDDGWAIYC,Patch_A,1,0.3788,0.3692,53.37,28.211,41.52,68,5,pass,3.514,fail,results/boltz_predictions_raw3ghg_template_msa_top30/outputs/Patch_A_boltz_00020_seed1/boltz_results_Patch_A_boltz_00020_seed1/predictions/Patch_A_boltz_00020_seed1/confidence_Patch_A_boltz_00020_seed1_model_0.json,results/boltz_predictions_raw3ghg_template_msa_top30/outputs/Patch_A_boltz_00020_seed1/boltz_results_Patch_A_boltz_00020_seed1/predictions/Patch_A_boltz_00020_seed1/Patch_A_boltz_00020_seed1_model_0.pdb,parsed_real_boltz_output
Patch_A_boltz_00020_seed2,Patch_A_L12_colabdesign_chunk_seed0060_n005_raw_0003,CYYYDDGWAIYC,Patch_A,2,0.3947,0.3853,53.33,30.079,37.86,54,4,pass,4.934,fail,results/boltz_predictions_raw3ghg_template_msa_top30/outputs/Patch_A_boltz_00020_seed2/boltz_results_Patch_A_boltz_00020_seed2/predictions/Patch_A_boltz_00020_seed2/confidence_Patch_A_boltz_00020_seed2_model_0.json,results/boltz_predictions_raw3ghg_template_msa_top30/outputs/Patch_A_boltz_00020_seed2/boltz_results_Patch_A_boltz_00020_seed2/predictions/Patch_A_boltz_00020_seed2/Patch_A_boltz_00020_seed2_model_0.pdb,parsed_real_boltz_output
Patch_A_boltz_00020_seed3,Patch_A_L12_colabdesign_chunk_seed0060_n005_raw_0003,CYYYDDGWAIYC,Patch_A,3,0.5732,0.3626,53.55,29.519,44.41,50,4,pass,3.187,fail,results/boltz_predictions_raw3ghg_template_msa_top30/outputs/Patch_A_boltz_00020_seed3/boltz_results_Patch_A_boltz_00020_seed3/predictions/Patch_A_boltz_00020_seed3/confidence_Patch_A_boltz_00020_seed3_model_0.json,results/boltz_predictions_raw3ghg_template_msa_top30/outputs/Patch_A_boltz_00020_seed3/boltz_results_Patch_A_boltz_00020_seed3/predictions/Patch_A_boltz_00020_seed3/Patch_A_boltz_00020_seed3_model_0.pdb,parsed_real_boltz_output
Patch_A_boltz_00021_seed1,Patch_A_L14_colabdesign_chunk_seed0050_n005_raw_0002,CIIHYYSHPNGNDC,Patch_A,1,0.4369,0.3877,53.73,27.667,38.82,76,8,pass,1.7,fail,results/boltz_predictions_raw3ghg_template_msa_top30/outputs/Patch_A_boltz_00021_seed1/boltz_results_Patch_A_boltz_00021_seed1/predictions/Patch_A_boltz_00021_seed1/confidence_Patch_A_boltz_00021_seed1_model_0.json,results/boltz_predictions_raw3ghg_template_msa_top30/outputs/Patch_A_boltz_00021_seed1/boltz_results_Patch_A_boltz_00021_seed1/predictions/Patch_A_boltz_00021_seed1/Patch_A_boltz_00021_seed1_model_0.pdb,parsed_real_boltz_output
Patch_A_boltz_00021_seed2,Patch_A_L14_colabdesign_chunk_seed0050_n005_raw_0002,CIIHYYSHPNGNDC,Patch_A,2,0.4382,0.3706,53.98,30.162,40.43,30,3,pass,1.445,fail,results/boltz_predictions_raw3ghg_template_msa_top30/outputs/Patch_A_boltz_00021_seed2/boltz_results_Patch_A_boltz_00021_seed2/predictions/Patch_A_boltz_00021_seed2/confidence_Patch_A_boltz_00021_seed2_model_0.json,results/boltz_predictions_raw3ghg_template_msa_top30/outputs/Patch_A_boltz_00021_seed2/boltz_results_Patch_A_boltz_00021_seed2/predictions/Patch_A_boltz_00021_seed2/Patch_A_boltz_00021_seed2_model_0.pdb,parsed_real_boltz_output
Patch_A_boltz_00021_seed3,Patch_A_L14_colabdesign_chunk_seed0050_n005_raw_0002,CIIHYYSHPNGNDC,Patch_A,3,0.4934,0.3643,52.86,29.865,40.46,47,5,pass,0.398,fail,results/boltz_predictions_raw3ghg_template_msa_top30/outputs/Patch_A_boltz_00021_seed3/boltz_results_Patch_A_boltz_00021_seed3/predictions/Patch_A_boltz_00021_seed3/confidence_Patch_A_boltz_00021_seed3_model_0.json,results/boltz_predictions_raw3ghg_template_msa_top30/outputs/Patch_A_boltz_00021_seed3/boltz_results_Patch_A_boltz_00021_seed3/predictions/Patch_A_boltz_00021_seed3/Patch_A_boltz_00021_seed3_model_0.pdb,parsed_real_boltz_output
Patch_A_boltz_00022_seed1,Patch_A_L12_colabdesign_chunk_seed0010_n005_raw_0004,CIWIDDNHPFHC,Patch_A,1,0.3931,0.3771,51.85,27.596,39.15,78,7,pass,0.724,fail,results/boltz_predictions_raw3ghg_template_msa_top30/outputs/Patch_A_boltz_00022_seed1/boltz_results_Patch_A_boltz_00022_seed1/predictions/Patch_A_boltz_00022_seed1/confidence_Patch_A_boltz_00022_seed1_model_0.json,results/boltz_predictions_raw3ghg_template_msa_top30/outputs/Patch_A_boltz_00022_seed1/boltz_results_Patch_A_boltz_00022_seed1/predictions/Patch_A_boltz_00022_seed1/Patch_A_boltz_00022_seed1_model_0.pdb,parsed_real_boltz_output
Patch_A_boltz_00022_seed2,Patch_A_L12_colabdesign_chunk_seed0010_n005_raw_0004,CIWIDDNHPFHC,Patch_A,2,0.3694,0.3606,51.95,30.46,39.48,29,5,pass,2.222,pass,results/boltz_predictions_raw3ghg_template_msa_top30/outputs/Patch_A_boltz_00022_seed2/boltz_results_Patch_A_boltz_00022_seed2/predictions/Patch_A_boltz_00022_seed2/confidence_Patch_A_boltz_00022_seed2_model_0.json,results/boltz_predictions_raw3ghg_template_msa_top30/outputs/Patch_A_boltz_00022_seed2/boltz_results_Patch_A_boltz_00022_seed2/predictions/Patch_A_boltz_00022_seed2/Patch_A_boltz_00022_seed2_model_0.pdb,parsed_real_boltz_output
Patch_A_boltz_00022_seed3,Patch_A_L12_colabdesign_chunk_seed0010_n005_raw_0004,CIWIDDNHPFHC,Patch_A,3,0.3746,0.3611,51.94,30.077,39.55,57,5,pass,1.632,fail,results/boltz_predictions_raw3ghg_template_msa_top30/outputs/Patch_A_boltz_00022_seed3/boltz_results_Patch_A_boltz_00022_seed3/predictions/Patch_A_boltz_00022_seed3/confidence_Patch_A_boltz_00022_seed3_model_0.json,results/boltz_predictions_raw3ghg_template_msa_top30/outputs/Patch_A_boltz_00022_seed3/boltz_results_Patch_A_boltz_00022_seed3/predictions/Patch_A_boltz_00022_seed3/Patch_A_boltz_00022_seed3_model_0.pdb,parsed_real_boltz_output
Patch_A_boltz_00023_seed1,Patch_A_L12_colabdesign_chunk_seed0090_n005_raw_0004,CHQDATYYIFPC,Patch_A,1,0.4811,0.391,53.29,26.731,39.72,80,6,pass,1.889,pass,results/boltz_predictions_raw3ghg_template_msa_top30/outputs/Patch_A_boltz_00023_seed1/boltz_results_Patch_A_boltz_00023_seed1/predictions/Patch_A_boltz_00023_seed1/confidence_Patch_A_boltz_00023_seed1_model_0.json,results/boltz_predictions_raw3ghg_template_msa_top30/outputs/Patch_A_boltz_00023_seed1/boltz_results_Patch_A_boltz_00023_seed1/predictions/Patch_A_boltz_00023_seed1/Patch_A_boltz_00023_seed1_model_0.pdb,parsed_real_boltz_output
Patch_A_boltz_00023_seed2,Patch_A_L12_colabdesign_chunk_seed0090_n005_raw_0004,CHQDATYYIFPC,Patch_A,2,0.6561,0.3681,54.39,29.339,44.28,40,5,pass,1.491,fail,results/boltz_predictions_raw3ghg_template_msa_top30/outputs/Patch_A_boltz_00023_seed2/boltz_results_Patch_A_boltz_00023_seed2/predictions/Patch_A_boltz_00023_seed2/confidence_Patch_A_boltz_00023_seed2_model_0.json,results/boltz_predictions_raw3ghg_template_msa_top30/outputs/Patch_A_boltz_00023_seed2/boltz_results_Patch_A_boltz_00023_seed2/predictions/Patch_A_boltz_00023_seed2/Patch_A_boltz_00023_seed2_model_0.pdb,parsed_real_boltz_output
Patch_A_boltz_00023_seed3,Patch_A_L12_colabdesign_chunk_seed0090_n005_raw_0004,CHQDATYYIFPC,Patch_A,3,0.4421,0.3823,53.29,27.267,39.39,110,7,pass,5.881,fail,results/boltz_predictions_raw3ghg_template_msa_top30/outputs/Patch_A_boltz_00023_seed3/boltz_results_Patch_A_boltz_00023_seed3/predictions/Patch_A_boltz_00023_seed3/confidence_Patch_A_boltz_00023_seed3_model_0.json,results/boltz_predictions_raw3ghg_template_msa_top30/outputs/Patch_A_boltz_00023_seed3/boltz_results_Patch_A_boltz_00023_seed3/predictions/Patch_A_boltz_00023_seed3/Patch_A_boltz_00023_seed3_model_0.pdb,parsed_real_boltz_output
Patch_A_boltz_00024_seed1,Patch_A_L18_colabdesign_chunk_seed0080_n005_raw_0005,CENAWQSTYAYGANEEQC,Patch_A,1,0.2598,0.368,52.88,30.371,32.22,51,4,pass,1.173,fail,results/boltz_predictions_raw3ghg_template_msa_top30/outputs/Patch_A_boltz_00024_seed1/boltz_results_Patch_A_boltz_00024_seed1/predictions/Patch_A_boltz_00024_seed1/confidence_Patch_A_boltz_00024_seed1_model_0.json,results/boltz_predictions_raw3ghg_template_msa_top30/outputs/Patch_A_boltz_00024_seed1/boltz_results_Patch_A_boltz_00024_seed1/predictions/Patch_A_boltz_00024_seed1/Patch_A_boltz_00024_seed1_model_0.pdb,parsed_real_boltz_output
Patch_A_boltz_00024_seed2,Patch_A_L18_colabdesign_chunk_seed0080_n005_raw_0005,CENAWQSTYAYGANEEQC,Patch_A,2,0.3394,0.3716,53.79,30.235,34.12,33,5,pass,2.649,fail,results/boltz_predictions_raw3ghg_template_msa_top30/outputs/Patch_A_boltz_00024_seed2/boltz_results_Patch_A_boltz_00024_seed2/predictions/Patch_A_boltz_00024_seed2/confidence_Patch_A_boltz_00024_seed2_model_0.json,results/boltz_predictions_raw3ghg_template_msa_top30/outputs/Patch_A_boltz_00024_seed2/boltz_results_Patch_A_boltz_00024_seed2/predictions/Patch_A_boltz_00024_seed2/Patch_A_boltz_00024_seed2_model_0.pdb,parsed_real_boltz_output
Patch_A_boltz_00024_seed3,Patch_A_L18_colabdesign_chunk_seed0080_n005_raw_0005,CENAWQSTYAYGANEEQC,Patch_A,3,0.3955,0.3663,53.14,28.593,31.84,40,1,pass,1.858,pass,results/boltz_predictions_raw3ghg_template_msa_top30/outputs/Patch_A_boltz_00024_seed3/boltz_results_Patch_A_boltz_00024_seed3/predictions/Patch_A_boltz_00024_seed3/confidence_Patch_A_boltz_00024_seed3_model_0.json,results/boltz_predictions_raw3ghg_template_msa_top30/outputs/Patch_A_boltz_00024_seed3/boltz_results_Patch_A_boltz_00024_seed3/predictions/Patch_A_boltz_00024_seed3/Patch_A_boltz_00024_seed3_model_0.pdb,parsed_real_boltz_output
Patch_A_boltz_00025_seed1,Patch_A_L12_colabdesign_chunk_seed0095_n005_raw_0005,CAVVGTDHYYYC,Patch_A,1,0.6922,0.3998,52.55,25.056,39.44,78,7,pass,1.874,pass,results/boltz_predictions_raw3ghg_template_msa_top30/outputs/Patch_A_boltz_00025_seed1/boltz_results_Patch_A_boltz_00025_seed1/predictions/Patch_A_boltz_00025_seed1/confidence_Patch_A_boltz_00025_seed1_model_0.json,results/boltz_predictions_raw3ghg_template_msa_top30/outputs/Patch_A_boltz_00025_seed1/boltz_results_Patch_A_boltz_00025_seed1/predictions/Patch_A_boltz_00025_seed1/Patch_A_boltz_00025_seed1_model_0.pdb,parsed_real_boltz_output
Patch_A_boltz_00025_seed2,Patch_A_L12_colabdesign_chunk_seed0095_n005_raw_0005,CAVVGTDHYYYC,Patch_A,2,0.5521,0.387,54.71,28.954,43.79,46,4,pass,1.365,fail,results/boltz_predictions_raw3ghg_template_msa_top30/outputs/Patch_A_boltz_00025_seed2/boltz_results_Patch_A_boltz_00025_seed2/predictions/Patch_A_boltz_00025_seed2/confidence_Patch_A_boltz_00025_seed2_model_0.json,results/boltz_predictions_raw3ghg_template_msa_top30/outputs/Patch_A_boltz_00025_seed2/boltz_results_Patch_A_boltz_00025_seed2/predictions/Patch_A_boltz_00025_seed2/Patch_A_boltz_00025_seed2_model_0.pdb,parsed_real_boltz_output
Patch_A_boltz_00025_seed3,Patch_A_L12_colabdesign_chunk_seed0095_n005_raw_0005,CAVVGTDHYYYC,Patch_A,3,0.4026,0.3695,53.56,27.283,38.51,65,7,pass,9.257,fail,results/boltz_predictions_raw3ghg_template_msa_top30/outputs/Patch_A_boltz_00025_seed3/boltz_results_Patch_A_boltz_00025_seed3/predictions/Patch_A_boltz_00025_seed3/confidence_Patch_A_boltz_00025_seed3_model_0.json,results/boltz_predictions_raw3ghg_template_msa_top30/outputs/Patch_A_boltz_00025_seed3/boltz_results_Patch_A_boltz_00025_seed3/predictions/Patch_A_boltz_00025_seed3/Patch_A_boltz_00025_seed3_model_0.pdb,parsed_real_boltz_output
Patch_A_boltz_00026_seed1,Patch_A_L12_colabdesign_chunk_seed0045_n005_raw_0002,CYFKDYNSIPVC,Patch_A,1,0.2985,0.37,54.0,28.738,40.25,41,1,pass,0.552,fail,results/boltz_predictions_raw3ghg_template_msa_top30/outputs/Patch_A_boltz_00026_seed1/boltz_results_Patch_A_boltz_00026_seed1/predictions/Patch_A_boltz_00026_seed1/confidence_Patch_A_boltz_00026_seed1_model_0.json,results/boltz_predictions_raw3ghg_template_msa_top30/outputs/Patch_A_boltz_00026_seed1/boltz_results_Patch_A_boltz_00026_seed1/predictions/Patch_A_boltz_00026_seed1/Patch_A_boltz_00026_seed1_model_0.pdb,parsed_real_boltz_output
Patch_A_boltz_00026_seed2,Patch_A_L12_colabdesign_chunk_seed0045_n005_raw_0002,CYFKDYNSIPVC,Patch_A,2,0.4466,0.3674,54.39,30.027,41.99,19,3,pass,2.124,pass,results/boltz_predictions_raw3ghg_template_msa_top30/outputs/Patch_A_boltz_00026_seed2/boltz_results_Patch_A_boltz_00026_seed2/predictions/Patch_A_boltz_00026_seed2/confidence_Patch_A_boltz_00026_seed2_model_0.json,results/boltz_predictions_raw3ghg_template_msa_top30/outputs/Patch_A_boltz_00026_seed2/boltz_results_Patch_A_boltz_00026_seed2/predictions/Patch_A_boltz_00026_seed2/Patch_A_boltz_00026_seed2_model_0.pdb,parsed_real_boltz_output
Patch_A_boltz_00026_seed3,Patch_A_L12_colabdesign_chunk_seed0045_n005_raw_0002,CYFKDYNSIPVC,Patch_A,3,0.3017,0.3616,53.31,28.433,43.8,55,5,pass,0.792,fail,results/boltz_predictions_raw3ghg_template_msa_top30/outputs/Patch_A_boltz_00026_seed3/boltz_results_Patch_A_boltz_00026_seed3/predictions/Patch_A_boltz_00026_seed3/confidence_Patch_A_boltz_00026_seed3_model_0.json,results/boltz_predictions_raw3ghg_template_msa_top30/outputs/Patch_A_boltz_00026_seed3/boltz_results_Patch_A_boltz_00026_seed3/predictions/Patch_A_boltz_00026_seed3/Patch_A_boltz_00026_seed3_model_0.pdb,parsed_real_boltz_output
Patch_A_boltz_00027_seed1,Patch_A_L16_colabdesign_chunk_seed0000_n005_raw_0005,CFKQEYPGGGITYYYC,Patch_A,1,0.3413,0.3601,52.61,28.643,41.47,59,7,pass,1.72,fail,results/boltz_predictions_raw3ghg_template_msa_top30/outputs/Patch_A_boltz_00027_seed1/boltz_results_Patch_A_boltz_00027_seed1/predictions/Patch_A_boltz_00027_seed1/confidence_Patch_A_boltz_00027_seed1_model_0.json,results/boltz_predictions_raw3ghg_template_msa_top30/outputs/Patch_A_boltz_00027_seed1/boltz_results_Patch_A_boltz_00027_seed1/predictions/Patch_A_boltz_00027_seed1/Patch_A_boltz_00027_seed1_model_0.pdb,parsed_real_boltz_output
Patch_A_boltz_00027_seed2,Patch_A_L16_colabdesign_chunk_seed0000_n005_raw_0005,CFKQEYPGGGITYYYC,Patch_A,2,0.4135,0.3898,53.08,29.749,49.43,17,3,pass,1.862,pass,results/boltz_predictions_raw3ghg_template_msa_top30/outputs/Patch_A_boltz_00027_seed2/boltz_results_Patch_A_boltz_00027_seed2/predictions/Patch_A_boltz_00027_seed2/confidence_Patch_A_boltz_00027_seed2_model_0.json,results/boltz_predictions_raw3ghg_template_msa_top30/outputs/Patch_A_boltz_00027_seed2/boltz_results_Patch_A_boltz_00027_seed2/predictions/Patch_A_boltz_00027_seed2/Patch_A_boltz_00027_seed2_model_0.pdb,parsed_real_boltz_output
Patch_A_boltz_00027_seed3,Patch_A_L16_colabdesign_chunk_seed0000_n005_raw_0005,CFKQEYPGGGITYYYC,Patch_A,3,0.3799,0.3622,52.72,30.226,45.76,48,1,pass,1.654,fail,results/boltz_predictions_raw3ghg_template_msa_top30/outputs/Patch_A_boltz_00027_seed3/boltz_results_Patch_A_boltz_00027_seed3/predictions/Patch_A_boltz_00027_seed3/confidence_Patch_A_boltz_00027_seed3_model_0.json,results/boltz_predictions_raw3ghg_template_msa_top30/outputs/Patch_A_boltz_00027_seed3/boltz_results_Patch_A_boltz_00027_seed3/predictions/Patch_A_boltz_00027_seed3/Patch_A_boltz_00027_seed3_model_0.pdb,parsed_real_boltz_output
Patch_A_boltz_00028_seed1,Patch_A_L14_colabdesign_chunk_seed0030_n005_raw_0003,CAIGYHYVVDDSYC,Patch_A,1,0.3239,0.3693,54.73,28.686,36.75,52,6,pass,1.307,fail,results/boltz_predictions_raw3ghg_template_msa_top30/outputs/Patch_A_boltz_00028_seed1/boltz_results_Patch_A_boltz_00028_seed1/predictions/Patch_A_boltz_00028_seed1/confidence_Patch_A_boltz_00028_seed1_model_0.json,results/boltz_predictions_raw3ghg_template_msa_top30/outputs/Patch_A_boltz_00028_seed1/boltz_results_Patch_A_boltz_00028_seed1/predictions/Patch_A_boltz_00028_seed1/Patch_A_boltz_00028_seed1_model_0.pdb,parsed_real_boltz_output
Patch_A_boltz_00028_seed2,Patch_A_L14_colabdesign_chunk_seed0030_n005_raw_0003,CAIGYHYVVDDSYC,Patch_A,2,0.4831,0.3721,54.2,29.74,40.54,58,5,pass,2.49,fail,results/boltz_predictions_raw3ghg_template_msa_top30/outputs/Patch_A_boltz_00028_seed2/boltz_results_Patch_A_boltz_00028_seed2/predictions/Patch_A_boltz_00028_seed2/confidence_Patch_A_boltz_00028_seed2_model_0.json,results/boltz_predictions_raw3ghg_template_msa_top30/outputs/Patch_A_boltz_00028_seed2/boltz_results_Patch_A_boltz_00028_seed2/predictions/Patch_A_boltz_00028_seed2/Patch_A_boltz_00028_seed2_model_0.pdb,parsed_real_boltz_output
Patch_A_boltz_00028_seed3,Patch_A_L14_colabdesign_chunk_seed0030_n005_raw_0003,CAIGYHYVVDDSYC,Patch_A,3,0.3193,0.3687,52.95,30.088,36.11,55,3,pass,1.302,fail,results/boltz_predictions_raw3ghg_template_msa_top30/outputs/Patch_A_boltz_00028_seed3/boltz_results_Patch_A_boltz_00028_seed3/predictions/Patch_A_boltz_00028_seed3/confidence_Patch_A_boltz_00028_seed3_model_0.json,results/boltz_predictions_raw3ghg_template_msa_top30/outputs/Patch_A_boltz_00028_seed3/boltz_results_Patch_A_boltz_00028_seed3/predictions/Patch_A_boltz_00028_seed3/Patch_A_boltz_00028_seed3_model_0.pdb,parsed_real_boltz_output
Patch_A_boltz_00029_seed1,Patch_A_L12_colabdesign_chunk_seed0070_n005_raw_0005,CPHYIDGKHVLC,Patch_A,1,0.3732,0.3748,54.28,28.041,34.37,72,5,pass,2.709,fail,results/boltz_predictions_raw3ghg_template_msa_top30/outputs/Patch_A_boltz_00029_seed1/boltz_results_Patch_A_boltz_00029_seed1/predictions/Patch_A_boltz_00029_seed1/confidence_Patch_A_boltz_00029_seed1_model_0.json,results/boltz_predictions_raw3ghg_template_msa_top30/outputs/Patch_A_boltz_00029_seed1/boltz_results_Patch_A_boltz_00029_seed1/predictions/Patch_A_boltz_00029_seed1/Patch_A_boltz_00029_seed1_model_0.pdb,parsed_real_boltz_output
Patch_A_boltz_00029_seed2,Patch_A_L12_colabdesign_chunk_seed0070_n005_raw_0005,CPHYIDGKHVLC,Patch_A,2,0.4342,0.3812,54.84,30.008,38.25,30,5,pass,2.222,pass,results/boltz_predictions_raw3ghg_template_msa_top30/outputs/Patch_A_boltz_00029_seed2/boltz_results_Patch_A_boltz_00029_seed2/predictions/Patch_A_boltz_00029_seed2/confidence_Patch_A_boltz_00029_seed2_model_0.json,results/boltz_predictions_raw3ghg_template_msa_top30/outputs/Patch_A_boltz_00029_seed2/boltz_results_Patch_A_boltz_00029_seed2/predictions/Patch_A_boltz_00029_seed2/Patch_A_boltz_00029_seed2_model_0.pdb,parsed_real_boltz_output
Patch_A_boltz_00029_seed3,Patch_A_L12_colabdesign_chunk_seed0070_n005_raw_0005,CPHYIDGKHVLC,Patch_A,3,0.4597,0.3765,54.32,29.654,33.94,26,5,pass,2.742,fail,results/boltz_predictions_raw3ghg_template_msa_top30/outputs/Patch_A_boltz_00029_seed3/boltz_results_Patch_A_boltz_00029_seed3/predictions/Patch_A_boltz_00029_seed3/confidence_Patch_A_boltz_00029_seed3_model_0.json,results/boltz_predictions_raw3ghg_template_msa_top30/outputs/Patch_A_boltz_00029_seed3/boltz_results_Patch_A_boltz_00029_seed3/predictions/Patch_A_boltz_00029_seed3/Patch_A_boltz_00029_seed3_model_0.pdb,parsed_real_boltz_output
Patch_A_boltz_00030_seed1,Patch_A_L12_colabdesign_chunk_seed0055_n005_raw_0001,CYQNPDYVIYTC,Patch_A,1,0.4049,0.3822,53.13,27.187,44.07,60,3,pass,0.975,fail,results/boltz_predictions_raw3ghg_template_msa_top30/outputs/Patch_A_boltz_00030_seed1/boltz_results_Patch_A_boltz_00030_seed1/predictions/Patch_A_boltz_00030_seed1/confidence_Patch_A_boltz_00030_seed1_model_0.json,results/boltz_predictions_raw3ghg_template_msa_top30/outputs/Patch_A_boltz_00030_seed1/boltz_results_Patch_A_boltz_00030_seed1/predictions/Patch_A_boltz_00030_seed1/Patch_A_boltz_00030_seed1_model_0.pdb,parsed_real_boltz_output
Patch_A_boltz_00030_seed2,Patch_A_L12_colabdesign_chunk_seed0055_n005_raw_0001,CYQNPDYVIYTC,Patch_A,2,0.381,0.3636,53.19,30.289,38.69,55,3,pass,1.728,fail,results/boltz_predictions_raw3ghg_template_msa_top30/outputs/Patch_A_boltz_00030_seed2/boltz_results_Patch_A_boltz_00030_seed2/predictions/Patch_A_boltz_00030_seed2/confidence_Patch_A_boltz_00030_seed2_model_0.json,results/boltz_predictions_raw3ghg_template_msa_top30/outputs/Patch_A_boltz_00030_seed2/boltz_results_Patch_A_boltz_00030_seed2/predictions/Patch_A_boltz_00030_seed2/Patch_A_boltz_00030_seed2_model_0.pdb,parsed_real_boltz_output
Patch_A_boltz_00030_seed3,Patch_A_L12_colabdesign_chunk_seed0055_n005_raw_0001,CYQNPDYVIYTC,Patch_A,3,0.3557,0.3588,53.01,30.332,45.65,48,1,pass,2.041,pass,results/boltz_predictions_raw3ghg_template_msa_top30/outputs/Patch_A_boltz_00030_seed3/boltz_results_Patch_A_boltz_00030_seed3/predictions/Patch_A_boltz_00030_seed3/confidence_Patch_A_boltz_00030_seed3_model_0.json,results/boltz_predictions_raw3ghg_template_msa_top30/outputs/Patch_A_boltz_00030_seed3/boltz_results_Patch_A_boltz_00030_seed3/predictions/Patch_A_boltz_00030_seed3/Patch_A_boltz_00030_seed3_model_0.pdb,parsed_real_boltz_output
