raw_id,method,job_id,patch_id,target_region,core_sequence,core_length,raw_score,source_file,notes,starts_with_cys,ends_with_cys,internal_cys_count,core_length_pass,net_charge,charge_pass,hydrophobic_run_max,hydrophobicity_pass,w_count,m_count,low_complexity_flag,sequence_filter_pass,filter_notes
Patch_A_L14_colabdesign_chunk_seed0000_n005_raw_0004,ColabDesign-cyclic-binder,Patch_A_L14_colabdesign_chunk_seed0000_n005,Patch_A,FGA_chain_36_866,CEPTEDGRHYWGFC,14,5.657649517059326,results\raw_designs\colabdesign_outputs\Patch_A_L14_colabdesign_chunk_seed0000_n005\candidates.csv,"{""colabdesign_log"": {""con"": 0.0, ""exp_res"": 0.2093300223350525, ""hard"": 1.0, ""i_con"": 5.607275485992432, ""i_pae"": 0.7195414304733276, ""i_ptm"": 0.25403016805648804, ""loss"": 5.657649517059326, ""models"": ""[0]"", ""pae"": 0.7594623565673828, ""plddt"": 0.4962579607963562, ""ptm"": 0.44833680987358093, ""recycles"": 0.0, ""seq_ent"": 37.981163024902344, ""soft"": 0.0, ""temp"": 1.0}, ""final_sequence_changed"": true, ""hotspot"": ""J31,J32,J33,J34,J35,J37,J199,J200,J202"", ""init_mode"": ""random"", ""init_seed_salt"": ""Patch_A_L14_colabdesign_chunk_seed0000_n005"", ""init_sequence"": ""CEPFPDNMGTWPFC"", ""seed"": 3, ""status"": ""accepted_cys_cys_scheme_A"", ""target_chain"": ""J"", ""terminal_cys_mutation_lock"": true}",True,True,0,True,-2,True,2,True,1,0,False,True,pass
Patch_A_L16_colabdesign_chunk_seed0065_n005_raw_0005,ColabDesign-cyclic-binder,Patch_A_L16_colabdesign_chunk_seed0065_n005,Patch_A,FGA_chain_36_866,CYMRTNEYYHPPWKIC,16,5.5070648193359375,results\raw_designs\colabdesign_outputs\Patch_A_L16_colabdesign_chunk_seed0065_n005\candidates.csv,"{""colabdesign_log"": {""con"": 0.0, ""exp_res"": 0.17115518450737, ""hard"": 1.0, ""i_con"": 5.440032005310059, ""i_pae"": 0.8644697070121765, ""i_ptm"": 0.12279630452394485, ""loss"": 5.5070648193359375, ""models"": ""[0]"", ""pae"": 0.8398144245147705, ""plddt"": 0.32967376708984375, ""ptm"": 0.4479241669178009, ""recycles"": 0.0, ""seq_ent"": 43.40704345703125, ""soft"": 0.0, ""temp"": 1.0}, ""final_sequence_changed"": true, ""hotspot"": ""J31,J32,J33,J34,J35,J37,J199,J200,J202"", ""init_mode"": ""random"", ""init_seed_salt"": ""Patch_A_L16_colabdesign_chunk_seed0065_n005"", ""init_sequence"": ""CFLQENEIYAGLWNHC"", ""seed"": 69, ""status"": ""accepted_cys_cys_scheme_A"", ""target_chain"": ""J"", ""terminal_cys_mutation_lock"": true}",True,True,0,True,1,True,2,True,1,1,False,True,pass
Patch_A_L18_colabdesign_chunk_seed0050_n005_raw_0005,ColabDesign-cyclic-binder,Patch_A_L18_colabdesign_chunk_seed0050_n005,Patch_A,FGA_chain_36_866,CHTPNNNNERPYTYVYIC,18,5.293636798858643,results\raw_designs\colabdesign_outputs\Patch_A_L18_colabdesign_chunk_seed0050_n005\candidates.csv,"{""colabdesign_log"": {""con"": 4.44895076751709, ""exp_res"": 0.3066743314266205, ""hard"": 1.0, ""i_con"": 5.225224494934082, ""i_pae"": 0.8744949698448181, ""i_ptm"": 0.11968110501766205, ""loss"": 5.293636798858643, ""models"": ""[0]"", ""pae"": 0.834233820438385, ""plddt"": 0.3158762454986572, ""ptm"": 0.44019442796707153, ""recycles"": 0.0, ""seq_ent"": 48.832923889160156, ""soft"": 0.0, ""temp"": 1.0}, ""final_sequence_changed"": true, ""hotspot"": ""J31,J32,J33,J34,J35,J37,J199,J200,J202"", ""init_mode"": ""random"", ""init_seed_salt"": ""Patch_A_L18_colabdesign_chunk_seed0050_n005"", ""init_sequence"": ""CKTVEYHNKAPYTHMYIC"", ""seed"": 54, ""status"": ""accepted_cys_cys_scheme_A"", ""target_chain"": ""J"", ""terminal_cys_mutation_lock"": true}",True,True,0,True,0,True,4,True,0,0,False,True,pass
Patch_A_L18_colabdesign_chunk_seed0015_n005_raw_0005,ColabDesign-cyclic-binder,Patch_A_L18_colabdesign_chunk_seed0015_n005,Patch_A,FGA_chain_36_866,CYIPPYWGLDYGDTKLTC,18,5.390387058258057,results\raw_designs\colabdesign_outputs\Patch_A_L18_colabdesign_chunk_seed0015_n005\candidates.csv,"{""colabdesign_log"": {""con"": 4.226104736328125, ""exp_res"": 0.15568366646766663, ""hard"": 1.0, ""i_con"": 5.322597503662109, ""i_pae"": 0.8702787160873413, ""i_ptm"": 0.11600017547607422, ""loss"": 5.390387058258057, ""models"": ""[0]"", ""pae"": 0.8410789370536804, ""plddt"": 0.32210463285446167, ""ptm"": 0.44237709045410156, ""recycles"": 0.0, ""seq_ent"": 48.832923889160156, ""soft"": 0.0, ""temp"": 1.0}, ""final_sequence_changed"": true, ""hotspot"": ""J31,J32,J33,J34,J35,J37,J199,J200,J202"", ""init_mode"": ""random"", ""init_seed_salt"": ""Patch_A_L18_colabdesign_chunk_seed0015_n005"", ""init_sequence"": ""CLLIAMNQFGYEAYELPC"", ""seed"": 19, ""status"": ""accepted_cys_cys_scheme_A"", ""target_chain"": ""J"", ""terminal_cys_mutation_lock"": true}",True,True,0,True,-1,True,2,True,1,0,False,True,pass
Patch_A_L12_colabdesign_chunk_seed0020_n005_raw_0002,ColabDesign-cyclic-binder,Patch_A_L12_colabdesign_chunk_seed0020_n005,Patch_A,FGA_chain_36_866,CKVNDWTPIVYC,12,5.6329498291015625,results\raw_designs\colabdesign_outputs\Patch_A_L12_colabdesign_chunk_seed0020_n005\candidates.csv,"{""colabdesign_log"": {""con"": 0.0, ""exp_res"": 0.1293066143989563, ""hard"": 1.0, ""i_con"": 5.565924167633057, ""i_pae"": 0.8653498291969299, ""i_ptm"": 0.1259700208902359, ""loss"": 5.6329498291015625, ""models"": ""[0]"", ""pae"": 0.8525497913360596, ""plddt"": 0.3297429084777832, ""ptm"": 0.45164722204208374, ""recycles"": 0.0, ""seq_ent"": 32.55528259277344, ""soft"": 0.0, ""temp"": 1.0}, ""final_sequence_changed"": true, ""hotspot"": ""J31,J32,J33,J34,J35,J37,J199,J200,J202"", ""init_mode"": ""random"", ""init_seed_salt"": ""Patch_A_L12_colabdesign_chunk_seed0020_n005"", ""init_sequence"": ""CKMTHANLLNWC"", ""seed"": 21, ""status"": ""accepted_cys_cys_scheme_A"", ""target_chain"": ""J"", ""terminal_cys_mutation_lock"": true}",True,True,0,True,0,True,3,True,1,0,False,True,pass
Patch_A_L12_colabdesign_chunk_seed0030_n005_raw_0003,ColabDesign-cyclic-binder,Patch_A_L12_colabdesign_chunk_seed0030_n005,Patch_A,FGA_chain_36_866,CYYQNDNSIHVC,12,5.563785076141357,results\raw_designs\colabdesign_outputs\Patch_A_L12_colabdesign_chunk_seed0030_n005\candidates.csv,"{""colabdesign_log"": {""con"": 0.0, ""exp_res"": 0.23709970712661743, ""hard"": 1.0, ""i_con"": 5.495337009429932, ""i_pae"": 0.8560163974761963, ""i_ptm"": 0.13163363933563232, ""loss"": 5.563785076141357, ""models"": ""[0]"", ""pae"": 0.8490003347396851, ""plddt"": 0.31551939249038696, ""ptm"": 0.4540107250213623, ""recycles"": 0.0, ""seq_ent"": 32.55528259277344, ""soft"": 0.0, ""temp"": 1.0}, ""final_sequence_changed"": true, ""hotspot"": ""J31,J32,J33,J34,J35,J37,J199,J200,J202"", ""init_mode"": ""random"", ""init_seed_salt"": ""Patch_A_L12_colabdesign_chunk_seed0030_n005"", ""init_sequence"": ""CQNQMPYFMDVC"", ""seed"": 32, ""status"": ""accepted_cys_cys_scheme_A"", ""target_chain"": ""J"", ""terminal_cys_mutation_lock"": true}",True,True,0,True,-1,True,2,True,0,0,False,True,pass
Patch_A_L16_colabdesign_chunk_seed0070_n005_raw_0003,ColabDesign-cyclic-binder,Patch_A_L16_colabdesign_chunk_seed0070_n005,Patch_A,FGA_chain_36_866,CYNPVGEEWPIYYVQC,16,5.447219371795654,results\raw_designs\colabdesign_outputs\Patch_A_L16_colabdesign_chunk_seed0070_n005\candidates.csv,"{""colabdesign_log"": {""con"": 0.0, ""exp_res"": 0.14203517138957977, ""hard"": 1.0, ""i_con"": 5.379136085510254, ""i_pae"": 0.8732579350471497, ""i_ptm"": 0.13759982585906982, ""loss"": 5.447219371795654, ""models"": ""[0]"", ""pae"": 0.8408212661743164, ""plddt"": 0.31916534900665283, ""ptm"": 0.4442642629146576, ""recycles"": 0.0, ""seq_ent"": 43.40704345703125, ""soft"": 0.0, ""temp"": 1.0}, ""final_sequence_changed"": true, ""hotspot"": ""J31,J32,J33,J34,J35,J37,J199,J200,J202"", ""init_mode"": ""random"", ""init_seed_salt"": ""Patch_A_L16_colabdesign_chunk_seed0070_n005"", ""init_sequence"": ""CAVPIMVKWIVTYVVC"", ""seed"": 72, ""status"": ""accepted_cys_cys_scheme_A"", ""target_chain"": ""J"", ""terminal_cys_mutation_lock"": true}",True,True,0,True,-2,True,4,True,1,0,False,True,pass
Patch_A_L12_colabdesign_chunk_seed0035_n005_raw_0003,ColabDesign-cyclic-binder,Patch_A_L12_colabdesign_chunk_seed0035_n005,Patch_A,FGA_chain_36_866,CWQSYRDGTVIC,12,5.592060565948486,results\raw_designs\colabdesign_outputs\Patch_A_L12_colabdesign_chunk_seed0035_n005\candidates.csv,"{""colabdesign_log"": {""con"": 0.0, ""exp_res"": 0.12215303629636765, ""hard"": 1.0, ""i_con"": 5.528683185577393, ""i_pae"": 0.8635165095329285, ""i_ptm"": 0.1321890950202942, ""loss"": 5.592060565948486, ""models"": ""[0]"", ""pae"": 0.8525479435920715, ""plddt"": 0.36622440814971924, ""ptm"": 0.4518848955631256, ""recycles"": 0.0, ""seq_ent"": 32.55528259277344, ""soft"": 0.0, ""temp"": 1.0}, ""final_sequence_changed"": true, ""hotspot"": ""J31,J32,J33,J34,J35,J37,J199,J200,J202"", ""init_mode"": ""random"", ""init_seed_salt"": ""Patch_A_L12_colabdesign_chunk_seed0035_n005"", ""init_sequence"": ""CYDKFVTTTFLC"", ""seed"": 37, ""status"": ""accepted_cys_cys_scheme_A"", ""target_chain"": ""J"", ""terminal_cys_mutation_lock"": true}",True,True,0,True,0,True,2,True,1,0,False,True,pass
Patch_A_L18_colabdesign_chunk_seed0010_n005_raw_0005,ColabDesign-cyclic-binder,Patch_A_L18_colabdesign_chunk_seed0010_n005,Patch_A,FGA_chain_36_866,CVWYHPTDQQGDRQDYIC,18,5.493357658386231,results\raw_designs\colabdesign_outputs\Patch_A_L18_colabdesign_chunk_seed0010_n005\candidates.csv,"{""colabdesign_log"": {""con"": 4.191214084625244, ""exp_res"": 0.24378855526447296, ""hard"": 1.0, ""i_con"": 5.423991680145264, ""i_pae"": 0.872400164604187, ""i_ptm"": 0.12607312202453613, ""loss"": 5.4933576583862305, ""models"": ""[0]"", ""pae"": 0.840743362903595, ""plddt"": 0.30633991956710815, ""ptm"": 0.4455227255821228, ""recycles"": 0.0, ""seq_ent"": 48.832923889160156, ""soft"": 0.0, ""temp"": 1.0}, ""final_sequence_changed"": true, ""hotspot"": ""J31,J32,J33,J34,J35,J37,J199,J200,J202"", ""init_mode"": ""random"", ""init_seed_salt"": ""Patch_A_L18_colabdesign_chunk_seed0010_n005"", ""init_sequence"": ""CVQSGPFDLDPSRVDYLC"", ""seed"": 14, ""status"": ""accepted_cys_cys_scheme_A"", ""target_chain"": ""J"", ""terminal_cys_mutation_lock"": true}",True,True,0,True,-2,True,3,True,1,0,False,True,pass
Patch_A_L14_colabdesign_chunk_seed0050_n005_raw_0001,ColabDesign-cyclic-binder,Patch_A_L14_colabdesign_chunk_seed0050_n005,Patch_A,FGA_chain_36_866,CHYRPGHDYQVYVC,14,5.406078338623047,results\raw_designs\colabdesign_outputs\Patch_A_L14_colabdesign_chunk_seed0050_n005\candidates.csv,"{""colabdesign_log"": {""con"": 0.0, ""exp_res"": 0.13842278718948364, ""hard"": 1.0, ""i_con"": 5.339982509613037, ""i_pae"": 0.8521069288253784, ""i_ptm"": 0.12333790957927704, ""loss"": 5.406078338623047, ""models"": ""[0]"", ""pae"": 0.8446568250656128, ""plddt"": 0.33904170989990234, ""ptm"": 0.45046043395996094, ""recycles"": 0.0, ""seq_ent"": 37.981163024902344, ""soft"": 0.0, ""temp"": 1.0}, ""final_sequence_changed"": true, ""hotspot"": ""J31,J32,J33,J34,J35,J37,J199,J200,J202"", ""init_mode"": ""random"", ""init_seed_salt"": ""Patch_A_L14_colabdesign_chunk_seed0050_n005"", ""init_sequence"": ""CHWLVWVHYQVAVC"", ""seed"": 50, ""status"": ""accepted_cys_cys_scheme_A"", ""target_chain"": ""J"", ""terminal_cys_mutation_lock"": true}",True,True,0,True,0,True,3,True,0,0,False,True,pass
Patch_A_L14_colabdesign_chunk_seed0075_n005_raw_0005,ColabDesign-cyclic-binder,Patch_A_L14_colabdesign_chunk_seed0075_n005,Patch_A,FGA_chain_36_866,CHINRYPDNSYIYC,14,5.48954439163208,results\raw_designs\colabdesign_outputs\Patch_A_L14_colabdesign_chunk_seed0075_n005\candidates.csv,"{""colabdesign_log"": {""con"": 0.0, ""exp_res"": 0.1782265156507492, ""hard"": 1.0, ""i_con"": 5.420472145080566, ""i_pae"": 0.863722026348114, ""i_ptm"": 0.12143479287624359, ""loss"": 5.48954439163208, ""models"": ""[0]"", ""pae"": 0.8405543565750122, ""plddt"": 0.30927687883377075, ""ptm"": 0.45406103134155273, ""recycles"": 0.0, ""seq_ent"": 37.981163024902344, ""soft"": 0.0, ""temp"": 1.0}, ""final_sequence_changed"": true, ""hotspot"": ""J31,J32,J33,J34,J35,J37,J199,J200,J202"", ""init_mode"": ""random"", ""init_seed_salt"": ""Patch_A_L14_colabdesign_chunk_seed0075_n005"", ""init_sequence"": ""CHRNWYQHNSHISC"", ""seed"": 79, ""status"": ""accepted_cys_cys_scheme_A"", ""target_chain"": ""J"", ""terminal_cys_mutation_lock"": true}",True,True,0,True,0,True,3,True,0,0,False,True,pass
Patch_B_L12_colabdesign_chunk_seed0015_n005_raw_0005,ColabDesign-cyclic-binder,Patch_B_L12_colabdesign_chunk_seed0015_n005,Patch_B,FGA_chain_36_866,CPDNHTHVGMRC,12,4.075696468353272,results\raw_designs\colabdesign_outputs\Patch_B_L12_colabdesign_chunk_seed0015_n005\candidates.csv,"{""colabdesign_log"": {""con"": 0.0, ""exp_res"": 0.27319270372390747, ""hard"": 1.0, ""i_con"": 4.023083686828613, ""i_pae"": 0.5826191306114197, ""i_ptm"": 0.2520962953567505, ""loss"": 4.0756964683532715, ""models"": ""[0]"", ""pae"": 0.7656112909317017, ""plddt"": 0.4738699197769165, ""ptm"": 0.447426974773407, ""recycles"": 0.0, ""seq_ent"": 32.55528259277344, ""soft"": 0.0, ""temp"": 1.0}, ""final_sequence_changed"": true, ""hotspot"": ""A27,A30,A31,A32,A33,A34,A35,A37,A38,A43"", ""init_mode"": ""random"", ""init_seed_salt"": ""Patch_B_L12_colabdesign_chunk_seed0015_n005"", ""init_sequence"": ""CPSIPRVFGLRC"", ""seed"": 19, ""status"": ""accepted_cys_cys_scheme_A"", ""target_chain"": ""A"", ""terminal_cys_mutation_lock"": true}",True,True,0,True,0,True,1,True,0,1,False,True,pass
Patch_B_L12_colabdesign_chunk_seed0025_n005_raw_0004,ColabDesign-cyclic-binder,Patch_B_L12_colabdesign_chunk_seed0025_n005,Patch_B,FGA_chain_36_866,CRMRDGRPPNGC,12,4.146897792816162,results\raw_designs\colabdesign_outputs\Patch_B_L12_colabdesign_chunk_seed0025_n005\candidates.csv,"{""colabdesign_log"": {""con"": 0.0, ""exp_res"": 0.3243497908115387, ""hard"": 1.0, ""i_con"": 4.095069885253906, ""i_pae"": 0.5925425291061401, ""i_ptm"": 0.21673011779785156, ""loss"": 4.146897792816162, ""models"": ""[0]"", ""pae"": 0.7755098342895508, ""plddt"": 0.4817197322845459, ""ptm"": 0.4455225169658661, ""recycles"": 0.0, ""seq_ent"": 32.55528259277344, ""soft"": 0.0, ""temp"": 1.0}, ""final_sequence_changed"": true, ""hotspot"": ""A27,A30,A31,A32,A33,A34,A35,A37,A38,A43"", ""init_mode"": ""random"", ""init_seed_salt"": ""Patch_B_L12_colabdesign_chunk_seed0025_n005"", ""init_sequence"": ""CQMHHGEWPNAC"", ""seed"": 28, ""status"": ""accepted_cys_cys_scheme_A"", ""target_chain"": ""A"", ""terminal_cys_mutation_lock"": true}",True,True,0,True,2,True,1,True,0,1,False,True,pass
Patch_B_L12_colabdesign_chunk_seed0020_n005_raw_0005,ColabDesign-cyclic-binder,Patch_B_L12_colabdesign_chunk_seed0020_n005,Patch_B,FGA_chain_36_866,CWYPPDDPKYQC,12,4.33413553237915,results\raw_designs\colabdesign_outputs\Patch_B_L12_colabdesign_chunk_seed0020_n005\candidates.csv,"{""colabdesign_log"": {""con"": 0.0, ""exp_res"": 0.20164784789085388, ""hard"": 1.0, ""i_con"": 4.283738136291504, ""i_pae"": 0.6599698662757874, ""i_ptm"": 0.22123536467552185, ""loss"": 4.33413553237915, ""models"": ""[0]"", ""pae"": 0.7751821279525757, ""plddt"": 0.4960253834724426, ""ptm"": 0.4460705518722534, ""recycles"": 0.0, ""seq_ent"": 32.55528259277344, ""soft"": 0.0, ""temp"": 1.0}, ""final_sequence_changed"": true, ""hotspot"": ""A27,A30,A31,A32,A33,A34,A35,A37,A38,A43"", ""init_mode"": ""random"", ""init_seed_salt"": ""Patch_B_L12_colabdesign_chunk_seed0020_n005"", ""init_sequence"": ""CWRKGRHFIWMC"", ""seed"": 24, ""status"": ""accepted_cys_cys_scheme_A"", ""target_chain"": ""A"", ""terminal_cys_mutation_lock"": true}",True,True,0,True,-1,True,2,True,1,0,False,True,pass
Patch_A_L14_colabdesign_chunk_seed0020_n005_raw_0004,ColabDesign-cyclic-binder,Patch_A_L14_colabdesign_chunk_seed0020_n005,Patch_A,FGA_chain_36_866,CYFYYRPDNDHHLC,14,5.49479866027832,results\raw_designs\colabdesign_outputs\Patch_A_L14_colabdesign_chunk_seed0020_n005\candidates.csv,"{""colabdesign_log"": {""con"": 0.0, ""exp_res"": 0.18925125896930695, ""hard"": 1.0, ""i_con"": 5.42571496963501, ""i_pae"": 0.8573489189147949, ""i_ptm"": 0.1332164853811264, ""loss"": 5.49479866027832, ""models"": ""[0]"", ""pae"": 0.8345450162887573, ""plddt"": 0.30916130542755127, ""ptm"": 0.4494101405143738, ""recycles"": 0.0, ""seq_ent"": 37.981163024902344, ""soft"": 0.0, ""temp"": 1.0}, ""final_sequence_changed"": true, ""hotspot"": ""J31,J32,J33,J34,J35,J37,J199,J200,J202"", ""init_mode"": ""random"", ""init_seed_salt"": ""Patch_A_L14_colabdesign_chunk_seed0020_n005"", ""init_sequence"": ""CFLWQRSLSYRDLC"", ""seed"": 23, ""status"": ""accepted_cys_cys_scheme_A"", ""target_chain"": ""J"", ""terminal_cys_mutation_lock"": true}",True,True,0,True,-1,True,4,True,0,0,False,True,pass
Patch_A_L12_colabdesign_chunk_seed0035_n005_raw_0004,ColabDesign-cyclic-binder,Patch_A_L12_colabdesign_chunk_seed0035_n005,Patch_A,FGA_chain_36_866,CYTNQDQVYIYC,12,5.416098594665527,results\raw_designs\colabdesign_outputs\Patch_A_L12_colabdesign_chunk_seed0035_n005\candidates.csv,"{""colabdesign_log"": {""con"": 0.0, ""exp_res"": 0.1626397669315338, ""hard"": 1.0, ""i_con"": 5.348334789276123, ""i_pae"": 0.8594951033592224, ""i_ptm"": 0.13056904077529907, ""loss"": 5.416098594665527, ""models"": ""[0]"", ""pae"": 0.8385909795761108, ""plddt"": 0.3223625421524048, ""ptm"": 0.4496883451938629, ""recycles"": 0.0, ""seq_ent"": 32.55528259277344, ""soft"": 0.0, ""temp"": 1.0}, ""final_sequence_changed"": true, ""hotspot"": ""J31,J32,J33,J34,J35,J37,J199,J200,J202"", ""init_mode"": ""random"", ""init_seed_salt"": ""Patch_A_L12_colabdesign_chunk_seed0035_n005"", ""init_sequence"": ""CQRHDDLIQLAC"", ""seed"": 38, ""status"": ""accepted_cys_cys_scheme_A"", ""target_chain"": ""J"", ""terminal_cys_mutation_lock"": true}",True,True,0,True,-1,True,4,True,0,0,False,True,pass
Patch_A_L12_colabdesign_chunk_seed0075_n005_raw_0001,ColabDesign-cyclic-binder,Patch_A_L12_colabdesign_chunk_seed0075_n005,Patch_A,FGA_chain_36_866,CWHYLPRTYEMC,12,5.775089263916016,results\raw_designs\colabdesign_outputs\Patch_A_L12_colabdesign_chunk_seed0075_n005\candidates.csv,"{""colabdesign_log"": {""con"": 0.0, ""exp_res"": 0.18606668710708618, ""hard"": 1.0, ""i_con"": 5.70775842666626, ""i_pae"": 0.8617042303085327, ""i_ptm"": 0.12817853689193726, ""loss"": 5.775089263916016, ""models"": ""[0]"", ""pae"": 0.8443067073822021, ""plddt"": 0.3266914486885071, ""ptm"": 0.4533799886703491, ""recycles"": 0.0, ""seq_ent"": 32.55528259277344, ""soft"": 0.0, ""temp"": 1.0}, ""final_sequence_changed"": true, ""hotspot"": ""J31,J32,J33,J34,J35,J37,J199,J200,J202"", ""init_mode"": ""random"", ""init_seed_salt"": ""Patch_A_L12_colabdesign_chunk_seed0075_n005"", ""init_sequence"": ""CEHWMPIGYESC"", ""seed"": 75, ""status"": ""accepted_cys_cys_scheme_A"", ""target_chain"": ""J"", ""terminal_cys_mutation_lock"": true}",True,True,0,True,0,True,2,True,1,1,False,True,pass
Patch_A_L14_colabdesign_chunk_seed0065_n005_raw_0001,ColabDesign-cyclic-binder,Patch_A_L14_colabdesign_chunk_seed0065_n005,Patch_A,FGA_chain_36_866,CYKPNPVYISDYIC,14,5.65684986114502,results\raw_designs\colabdesign_outputs\Patch_A_L14_colabdesign_chunk_seed0065_n005\candidates.csv,"{""colabdesign_log"": {""con"": 0.0, ""exp_res"": 0.195404514670372, ""hard"": 1.0, ""i_con"": 5.586080074310303, ""i_pae"": 0.8733204007148743, ""i_ptm"": 0.13674084842205048, ""loss"": 5.6568498611450195, ""models"": ""[0]"", ""pae"": 0.8449384570121765, ""plddt"": 0.2923022508621216, ""ptm"": 0.4506412148475647, ""recycles"": 0.0, ""seq_ent"": 37.981163024902344, ""soft"": 0.0, ""temp"": 1.0}, ""final_sequence_changed"": true, ""hotspot"": ""J31,J32,J33,J34,J35,J37,J199,J200,J202"", ""init_mode"": ""random"", ""init_seed_salt"": ""Patch_A_L14_colabdesign_chunk_seed0065_n005"", ""init_sequence"": ""CIKSNLVYISDMIC"", ""seed"": 65, ""status"": ""accepted_cys_cys_scheme_A"", ""target_chain"": ""J"", ""terminal_cys_mutation_lock"": true}",True,True,0,True,0,True,3,True,0,0,False,True,pass
Patch_A_L14_colabdesign_chunk_seed0010_n005_raw_0002,ColabDesign-cyclic-binder,Patch_A_L14_colabdesign_chunk_seed0010_n005,Patch_A,FGA_chain_36_866,CPQNAPDYHVIWVC,14,5.510215759277344,results\raw_designs\colabdesign_outputs\Patch_A_L14_colabdesign_chunk_seed0010_n005\candidates.csv,"{""colabdesign_log"": {""con"": 0.0, ""exp_res"": 0.1751902550458908, ""hard"": 1.0, ""i_con"": 5.442162990570068, ""i_pae"": 0.8642602562904358, ""i_ptm"": 0.13479022681713104, ""loss"": 5.510215759277344, ""models"": ""[0]"", ""pae"": 0.8467347621917725, ""plddt"": 0.3194732069969177, ""ptm"": 0.44798946380615234, ""recycles"": 0.0, ""seq_ent"": 37.981163024902344, ""soft"": 0.0, ""temp"": 1.0}, ""final_sequence_changed"": true, ""hotspot"": ""J31,J32,J33,J34,J35,J37,J199,J200,J202"", ""init_mode"": ""random"", ""init_seed_salt"": ""Patch_A_L14_colabdesign_chunk_seed0010_n005"", ""init_sequence"": ""CAQDAPDHHSIGAC"", ""seed"": 11, ""status"": ""accepted_cys_cys_scheme_A"", ""target_chain"": ""J"", ""terminal_cys_mutation_lock"": true}",True,True,0,True,-1,True,4,True,1,0,False,True,pass
Patch_A_L12_colabdesign_chunk_seed0060_n005_raw_0003,ColabDesign-cyclic-binder,Patch_A_L12_colabdesign_chunk_seed0060_n005,Patch_A,FGA_chain_36_866,CYYYDDGWAIYC,12,5.454906940460205,results\raw_designs\colabdesign_outputs\Patch_A_L12_colabdesign_chunk_seed0060_n005\candidates.csv,"{""colabdesign_log"": {""con"": 0.0, ""exp_res"": 0.08688627183437347, ""hard"": 1.0, ""i_con"": 5.3860650062561035, ""i_pae"": 0.8515419960021973, ""i_ptm"": 0.12627600133419037, ""loss"": 5.454906940460205, ""models"": ""[0]"", ""pae"": 0.8401418328285217, ""plddt"": 0.31158286333084106, ""ptm"": 0.4511446952819824, ""recycles"": 0.0, ""seq_ent"": 32.55528259277344, ""soft"": 0.0, ""temp"": 1.0}, ""final_sequence_changed"": true, ""hotspot"": ""J31,J32,J33,J34,J35,J37,J199,J200,J202"", ""init_mode"": ""random"", ""init_seed_salt"": ""Patch_A_L12_colabdesign_chunk_seed0060_n005"", ""init_sequence"": ""CTKYAEGYAITC"", ""seed"": 62, ""status"": ""accepted_cys_cys_scheme_A"", ""target_chain"": ""J"", ""terminal_cys_mutation_lock"": true}",True,True,0,True,-2,True,4,True,1,0,False,True,pass
Patch_A_L14_colabdesign_chunk_seed0050_n005_raw_0002,ColabDesign-cyclic-binder,Patch_A_L14_colabdesign_chunk_seed0050_n005,Patch_A,FGA_chain_36_866,CIIHYYSHPNGNDC,14,5.385605335235596,results\raw_designs\colabdesign_outputs\Patch_A_L14_colabdesign_chunk_seed0050_n005\candidates.csv,"{""colabdesign_log"": {""con"": 0.0, ""exp_res"": 0.190766841173172, ""hard"": 1.0, ""i_con"": 5.3190598487854, ""i_pae"": 0.8592771887779236, ""i_ptm"": 0.13750527799129486, ""loss"": 5.385605335235596, ""models"": ""[0]"", ""pae"": 0.8398634195327759, ""plddt"": 0.33454346656799316, ""ptm"": 0.45267757773399353, ""recycles"": 0.0, ""seq_ent"": 37.981163024902344, ""soft"": 0.0, ""temp"": 1.0}, ""final_sequence_changed"": true, ""hotspot"": ""J31,J32,J33,J34,J35,J37,J199,J200,J202"", ""init_mode"": ""random"", ""init_seed_salt"": ""Patch_A_L14_colabdesign_chunk_seed0050_n005"", ""init_sequence"": ""CIIHAFMGMNTDKC"", ""seed"": 51, ""status"": ""accepted_cys_cys_scheme_A"", ""target_chain"": ""J"", ""terminal_cys_mutation_lock"": true}",True,True,0,True,-1,True,2,True,0,0,False,True,pass
Patch_A_L12_colabdesign_chunk_seed0010_n005_raw_0004,ColabDesign-cyclic-binder,Patch_A_L12_colabdesign_chunk_seed0010_n005,Patch_A,FGA_chain_36_866,CIWIDDNHPFHC,12,5.5194196701049805,results\raw_designs\colabdesign_outputs\Patch_A_L12_colabdesign_chunk_seed0010_n005\candidates.csv,"{""colabdesign_log"": {""con"": 0.0, ""exp_res"": 0.1554328203201294, ""hard"": 1.0, ""i_con"": 5.4539690017700195, ""i_pae"": 0.8529578447341919, ""i_ptm"": 0.1281360685825348, ""loss"": 5.5194196701049805, ""models"": ""[0]"", ""pae"": 0.8437153100967407, ""plddt"": 0.3454926013946533, ""ptm"": 0.45416510105133057, ""recycles"": 0.0, ""seq_ent"": 32.55528259277344, ""soft"": 0.0, ""temp"": 1.0}, ""final_sequence_changed"": true, ""hotspot"": ""J31,J32,J33,J34,J35,J37,J199,J200,J202"", ""init_mode"": ""random"", ""init_seed_salt"": ""Patch_A_L12_colabdesign_chunk_seed0010_n005"", ""init_sequence"": ""CIMIDMDVHFRC"", ""seed"": 13, ""status"": ""accepted_cys_cys_scheme_A"", ""target_chain"": ""J"", ""terminal_cys_mutation_lock"": true}",True,True,0,True,-2,True,3,True,1,0,False,True,pass
Patch_A_L12_colabdesign_chunk_seed0090_n005_raw_0004,ColabDesign-cyclic-binder,Patch_A_L12_colabdesign_chunk_seed0090_n005,Patch_A,FGA_chain_36_866,CHQDATYYIFPC,12,5.5778632164001465,results\raw_designs\colabdesign_outputs\Patch_A_L12_colabdesign_chunk_seed0090_n005\candidates.csv,"{""colabdesign_log"": {""con"": 0.0, ""exp_res"": 0.1720244586467743, ""hard"": 1.0, ""i_con"": 5.511277198791504, ""i_pae"": 0.8587517738342285, ""i_ptm"": 0.12096677720546722, ""loss"": 5.5778632164001465, ""models"": ""[0]"", ""pae"": 0.847533643245697, ""plddt"": 0.334139347076416, ""ptm"": 0.4509968161582947, ""recycles"": 0.0, ""seq_ent"": 32.55528259277344, ""soft"": 0.0, ""temp"": 1.0}, ""final_sequence_changed"": true, ""hotspot"": ""J31,J32,J33,J34,J35,J37,J199,J200,J202"", ""init_mode"": ""random"", ""init_seed_salt"": ""Patch_A_L12_colabdesign_chunk_seed0090_n005"", ""init_sequence"": ""CHLEVTWFIGPC"", ""seed"": 93, ""status"": ""accepted_cys_cys_scheme_A"", ""target_chain"": ""J"", ""terminal_cys_mutation_lock"": true}",True,True,0,True,-1,True,4,True,0,0,False,True,pass
Patch_A_L18_colabdesign_chunk_seed0080_n005_raw_0005,ColabDesign-cyclic-binder,Patch_A_L18_colabdesign_chunk_seed0080_n005,Patch_A,FGA_chain_36_866,CENAWQSTYAYGANEEQC,18,5.537384986877441,results\raw_designs\colabdesign_outputs\Patch_A_L18_colabdesign_chunk_seed0080_n005\candidates.csv,"{""colabdesign_log"": {""con"": 3.99725604057312, ""exp_res"": 0.23330815136432648, ""hard"": 1.0, ""i_con"": 5.483211040496826, ""i_pae"": 0.7018329501152039, ""i_ptm"": 0.29389888048171997, ""loss"": 5.537384986877441, ""models"": ""[0]"", ""pae"": 0.7447330951690674, ""plddt"": 0.4582582116127014, ""ptm"": 0.44169875979423523, ""recycles"": 0.0, ""seq_ent"": 48.832923889160156, ""soft"": 0.0, ""temp"": 1.0}, ""final_sequence_changed"": true, ""hotspot"": ""J31,J32,J33,J34,J35,J37,J199,J200,J202"", ""init_mode"": ""random"", ""init_seed_salt"": ""Patch_A_L18_colabdesign_chunk_seed0080_n005"", ""init_sequence"": ""CTFAEENNVAWGINEETC"", ""seed"": 84, ""status"": ""accepted_cys_cys_scheme_A"", ""target_chain"": ""J"", ""terminal_cys_mutation_lock"": true}",True,True,0,True,-3,True,3,True,1,0,False,True,pass
Patch_A_L12_colabdesign_chunk_seed0095_n005_raw_0005,ColabDesign-cyclic-binder,Patch_A_L12_colabdesign_chunk_seed0095_n005,Patch_A,FGA_chain_36_866,CAVVGTDHYYYC,12,5.613912105560303,results\raw_designs\colabdesign_outputs\Patch_A_L12_colabdesign_chunk_seed0095_n005\candidates.csv,"{""colabdesign_log"": {""con"": 0.0, ""exp_res"": 0.09445314109325409, ""hard"": 1.0, ""i_con"": 5.544256687164307, ""i_pae"": 0.8540094494819641, ""i_ptm"": 0.13049611449241638, ""loss"": 5.613912105560303, ""models"": ""[0]"", ""pae"": 0.8449380993843079, ""plddt"": 0.3034456968307495, ""ptm"": 0.4515855312347412, ""recycles"": 0.0, ""seq_ent"": 32.55528259277344, ""soft"": 0.0, ""temp"": 1.0}, ""final_sequence_changed"": true, ""hotspot"": ""J31,J32,J33,J34,J35,J37,J199,J200,J202"", ""init_mode"": ""random"", ""init_seed_salt"": ""Patch_A_L12_colabdesign_chunk_seed0095_n005"", ""init_sequence"": ""CLAGKYPHVERC"", ""seed"": 99, ""status"": ""accepted_cys_cys_scheme_A"", ""target_chain"": ""J"", ""terminal_cys_mutation_lock"": true}",True,True,0,True,-1,True,3,True,0,0,False,True,pass
Patch_A_L12_colabdesign_chunk_seed0045_n005_raw_0002,ColabDesign-cyclic-binder,Patch_A_L12_colabdesign_chunk_seed0045_n005,Patch_A,FGA_chain_36_866,CYFKDYNSIPVC,12,5.6495232582092285,results\raw_designs\colabdesign_outputs\Patch_A_L12_colabdesign_chunk_seed0045_n005\candidates.csv,"{""colabdesign_log"": {""con"": 0.0, ""exp_res"": 0.1988651156425476, ""hard"": 1.0, ""i_con"": 5.582727909088135, ""i_pae"": 0.8594489097595215, ""i_ptm"": 0.13209983706474304, ""loss"": 5.6495232582092285, ""models"": ""[0]"", ""pae"": 0.8450631499290466, ""plddt"": 0.33204567432403564, ""ptm"": 0.4525061249732971, ""recycles"": 0.0, ""seq_ent"": 32.55528259277344, ""soft"": 0.0, ""temp"": 1.0}, ""final_sequence_changed"": true, ""hotspot"": ""J31,J32,J33,J34,J35,J37,J199,J200,J202"", ""init_mode"": ""random"", ""init_seed_salt"": ""Patch_A_L12_colabdesign_chunk_seed0045_n005"", ""init_sequence"": ""CRSESYYGLSRC"", ""seed"": 46, ""status"": ""accepted_cys_cys_scheme_A"", ""target_chain"": ""J"", ""terminal_cys_mutation_lock"": true}",True,True,0,True,0,True,2,True,0,0,False,True,pass
Patch_A_L16_colabdesign_chunk_seed0000_n005_raw_0005,ColabDesign-cyclic-binder,Patch_A_L16_colabdesign_chunk_seed0000_n005,Patch_A,FGA_chain_36_866,CFKQEYPGGGITYYYC,16,5.422794818878174,results\raw_designs\colabdesign_outputs\Patch_A_L16_colabdesign_chunk_seed0000_n005\candidates.csv,"{""colabdesign_log"": {""con"": 0.0, ""exp_res"": 0.15079887211322784, ""hard"": 1.0, ""i_con"": 5.359696865081787, ""i_pae"": 0.8589578866958618, ""i_ptm"": 0.11446066945791245, ""loss"": 5.422794818878174, ""models"": ""[0]"", ""pae"": 0.8451434969902039, ""plddt"": 0.36902278661727905, ""ptm"": 0.43947088718414307, ""recycles"": 0.0, ""seq_ent"": 43.40704345703125, ""soft"": 0.0, ""temp"": 1.0}, ""final_sequence_changed"": true, ""hotspot"": ""J31,J32,J33,J34,J35,J37,J199,J200,J202"", ""init_mode"": ""random"", ""init_seed_salt"": ""Patch_A_L16_colabdesign_chunk_seed0000_n005"", ""init_sequence"": ""CKQTHGNGKEMKWAFC"", ""seed"": 4, ""status"": ""accepted_cys_cys_scheme_A"", ""target_chain"": ""J"", ""terminal_cys_mutation_lock"": true}",True,True,0,True,0,True,3,True,0,0,False,True,pass
Patch_A_L14_colabdesign_chunk_seed0030_n005_raw_0003,ColabDesign-cyclic-binder,Patch_A_L14_colabdesign_chunk_seed0030_n005,Patch_A,FGA_chain_36_866,CAIGYHYVVDDSYC,14,5.480847358703613,results\raw_designs\colabdesign_outputs\Patch_A_L14_colabdesign_chunk_seed0030_n005\candidates.csv,"{""colabdesign_log"": {""con"": 0.0, ""exp_res"": 0.11770950257778168, ""hard"": 1.0, ""i_con"": 5.414323806762695, ""i_pae"": 0.8605592846870422, ""i_ptm"": 0.13944360613822937, ""loss"": 5.480847358703613, ""models"": ""[0]"", ""pae"": 0.8414402604103088, ""plddt"": 0.33476412296295166, ""ptm"": 0.45261237025260925, ""recycles"": 0.0, ""seq_ent"": 37.981163024902344, ""soft"": 0.0, ""temp"": 1.0}, ""final_sequence_changed"": true, ""hotspot"": ""J31,J32,J33,J34,J35,J37,J199,J200,J202"", ""init_mode"": ""random"", ""init_seed_salt"": ""Patch_A_L14_colabdesign_chunk_seed0030_n005"", ""init_sequence"": ""CQIGFKFIVSKSFC"", ""seed"": 32, ""status"": ""accepted_cys_cys_scheme_A"", ""target_chain"": ""J"", ""terminal_cys_mutation_lock"": true}",True,True,0,True,-2,True,3,True,0,0,False,True,pass
Patch_A_L12_colabdesign_chunk_seed0070_n005_raw_0005,ColabDesign-cyclic-binder,Patch_A_L12_colabdesign_chunk_seed0070_n005,Patch_A,FGA_chain_36_866,CPHYIDGKHVLC,12,5.665529727935791,results\raw_designs\colabdesign_outputs\Patch_A_L12_colabdesign_chunk_seed0070_n005\candidates.csv,"{""colabdesign_log"": {""con"": 0.0, ""exp_res"": 0.16906802356243134, ""hard"": 1.0, ""i_con"": 5.601321697235107, ""i_pae"": 0.8568087816238403, ""i_ptm"": 0.14214351773262024, ""loss"": 5.665529727935791, ""models"": ""[0]"", ""pae"": 0.8467028141021729, ""plddt"": 0.35791993141174316, ""ptm"": 0.45415282249450684, ""recycles"": 0.0, ""seq_ent"": 32.55528259277344, ""soft"": 0.0, ""temp"": 1.0}, ""final_sequence_changed"": true, ""hotspot"": ""J31,J32,J33,J34,J35,J37,J199,J200,J202"", ""init_mode"": ""random"", ""init_seed_salt"": ""Patch_A_L12_colabdesign_chunk_seed0070_n005"", ""init_sequence"": ""CPHSLDSFRRQC"", ""seed"": 74, ""status"": ""accepted_cys_cys_scheme_A"", ""target_chain"": ""J"", ""terminal_cys_mutation_lock"": true}",True,True,0,True,0,True,2,True,0,0,False,True,pass
Patch_A_L12_colabdesign_chunk_seed0055_n005_raw_0001,ColabDesign-cyclic-binder,Patch_A_L12_colabdesign_chunk_seed0055_n005,Patch_A,FGA_chain_36_866,CYQNPDYVIYTC,12,5.443892478942871,results\raw_designs\colabdesign_outputs\Patch_A_L12_colabdesign_chunk_seed0055_n005\candidates.csv,"{""colabdesign_log"": {""con"": 0.0, ""exp_res"": 0.13513299822807312, ""hard"": 1.0, ""i_con"": 5.377073287963867, ""i_pae"": 0.8582783341407776, ""i_ptm"": 0.13180537521839142, ""loss"": 5.443892478942871, ""models"": ""[0]"", ""pae"": 0.8430300951004028, ""plddt"": 0.3318063020706177, ""ptm"": 0.4511866569519043, ""recycles"": 0.0, ""seq_ent"": 32.55528259277344, ""soft"": 0.0, ""temp"": 1.0}, ""final_sequence_changed"": true, ""hotspot"": ""J31,J32,J33,J34,J35,J37,J199,J200,J202"", ""init_mode"": ""random"", ""init_seed_salt"": ""Patch_A_L12_colabdesign_chunk_seed0055_n005"", ""init_sequence"": ""CRESQMFLLPKC"", ""seed"": 55, ""status"": ""accepted_cys_cys_scheme_A"", ""target_chain"": ""J"", ""terminal_cys_mutation_lock"": true}",True,True,0,True,-1,True,4,True,0,0,False,True,pass
